/home/xbotics-mumu/miniconda3/envs/TTZS/lib/python3.10/site-packages/paddle/utils/cpp_extension/extension_utils.py:718: UserWarning: No ccache found. Please be aware that recompiling all source files may be required. You can download and install ccache from: https://github.com/ccache/ccache/blob/master/doc/INSTALL.md
  warnings.warn(warning_message)
[12-16 09:56:16 MainThread @logger.py:242] Argv: train_matrix.py --game_type rock_paper_scissors --seed 0
/home/xbotics-mumu/zljworkspace/PARL/parl/remote/utils.py:20: UserWarning: pkg_resources is deprecated as an API. See https://setuptools.pypa.io/en/latest/pkg_resources.html. The pkg_resources package is slated for removal as early as 2025-11-30. Refrain from using this package or pin to Setuptools<81.
  import pkg_resources
/home/xbotics-mumu/zljworkspace/PARL/parl/remote/worker.py:29: FutureWarning: The pynvml package is deprecated. Please install nvidia-ml-py instead. If you did not install pynvml directly, please report this to the maintainers of the package that installed pynvml for you.
  import pynvml

=== Two-Team Matrix Game Initialized ===
  Team 1: 3 agents
  Team 2: 3 agents
  Actions per agent: 3
  Game type: rock_paper_scissors
  True Nash value: -0.0000
  Team 1 Nash strategy: [0.33333333 0.33333333 0.33333333]
  Team 2 Nash strategy: [0.33333333 0.33333333 0.33333333]
[12-16 09:56:16 MainThread @decentralized_fqi_matrix.py:333] Consensus matrix is doubly stochastic: True
[12-16 09:56:16 MainThread @train_matrix.py:265] 
============================================================
[12-16 09:56:16 MainThread @train_matrix.py:266] Matrix Game FQI Training
[12-16 09:56:16 MainThread @train_matrix.py:267] ============================================================
[12-16 09:56:16 MainThread @train_matrix.py:268] Game type: rock_paper_scissors
[12-16 09:56:16 MainThread @train_matrix.py:269] True Nash equilibrium:
[12-16 09:56:16 MainThread @train_matrix.py:270]   Team 1 strategy: [0.33333333 0.33333333 0.33333333]
[12-16 09:56:16 MainThread @train_matrix.py:271]   Team 2 strategy: [0.33333333 0.33333333 0.33333333]
[12-16 09:56:16 MainThread @train_matrix.py:272]   Nash value: -0.0000
[12-16 09:56:16 MainThread @train_matrix.py:273] Save directory: ./matrix_models/train_20251216_095616

[12-16 09:56:16 MainThread @train_matrix.py:84] 
=== Collecting random trajectory data ===
[12-16 09:56:16 MainThread @train_matrix.py:85]   Episodes: 1000
[12-16 09:56:16 MainThread @train_matrix.py:86]   Expected samples: 1000 (single-step game)
[12-16 09:56:16 MainThread @train_matrix.py:113] Collected 100/1000 samples
[12-16 09:56:16 MainThread @train_matrix.py:113] Collected 200/1000 samples
[12-16 09:56:16 MainThread @train_matrix.py:113] Collected 300/1000 samples
[12-16 09:56:16 MainThread @train_matrix.py:113] Collected 400/1000 samples
[12-16 09:56:16 MainThread @train_matrix.py:113] Collected 500/1000 samples
[12-16 09:56:16 MainThread @train_matrix.py:113] Collected 600/1000 samples
[12-16 09:56:16 MainThread @train_matrix.py:113] Collected 700/1000 samples
[12-16 09:56:16 MainThread @train_matrix.py:113] Collected 800/1000 samples
[12-16 09:56:16 MainThread @train_matrix.py:113] Collected 900/1000 samples
[12-16 09:56:16 MainThread @train_matrix.py:113] Collected 1000/1000 samples
[12-16 09:56:16 MainThread @train_matrix.py:115] Collection finished: Buffer size=1000
[12-16 09:56:16 MainThread @train_matrix.py:280] 
============================================================
[12-16 09:56:16 MainThread @train_matrix.py:281] Starting FQI Training (100 iterations)
[12-16 09:56:16 MainThread @train_matrix.py:282] ============================================================

[12-16 09:56:16 MainThread @decentralized_fqi_matrix.py:369] 
=== Fitted Q-Iteration 1/100 ===
[12-16 09:56:16 MainThread @decentralized_fqi_matrix.py:379] Computing targets for agent 1/6...
[12-16 09:56:16 MainThread @decentralized_fqi_matrix.py:453]   Agent 1 progress: 10% (100/1000)
[12-16 09:56:16 MainThread @decentralized_fqi_matrix.py:453]   Agent 1 progress: 20% (200/1000)
[12-16 09:56:16 MainThread @decentralized_fqi_matrix.py:453]   Agent 1 progress: 30% (300/1000)
[12-16 09:56:16 MainThread @decentralized_fqi_matrix.py:453]   Agent 1 progress: 40% (400/1000)
[12-16 09:56:16 MainThread @decentralized_fqi_matrix.py:453]   Agent 1 progress: 50% (500/1000)
[12-16 09:56:16 MainThread @decentralized_fqi_matrix.py:453]   Agent 1 progress: 60% (600/1000)
[12-16 09:56:16 MainThread @decentralized_fqi_matrix.py:453]   Agent 1 progress: 70% (700/1000)
[12-16 09:56:16 MainThread @decentralized_fqi_matrix.py:453]   Agent 1 progress: 80% (800/1000)
[12-16 09:56:16 MainThread @decentralized_fqi_matrix.py:453]   Agent 1 progress: 90% (900/1000)
[12-16 09:56:16 MainThread @decentralized_fqi_matrix.py:486]   Agent 1 completed: avg Nash time=0.00ms
[12-16 09:56:16 MainThread @decentralized_fqi_matrix.py:379] Computing targets for agent 2/6...
[12-16 09:56:16 MainThread @decentralized_fqi_matrix.py:453]   Agent 2 progress: 10% (100/1000)
[12-16 09:56:16 MainThread @decentralized_fqi_matrix.py:453]   Agent 2 progress: 20% (200/1000)
[12-16 09:56:16 MainThread @decentralized_fqi_matrix.py:453]   Agent 2 progress: 30% (300/1000)
[12-16 09:56:16 MainThread @decentralized_fqi_matrix.py:453]   Agent 2 progress: 40% (400/1000)
[12-16 09:56:16 MainThread @decentralized_fqi_matrix.py:453]   Agent 2 progress: 50% (500/1000)
[12-16 09:56:16 MainThread @decentralized_fqi_matrix.py:453]   Agent 2 progress: 60% (600/1000)
[12-16 09:56:16 MainThread @decentralized_fqi_matrix.py:453]   Agent 2 progress: 70% (700/1000)
[12-16 09:56:16 MainThread @decentralized_fqi_matrix.py:453]   Agent 2 progress: 80% (800/1000)
[12-16 09:56:16 MainThread @decentralized_fqi_matrix.py:453]   Agent 2 progress: 90% (900/1000)
[12-16 09:56:16 MainThread @decentralized_fqi_matrix.py:486]   Agent 2 completed: avg Nash time=0.00ms
[12-16 09:56:16 MainThread @decentralized_fqi_matrix.py:379] Computing targets for agent 3/6...
[12-16 09:56:16 MainThread @decentralized_fqi_matrix.py:453]   Agent 3 progress: 10% (100/1000)
[12-16 09:56:16 MainThread @decentralized_fqi_matrix.py:453]   Agent 3 progress: 20% (200/1000)
[12-16 09:56:16 MainThread @decentralized_fqi_matrix.py:453]   Agent 3 progress: 30% (300/1000)
[12-16 09:56:16 MainThread @decentralized_fqi_matrix.py:453]   Agent 3 progress: 40% (400/1000)
[12-16 09:56:16 MainThread @decentralized_fqi_matrix.py:453]   Agent 3 progress: 50% (500/1000)
[12-16 09:56:16 MainThread @decentralized_fqi_matrix.py:453]   Agent 3 progress: 60% (600/1000)
[12-16 09:56:16 MainThread @decentralized_fqi_matrix.py:453]   Agent 3 progress: 70% (700/1000)
[12-16 09:56:16 MainThread @decentralized_fqi_matrix.py:453]   Agent 3 progress: 80% (800/1000)
[12-16 09:56:16 MainThread @decentralized_fqi_matrix.py:453]   Agent 3 progress: 90% (900/1000)
[12-16 09:56:16 MainThread @decentralized_fqi_matrix.py:486]   Agent 3 completed: avg Nash time=0.00ms
[12-16 09:56:16 MainThread @decentralized_fqi_matrix.py:379] Computing targets for agent 4/6...
[12-16 09:56:16 MainThread @decentralized_fqi_matrix.py:453]   Agent 4 progress: 10% (100/1000)
[12-16 09:56:16 MainThread @decentralized_fqi_matrix.py:453]   Agent 4 progress: 20% (200/1000)
[12-16 09:56:16 MainThread @decentralized_fqi_matrix.py:453]   Agent 4 progress: 30% (300/1000)
[12-16 09:56:16 MainThread @decentralized_fqi_matrix.py:453]   Agent 4 progress: 40% (400/1000)
[12-16 09:56:16 MainThread @decentralized_fqi_matrix.py:453]   Agent 4 progress: 50% (500/1000)
[12-16 09:56:16 MainThread @decentralized_fqi_matrix.py:453]   Agent 4 progress: 60% (600/1000)
[12-16 09:56:16 MainThread @decentralized_fqi_matrix.py:453]   Agent 4 progress: 70% (700/1000)
[12-16 09:56:16 MainThread @decentralized_fqi_matrix.py:453]   Agent 4 progress: 80% (800/1000)
[12-16 09:56:16 MainThread @decentralized_fqi_matrix.py:453]   Agent 4 progress: 90% (900/1000)
[12-16 09:56:16 MainThread @decentralized_fqi_matrix.py:486]   Agent 4 completed: avg Nash time=0.00ms
[12-16 09:56:16 MainThread @decentralized_fqi_matrix.py:379] Computing targets for agent 5/6...
[12-16 09:56:16 MainThread @decentralized_fqi_matrix.py:453]   Agent 5 progress: 10% (100/1000)
[12-16 09:56:16 MainThread @decentralized_fqi_matrix.py:453]   Agent 5 progress: 20% (200/1000)
[12-16 09:56:16 MainThread @decentralized_fqi_matrix.py:453]   Agent 5 progress: 30% (300/1000)
[12-16 09:56:16 MainThread @decentralized_fqi_matrix.py:453]   Agent 5 progress: 40% (400/1000)
[12-16 09:56:16 MainThread @decentralized_fqi_matrix.py:453]   Agent 5 progress: 50% (500/1000)
[12-16 09:56:16 MainThread @decentralized_fqi_matrix.py:453]   Agent 5 progress: 60% (600/1000)
[12-16 09:56:16 MainThread @decentralized_fqi_matrix.py:453]   Agent 5 progress: 70% (700/1000)
[12-16 09:56:16 MainThread @decentralized_fqi_matrix.py:453]   Agent 5 progress: 80% (800/1000)
[12-16 09:56:16 MainThread @decentralized_fqi_matrix.py:453]   Agent 5 progress: 90% (900/1000)
[12-16 09:56:16 MainThread @decentralized_fqi_matrix.py:486]   Agent 5 completed: avg Nash time=0.00ms
[12-16 09:56:16 MainThread @decentralized_fqi_matrix.py:379] Computing targets for agent 6/6...
[12-16 09:56:16 MainThread @decentralized_fqi_matrix.py:453]   Agent 6 progress: 10% (100/1000)
[12-16 09:56:16 MainThread @decentralized_fqi_matrix.py:453]   Agent 6 progress: 20% (200/1000)
[12-16 09:56:16 MainThread @decentralized_fqi_matrix.py:453]   Agent 6 progress: 30% (300/1000)
[12-16 09:56:16 MainThread @decentralized_fqi_matrix.py:453]   Agent 6 progress: 40% (400/1000)
[12-16 09:56:16 MainThread @decentralized_fqi_matrix.py:453]   Agent 6 progress: 50% (500/1000)
[12-16 09:56:16 MainThread @decentralized_fqi_matrix.py:453]   Agent 6 progress: 60% (600/1000)
[12-16 09:56:16 MainThread @decentralized_fqi_matrix.py:453]   Agent 6 progress: 70% (700/1000)
[12-16 09:56:16 MainThread @decentralized_fqi_matrix.py:453]   Agent 6 progress: 80% (800/1000)
[12-16 09:56:16 MainThread @decentralized_fqi_matrix.py:453]   Agent 6 progress: 90% (900/1000)
[12-16 09:56:16 MainThread @decentralized_fqi_matrix.py:486]   Agent 6 completed: avg Nash time=0.00ms
[12-16 09:56:16 MainThread @decentralized_fqi_matrix.py:389] Mean Nash solving time: 0.0000s
[12-16 09:56:16 MainThread @decentralized_fqi_matrix.py:393] Nash cache: 0.0% hit rate (0 hits, 0 misses, 0 cached)
[12-16 09:56:16 MainThread @decentralized_fqi_matrix.py:398] Solving (4) by DIGing decentralized optimization...
[12-16 09:56:18 MainThread @decentralized_fqi_matrix.py:417] Iteration 1 completed: loss=0.4918, td_error=0.5064, consensus_error=0.000418
[12-16 09:56:18 MainThread @decentralized_fqi_matrix.py:369] 
=== Fitted Q-Iteration 2/100 ===
[12-16 09:56:18 MainThread @decentralized_fqi_matrix.py:379] Computing targets for agent 1/6...
[12-16 09:56:18 MainThread @decentralized_fqi_matrix.py:453]   Agent 1 progress: 10% (100/1000)
[12-16 09:56:18 MainThread @decentralized_fqi_matrix.py:453]   Agent 1 progress: 20% (200/1000)
[12-16 09:56:18 MainThread @decentralized_fqi_matrix.py:453]   Agent 1 progress: 30% (300/1000)
[12-16 09:56:18 MainThread @decentralized_fqi_matrix.py:453]   Agent 1 progress: 40% (400/1000)
[12-16 09:56:18 MainThread @decentralized_fqi_matrix.py:453]   Agent 1 progress: 50% (500/1000)
[12-16 09:56:18 MainThread @decentralized_fqi_matrix.py:453]   Agent 1 progress: 60% (600/1000)
[12-16 09:56:18 MainThread @decentralized_fqi_matrix.py:453]   Agent 1 progress: 70% (700/1000)
[12-16 09:56:18 MainThread @decentralized_fqi_matrix.py:453]   Agent 1 progress: 80% (800/1000)
[12-16 09:56:18 MainThread @decentralized_fqi_matrix.py:453]   Agent 1 progress: 90% (900/1000)
[12-16 09:56:18 MainThread @decentralized_fqi_matrix.py:486]   Agent 1 completed: avg Nash time=0.00ms
[12-16 09:56:18 MainThread @decentralized_fqi_matrix.py:379] Computing targets for agent 2/6...
[12-16 09:56:18 MainThread @decentralized_fqi_matrix.py:453]   Agent 2 progress: 10% (100/1000)
[12-16 09:56:18 MainThread @decentralized_fqi_matrix.py:453]   Agent 2 progress: 20% (200/1000)
[12-16 09:56:18 MainThread @decentralized_fqi_matrix.py:453]   Agent 2 progress: 30% (300/1000)
[12-16 09:56:18 MainThread @decentralized_fqi_matrix.py:453]   Agent 2 progress: 40% (400/1000)
[12-16 09:56:18 MainThread @decentralized_fqi_matrix.py:453]   Agent 2 progress: 50% (500/1000)
[12-16 09:56:18 MainThread @decentralized_fqi_matrix.py:453]   Agent 2 progress: 60% (600/1000)
[12-16 09:56:18 MainThread @decentralized_fqi_matrix.py:453]   Agent 2 progress: 70% (700/1000)
[12-16 09:56:18 MainThread @decentralized_fqi_matrix.py:453]   Agent 2 progress: 80% (800/1000)
[12-16 09:56:18 MainThread @decentralized_fqi_matrix.py:453]   Agent 2 progress: 90% (900/1000)
[12-16 09:56:18 MainThread @decentralized_fqi_matrix.py:486]   Agent 2 completed: avg Nash time=0.00ms
[12-16 09:56:18 MainThread @decentralized_fqi_matrix.py:379] Computing targets for agent 3/6...
[12-16 09:56:18 MainThread @decentralized_fqi_matrix.py:453]   Agent 3 progress: 10% (100/1000)
[12-16 09:56:18 MainThread @decentralized_fqi_matrix.py:453]   Agent 3 progress: 20% (200/1000)
[12-16 09:56:18 MainThread @decentralized_fqi_matrix.py:453]   Agent 3 progress: 30% (300/1000)
[12-16 09:56:18 MainThread @decentralized_fqi_matrix.py:453]   Agent 3 progress: 40% (400/1000)
[12-16 09:56:18 MainThread @decentralized_fqi_matrix.py:453]   Agent 3 progress: 50% (500/1000)
[12-16 09:56:18 MainThread @decentralized_fqi_matrix.py:453]   Agent 3 progress: 60% (600/1000)
[12-16 09:56:18 MainThread @decentralized_fqi_matrix.py:453]   Agent 3 progress: 70% (700/1000)
[12-16 09:56:18 MainThread @decentralized_fqi_matrix.py:453]   Agent 3 progress: 80% (800/1000)
[12-16 09:56:18 MainThread @decentralized_fqi_matrix.py:453]   Agent 3 progress: 90% (900/1000)
[12-16 09:56:18 MainThread @decentralized_fqi_matrix.py:486]   Agent 3 completed: avg Nash time=0.00ms
[12-16 09:56:18 MainThread @decentralized_fqi_matrix.py:379] Computing targets for agent 4/6...
[12-16 09:56:18 MainThread @decentralized_fqi_matrix.py:453]   Agent 4 progress: 10% (100/1000)
[12-16 09:56:18 MainThread @decentralized_fqi_matrix.py:453]   Agent 4 progress: 20% (200/1000)
[12-16 09:56:18 MainThread @decentralized_fqi_matrix.py:453]   Agent 4 progress: 30% (300/1000)
[12-16 09:56:18 MainThread @decentralized_fqi_matrix.py:453]   Agent 4 progress: 40% (400/1000)
[12-16 09:56:18 MainThread @decentralized_fqi_matrix.py:453]   Agent 4 progress: 50% (500/1000)
[12-16 09:56:18 MainThread @decentralized_fqi_matrix.py:453]   Agent 4 progress: 60% (600/1000)
[12-16 09:56:18 MainThread @decentralized_fqi_matrix.py:453]   Agent 4 progress: 70% (700/1000)
[12-16 09:56:18 MainThread @decentralized_fqi_matrix.py:453]   Agent 4 progress: 80% (800/1000)
[12-16 09:56:18 MainThread @decentralized_fqi_matrix.py:453]   Agent 4 progress: 90% (900/1000)
[12-16 09:56:18 MainThread @decentralized_fqi_matrix.py:486]   Agent 4 completed: avg Nash time=0.00ms
[12-16 09:56:18 MainThread @decentralized_fqi_matrix.py:379] Computing targets for agent 5/6...
[12-16 09:56:18 MainThread @decentralized_fqi_matrix.py:453]   Agent 5 progress: 10% (100/1000)
[12-16 09:56:18 MainThread @decentralized_fqi_matrix.py:453]   Agent 5 progress: 20% (200/1000)
[12-16 09:56:18 MainThread @decentralized_fqi_matrix.py:453]   Agent 5 progress: 30% (300/1000)
[12-16 09:56:18 MainThread @decentralized_fqi_matrix.py:453]   Agent 5 progress: 40% (400/1000)
[12-16 09:56:18 MainThread @decentralized_fqi_matrix.py:453]   Agent 5 progress: 50% (500/1000)
[12-16 09:56:18 MainThread @decentralized_fqi_matrix.py:453]   Agent 5 progress: 60% (600/1000)
[12-16 09:56:18 MainThread @decentralized_fqi_matrix.py:453]   Agent 5 progress: 70% (700/1000)
[12-16 09:56:18 MainThread @decentralized_fqi_matrix.py:453]   Agent 5 progress: 80% (800/1000)
[12-16 09:56:18 MainThread @decentralized_fqi_matrix.py:453]   Agent 5 progress: 90% (900/1000)
[12-16 09:56:18 MainThread @decentralized_fqi_matrix.py:486]   Agent 5 completed: avg Nash time=0.00ms
[12-16 09:56:18 MainThread @decentralized_fqi_matrix.py:379] Computing targets for agent 6/6...
[12-16 09:56:18 MainThread @decentralized_fqi_matrix.py:453]   Agent 6 progress: 10% (100/1000)
[12-16 09:56:18 MainThread @decentralized_fqi_matrix.py:453]   Agent 6 progress: 20% (200/1000)
[12-16 09:56:18 MainThread @decentralized_fqi_matrix.py:453]   Agent 6 progress: 30% (300/1000)
[12-16 09:56:18 MainThread @decentralized_fqi_matrix.py:453]   Agent 6 progress: 40% (400/1000)
[12-16 09:56:18 MainThread @decentralized_fqi_matrix.py:453]   Agent 6 progress: 50% (500/1000)
[12-16 09:56:18 MainThread @decentralized_fqi_matrix.py:453]   Agent 6 progress: 60% (600/1000)
[12-16 09:56:18 MainThread @decentralized_fqi_matrix.py:453]   Agent 6 progress: 70% (700/1000)
[12-16 09:56:18 MainThread @decentralized_fqi_matrix.py:453]   Agent 6 progress: 80% (800/1000)
[12-16 09:56:18 MainThread @decentralized_fqi_matrix.py:453]   Agent 6 progress: 90% (900/1000)
[12-16 09:56:18 MainThread @decentralized_fqi_matrix.py:486]   Agent 6 completed: avg Nash time=0.00ms
[12-16 09:56:18 MainThread @decentralized_fqi_matrix.py:389] Mean Nash solving time: 0.0000s
[12-16 09:56:18 MainThread @decentralized_fqi_matrix.py:393] Nash cache: 0.0% hit rate (0 hits, 0 misses, 0 cached)
[12-16 09:56:18 MainThread @decentralized_fqi_matrix.py:398] Solving (4) by DIGing decentralized optimization...
[12-16 09:56:20 MainThread @decentralized_fqi_matrix.py:417] Iteration 2 completed: loss=0.4907, td_error=0.5088, consensus_error=0.000115
[12-16 09:56:20 MainThread @decentralized_fqi_matrix.py:369] 
=== Fitted Q-Iteration 3/100 ===
[12-16 09:56:20 MainThread @decentralized_fqi_matrix.py:379] Computing targets for agent 1/6...
[12-16 09:56:20 MainThread @decentralized_fqi_matrix.py:453]   Agent 1 progress: 10% (100/1000)
[12-16 09:56:20 MainThread @decentralized_fqi_matrix.py:453]   Agent 1 progress: 20% (200/1000)
[12-16 09:56:20 MainThread @decentralized_fqi_matrix.py:453]   Agent 1 progress: 30% (300/1000)
[12-16 09:56:20 MainThread @decentralized_fqi_matrix.py:453]   Agent 1 progress: 40% (400/1000)
[12-16 09:56:20 MainThread @decentralized_fqi_matrix.py:453]   Agent 1 progress: 50% (500/1000)
[12-16 09:56:20 MainThread @decentralized_fqi_matrix.py:453]   Agent 1 progress: 60% (600/1000)
[12-16 09:56:20 MainThread @decentralized_fqi_matrix.py:453]   Agent 1 progress: 70% (700/1000)
[12-16 09:56:20 MainThread @decentralized_fqi_matrix.py:453]   Agent 1 progress: 80% (800/1000)
[12-16 09:56:20 MainThread @decentralized_fqi_matrix.py:453]   Agent 1 progress: 90% (900/1000)
[12-16 09:56:20 MainThread @decentralized_fqi_matrix.py:486]   Agent 1 completed: avg Nash time=0.00ms
[12-16 09:56:20 MainThread @decentralized_fqi_matrix.py:379] Computing targets for agent 2/6...
[12-16 09:56:20 MainThread @decentralized_fqi_matrix.py:453]   Agent 2 progress: 10% (100/1000)
[12-16 09:56:20 MainThread @decentralized_fqi_matrix.py:453]   Agent 2 progress: 20% (200/1000)
[12-16 09:56:20 MainThread @decentralized_fqi_matrix.py:453]   Agent 2 progress: 30% (300/1000)
[12-16 09:56:20 MainThread @decentralized_fqi_matrix.py:453]   Agent 2 progress: 40% (400/1000)
[12-16 09:56:20 MainThread @decentralized_fqi_matrix.py:453]   Agent 2 progress: 50% (500/1000)
[12-16 09:56:20 MainThread @decentralized_fqi_matrix.py:453]   Agent 2 progress: 60% (600/1000)
[12-16 09:56:20 MainThread @decentralized_fqi_matrix.py:453]   Agent 2 progress: 70% (700/1000)
[12-16 09:56:20 MainThread @decentralized_fqi_matrix.py:453]   Agent 2 progress: 80% (800/1000)
[12-16 09:56:20 MainThread @decentralized_fqi_matrix.py:453]   Agent 2 progress: 90% (900/1000)
[12-16 09:56:20 MainThread @decentralized_fqi_matrix.py:486]   Agent 2 completed: avg Nash time=0.00ms
[12-16 09:56:20 MainThread @decentralized_fqi_matrix.py:379] Computing targets for agent 3/6...
[12-16 09:56:20 MainThread @decentralized_fqi_matrix.py:453]   Agent 3 progress: 10% (100/1000)
[12-16 09:56:20 MainThread @decentralized_fqi_matrix.py:453]   Agent 3 progress: 20% (200/1000)
[12-16 09:56:20 MainThread @decentralized_fqi_matrix.py:453]   Agent 3 progress: 30% (300/1000)
[12-16 09:56:20 MainThread @decentralized_fqi_matrix.py:453]   Agent 3 progress: 40% (400/1000)
[12-16 09:56:20 MainThread @decentralized_fqi_matrix.py:453]   Agent 3 progress: 50% (500/1000)
[12-16 09:56:20 MainThread @decentralized_fqi_matrix.py:453]   Agent 3 progress: 60% (600/1000)
[12-16 09:56:20 MainThread @decentralized_fqi_matrix.py:453]   Agent 3 progress: 70% (700/1000)
[12-16 09:56:20 MainThread @decentralized_fqi_matrix.py:453]   Agent 3 progress: 80% (800/1000)
[12-16 09:56:20 MainThread @decentralized_fqi_matrix.py:453]   Agent 3 progress: 90% (900/1000)
[12-16 09:56:20 MainThread @decentralized_fqi_matrix.py:486]   Agent 3 completed: avg Nash time=0.00ms
[12-16 09:56:20 MainThread @decentralized_fqi_matrix.py:379] Computing targets for agent 4/6...
[12-16 09:56:20 MainThread @decentralized_fqi_matrix.py:453]   Agent 4 progress: 10% (100/1000)
[12-16 09:56:20 MainThread @decentralized_fqi_matrix.py:453]   Agent 4 progress: 20% (200/1000)
[12-16 09:56:20 MainThread @decentralized_fqi_matrix.py:453]   Agent 4 progress: 30% (300/1000)
[12-16 09:56:20 MainThread @decentralized_fqi_matrix.py:453]   Agent 4 progress: 40% (400/1000)
[12-16 09:56:20 MainThread @decentralized_fqi_matrix.py:453]   Agent 4 progress: 50% (500/1000)
[12-16 09:56:20 MainThread @decentralized_fqi_matrix.py:453]   Agent 4 progress: 60% (600/1000)
[12-16 09:56:20 MainThread @decentralized_fqi_matrix.py:453]   Agent 4 progress: 70% (700/1000)
[12-16 09:56:20 MainThread @decentralized_fqi_matrix.py:453]   Agent 4 progress: 80% (800/1000)
[12-16 09:56:20 MainThread @decentralized_fqi_matrix.py:453]   Agent 4 progress: 90% (900/1000)
[12-16 09:56:20 MainThread @decentralized_fqi_matrix.py:486]   Agent 4 completed: avg Nash time=0.00ms
[12-16 09:56:20 MainThread @decentralized_fqi_matrix.py:379] Computing targets for agent 5/6...
[12-16 09:56:20 MainThread @decentralized_fqi_matrix.py:453]   Agent 5 progress: 10% (100/1000)
[12-16 09:56:20 MainThread @decentralized_fqi_matrix.py:453]   Agent 5 progress: 20% (200/1000)
[12-16 09:56:20 MainThread @decentralized_fqi_matrix.py:453]   Agent 5 progress: 30% (300/1000)
[12-16 09:56:20 MainThread @decentralized_fqi_matrix.py:453]   Agent 5 progress: 40% (400/1000)
[12-16 09:56:20 MainThread @decentralized_fqi_matrix.py:453]   Agent 5 progress: 50% (500/1000)
[12-16 09:56:20 MainThread @decentralized_fqi_matrix.py:453]   Agent 5 progress: 60% (600/1000)
[12-16 09:56:20 MainThread @decentralized_fqi_matrix.py:453]   Agent 5 progress: 70% (700/1000)
[12-16 09:56:20 MainThread @decentralized_fqi_matrix.py:453]   Agent 5 progress: 80% (800/1000)
[12-16 09:56:20 MainThread @decentralized_fqi_matrix.py:453]   Agent 5 progress: 90% (900/1000)
[12-16 09:56:20 MainThread @decentralized_fqi_matrix.py:486]   Agent 5 completed: avg Nash time=0.00ms
[12-16 09:56:20 MainThread @decentralized_fqi_matrix.py:379] Computing targets for agent 6/6...
[12-16 09:56:20 MainThread @decentralized_fqi_matrix.py:453]   Agent 6 progress: 10% (100/1000)
[12-16 09:56:20 MainThread @decentralized_fqi_matrix.py:453]   Agent 6 progress: 20% (200/1000)
[12-16 09:56:20 MainThread @decentralized_fqi_matrix.py:453]   Agent 6 progress: 30% (300/1000)
[12-16 09:56:20 MainThread @decentralized_fqi_matrix.py:453]   Agent 6 progress: 40% (400/1000)
[12-16 09:56:20 MainThread @decentralized_fqi_matrix.py:453]   Agent 6 progress: 50% (500/1000)
[12-16 09:56:20 MainThread @decentralized_fqi_matrix.py:453]   Agent 6 progress: 60% (600/1000)
[12-16 09:56:20 MainThread @decentralized_fqi_matrix.py:453]   Agent 6 progress: 70% (700/1000)
[12-16 09:56:20 MainThread @decentralized_fqi_matrix.py:453]   Agent 6 progress: 80% (800/1000)
[12-16 09:56:20 MainThread @decentralized_fqi_matrix.py:453]   Agent 6 progress: 90% (900/1000)
[12-16 09:56:20 MainThread @decentralized_fqi_matrix.py:486]   Agent 6 completed: avg Nash time=0.00ms
[12-16 09:56:20 MainThread @decentralized_fqi_matrix.py:389] Mean Nash solving time: 0.0000s
[12-16 09:56:20 MainThread @decentralized_fqi_matrix.py:393] Nash cache: 0.0% hit rate (0 hits, 0 misses, 0 cached)
[12-16 09:56:20 MainThread @decentralized_fqi_matrix.py:398] Solving (4) by DIGing decentralized optimization...
[12-16 09:56:22 MainThread @decentralized_fqi_matrix.py:417] Iteration 3 completed: loss=0.4910, td_error=0.5104, consensus_error=0.000515
[12-16 09:56:22 MainThread @decentralized_fqi_matrix.py:369] 
=== Fitted Q-Iteration 4/100 ===
[12-16 09:56:22 MainThread @decentralized_fqi_matrix.py:379] Computing targets for agent 1/6...
[12-16 09:56:22 MainThread @decentralized_fqi_matrix.py:453]   Agent 1 progress: 10% (100/1000)
[12-16 09:56:22 MainThread @decentralized_fqi_matrix.py:453]   Agent 1 progress: 20% (200/1000)
[12-16 09:56:22 MainThread @decentralized_fqi_matrix.py:453]   Agent 1 progress: 30% (300/1000)
[12-16 09:56:22 MainThread @decentralized_fqi_matrix.py:453]   Agent 1 progress: 40% (400/1000)
[12-16 09:56:22 MainThread @decentralized_fqi_matrix.py:453]   Agent 1 progress: 50% (500/1000)
[12-16 09:56:22 MainThread @decentralized_fqi_matrix.py:453]   Agent 1 progress: 60% (600/1000)
[12-16 09:56:22 MainThread @decentralized_fqi_matrix.py:453]   Agent 1 progress: 70% (700/1000)
[12-16 09:56:22 MainThread @decentralized_fqi_matrix.py:453]   Agent 1 progress: 80% (800/1000)
[12-16 09:56:22 MainThread @decentralized_fqi_matrix.py:453]   Agent 1 progress: 90% (900/1000)
[12-16 09:56:22 MainThread @decentralized_fqi_matrix.py:486]   Agent 1 completed: avg Nash time=0.00ms
[12-16 09:56:22 MainThread @decentralized_fqi_matrix.py:379] Computing targets for agent 2/6...
[12-16 09:56:22 MainThread @decentralized_fqi_matrix.py:453]   Agent 2 progress: 10% (100/1000)
[12-16 09:56:22 MainThread @decentralized_fqi_matrix.py:453]   Agent 2 progress: 20% (200/1000)
[12-16 09:56:22 MainThread @decentralized_fqi_matrix.py:453]   Agent 2 progress: 30% (300/1000)
[12-16 09:56:22 MainThread @decentralized_fqi_matrix.py:453]   Agent 2 progress: 40% (400/1000)
[12-16 09:56:22 MainThread @decentralized_fqi_matrix.py:453]   Agent 2 progress: 50% (500/1000)
[12-16 09:56:22 MainThread @decentralized_fqi_matrix.py:453]   Agent 2 progress: 60% (600/1000)
[12-16 09:56:22 MainThread @decentralized_fqi_matrix.py:453]   Agent 2 progress: 70% (700/1000)
[12-16 09:56:22 MainThread @decentralized_fqi_matrix.py:453]   Agent 2 progress: 80% (800/1000)
[12-16 09:56:22 MainThread @decentralized_fqi_matrix.py:453]   Agent 2 progress: 90% (900/1000)
[12-16 09:56:22 MainThread @decentralized_fqi_matrix.py:486]   Agent 2 completed: avg Nash time=0.00ms
[12-16 09:56:22 MainThread @decentralized_fqi_matrix.py:379] Computing targets for agent 3/6...
[12-16 09:56:22 MainThread @decentralized_fqi_matrix.py:453]   Agent 3 progress: 10% (100/1000)
[12-16 09:56:22 MainThread @decentralized_fqi_matrix.py:453]   Agent 3 progress: 20% (200/1000)
[12-16 09:56:22 MainThread @decentralized_fqi_matrix.py:453]   Agent 3 progress: 30% (300/1000)
[12-16 09:56:22 MainThread @decentralized_fqi_matrix.py:453]   Agent 3 progress: 40% (400/1000)
[12-16 09:56:22 MainThread @decentralized_fqi_matrix.py:453]   Agent 3 progress: 50% (500/1000)
[12-16 09:56:22 MainThread @decentralized_fqi_matrix.py:453]   Agent 3 progress: 60% (600/1000)
[12-16 09:56:22 MainThread @decentralized_fqi_matrix.py:453]   Agent 3 progress: 70% (700/1000)
[12-16 09:56:22 MainThread @decentralized_fqi_matrix.py:453]   Agent 3 progress: 80% (800/1000)
[12-16 09:56:22 MainThread @decentralized_fqi_matrix.py:453]   Agent 3 progress: 90% (900/1000)
[12-16 09:56:22 MainThread @decentralized_fqi_matrix.py:486]   Agent 3 completed: avg Nash time=0.00ms
[12-16 09:56:22 MainThread @decentralized_fqi_matrix.py:379] Computing targets for agent 4/6...
[12-16 09:56:22 MainThread @decentralized_fqi_matrix.py:453]   Agent 4 progress: 10% (100/1000)
[12-16 09:56:22 MainThread @decentralized_fqi_matrix.py:453]   Agent 4 progress: 20% (200/1000)
[12-16 09:56:22 MainThread @decentralized_fqi_matrix.py:453]   Agent 4 progress: 30% (300/1000)
[12-16 09:56:22 MainThread @decentralized_fqi_matrix.py:453]   Agent 4 progress: 40% (400/1000)
[12-16 09:56:22 MainThread @decentralized_fqi_matrix.py:453]   Agent 4 progress: 50% (500/1000)
[12-16 09:56:22 MainThread @decentralized_fqi_matrix.py:453]   Agent 4 progress: 60% (600/1000)
[12-16 09:56:22 MainThread @decentralized_fqi_matrix.py:453]   Agent 4 progress: 70% (700/1000)
[12-16 09:56:22 MainThread @decentralized_fqi_matrix.py:453]   Agent 4 progress: 80% (800/1000)
[12-16 09:56:22 MainThread @decentralized_fqi_matrix.py:453]   Agent 4 progress: 90% (900/1000)
[12-16 09:56:22 MainThread @decentralized_fqi_matrix.py:486]   Agent 4 completed: avg Nash time=0.00ms
[12-16 09:56:22 MainThread @decentralized_fqi_matrix.py:379] Computing targets for agent 5/6...
[12-16 09:56:22 MainThread @decentralized_fqi_matrix.py:453]   Agent 5 progress: 10% (100/1000)
[12-16 09:56:22 MainThread @decentralized_fqi_matrix.py:453]   Agent 5 progress: 20% (200/1000)
[12-16 09:56:22 MainThread @decentralized_fqi_matrix.py:453]   Agent 5 progress: 30% (300/1000)
[12-16 09:56:22 MainThread @decentralized_fqi_matrix.py:453]   Agent 5 progress: 40% (400/1000)
[12-16 09:56:22 MainThread @decentralized_fqi_matrix.py:453]   Agent 5 progress: 50% (500/1000)
[12-16 09:56:22 MainThread @decentralized_fqi_matrix.py:453]   Agent 5 progress: 60% (600/1000)
[12-16 09:56:22 MainThread @decentralized_fqi_matrix.py:453]   Agent 5 progress: 70% (700/1000)
[12-16 09:56:22 MainThread @decentralized_fqi_matrix.py:453]   Agent 5 progress: 80% (800/1000)
[12-16 09:56:22 MainThread @decentralized_fqi_matrix.py:453]   Agent 5 progress: 90% (900/1000)
[12-16 09:56:22 MainThread @decentralized_fqi_matrix.py:486]   Agent 5 completed: avg Nash time=0.00ms
[12-16 09:56:22 MainThread @decentralized_fqi_matrix.py:379] Computing targets for agent 6/6...
[12-16 09:56:22 MainThread @decentralized_fqi_matrix.py:453]   Agent 6 progress: 10% (100/1000)
[12-16 09:56:22 MainThread @decentralized_fqi_matrix.py:453]   Agent 6 progress: 20% (200/1000)
[12-16 09:56:22 MainThread @decentralized_fqi_matrix.py:453]   Agent 6 progress: 30% (300/1000)
[12-16 09:56:22 MainThread @decentralized_fqi_matrix.py:453]   Agent 6 progress: 40% (400/1000)
[12-16 09:56:22 MainThread @decentralized_fqi_matrix.py:453]   Agent 6 progress: 50% (500/1000)
[12-16 09:56:22 MainThread @decentralized_fqi_matrix.py:453]   Agent 6 progress: 60% (600/1000)
[12-16 09:56:22 MainThread @decentralized_fqi_matrix.py:453]   Agent 6 progress: 70% (700/1000)
[12-16 09:56:22 MainThread @decentralized_fqi_matrix.py:453]   Agent 6 progress: 80% (800/1000)
[12-16 09:56:22 MainThread @decentralized_fqi_matrix.py:453]   Agent 6 progress: 90% (900/1000)
[12-16 09:56:22 MainThread @decentralized_fqi_matrix.py:486]   Agent 6 completed: avg Nash time=0.00ms
[12-16 09:56:22 MainThread @decentralized_fqi_matrix.py:389] Mean Nash solving time: 0.0000s
[12-16 09:56:22 MainThread @decentralized_fqi_matrix.py:393] Nash cache: 0.0% hit rate (0 hits, 0 misses, 0 cached)
[12-16 09:56:22 MainThread @decentralized_fqi_matrix.py:398] Solving (4) by DIGing decentralized optimization...
[12-16 09:56:24 MainThread @decentralized_fqi_matrix.py:417] Iteration 4 completed: loss=0.4899, td_error=0.5099, consensus_error=0.000103
[12-16 09:56:24 MainThread @decentralized_fqi_matrix.py:369] 
=== Fitted Q-Iteration 5/100 ===
[12-16 09:56:24 MainThread @decentralized_fqi_matrix.py:379] Computing targets for agent 1/6...
[12-16 09:56:24 MainThread @decentralized_fqi_matrix.py:453]   Agent 1 progress: 10% (100/1000)
[12-16 09:56:24 MainThread @decentralized_fqi_matrix.py:453]   Agent 1 progress: 20% (200/1000)
[12-16 09:56:24 MainThread @decentralized_fqi_matrix.py:453]   Agent 1 progress: 30% (300/1000)
[12-16 09:56:24 MainThread @decentralized_fqi_matrix.py:453]   Agent 1 progress: 40% (400/1000)
[12-16 09:56:24 MainThread @decentralized_fqi_matrix.py:453]   Agent 1 progress: 50% (500/1000)
[12-16 09:56:24 MainThread @decentralized_fqi_matrix.py:453]   Agent 1 progress: 60% (600/1000)
[12-16 09:56:24 MainThread @decentralized_fqi_matrix.py:453]   Agent 1 progress: 70% (700/1000)
[12-16 09:56:24 MainThread @decentralized_fqi_matrix.py:453]   Agent 1 progress: 80% (800/1000)
[12-16 09:56:24 MainThread @decentralized_fqi_matrix.py:453]   Agent 1 progress: 90% (900/1000)
[12-16 09:56:24 MainThread @decentralized_fqi_matrix.py:486]   Agent 1 completed: avg Nash time=0.00ms
[12-16 09:56:24 MainThread @decentralized_fqi_matrix.py:379] Computing targets for agent 2/6...
[12-16 09:56:24 MainThread @decentralized_fqi_matrix.py:453]   Agent 2 progress: 10% (100/1000)
[12-16 09:56:24 MainThread @decentralized_fqi_matrix.py:453]   Agent 2 progress: 20% (200/1000)
[12-16 09:56:24 MainThread @decentralized_fqi_matrix.py:453]   Agent 2 progress: 30% (300/1000)
[12-16 09:56:24 MainThread @decentralized_fqi_matrix.py:453]   Agent 2 progress: 40% (400/1000)
[12-16 09:56:24 MainThread @decentralized_fqi_matrix.py:453]   Agent 2 progress: 50% (500/1000)
[12-16 09:56:24 MainThread @decentralized_fqi_matrix.py:453]   Agent 2 progress: 60% (600/1000)
[12-16 09:56:24 MainThread @decentralized_fqi_matrix.py:453]   Agent 2 progress: 70% (700/1000)
[12-16 09:56:24 MainThread @decentralized_fqi_matrix.py:453]   Agent 2 progress: 80% (800/1000)
[12-16 09:56:24 MainThread @decentralized_fqi_matrix.py:453]   Agent 2 progress: 90% (900/1000)
[12-16 09:56:24 MainThread @decentralized_fqi_matrix.py:486]   Agent 2 completed: avg Nash time=0.00ms
[12-16 09:56:24 MainThread @decentralized_fqi_matrix.py:379] Computing targets for agent 3/6...
[12-16 09:56:24 MainThread @decentralized_fqi_matrix.py:453]   Agent 3 progress: 10% (100/1000)
[12-16 09:56:24 MainThread @decentralized_fqi_matrix.py:453]   Agent 3 progress: 20% (200/1000)
[12-16 09:56:24 MainThread @decentralized_fqi_matrix.py:453]   Agent 3 progress: 30% (300/1000)
[12-16 09:56:24 MainThread @decentralized_fqi_matrix.py:453]   Agent 3 progress: 40% (400/1000)
[12-16 09:56:24 MainThread @decentralized_fqi_matrix.py:453]   Agent 3 progress: 50% (500/1000)
[12-16 09:56:24 MainThread @decentralized_fqi_matrix.py:453]   Agent 3 progress: 60% (600/1000)
[12-16 09:56:24 MainThread @decentralized_fqi_matrix.py:453]   Agent 3 progress: 70% (700/1000)
[12-16 09:56:24 MainThread @decentralized_fqi_matrix.py:453]   Agent 3 progress: 80% (800/1000)
[12-16 09:56:24 MainThread @decentralized_fqi_matrix.py:453]   Agent 3 progress: 90% (900/1000)
[12-16 09:56:24 MainThread @decentralized_fqi_matrix.py:486]   Agent 3 completed: avg Nash time=0.00ms
[12-16 09:56:24 MainThread @decentralized_fqi_matrix.py:379] Computing targets for agent 4/6...
[12-16 09:56:24 MainThread @decentralized_fqi_matrix.py:453]   Agent 4 progress: 10% (100/1000)
[12-16 09:56:24 MainThread @decentralized_fqi_matrix.py:453]   Agent 4 progress: 20% (200/1000)
[12-16 09:56:24 MainThread @decentralized_fqi_matrix.py:453]   Agent 4 progress: 30% (300/1000)
[12-16 09:56:24 MainThread @decentralized_fqi_matrix.py:453]   Agent 4 progress: 40% (400/1000)
[12-16 09:56:24 MainThread @decentralized_fqi_matrix.py:453]   Agent 4 progress: 50% (500/1000)
[12-16 09:56:24 MainThread @decentralized_fqi_matrix.py:453]   Agent 4 progress: 60% (600/1000)
[12-16 09:56:24 MainThread @decentralized_fqi_matrix.py:453]   Agent 4 progress: 70% (700/1000)
[12-16 09:56:24 MainThread @decentralized_fqi_matrix.py:453]   Agent 4 progress: 80% (800/1000)
[12-16 09:56:24 MainThread @decentralized_fqi_matrix.py:453]   Agent 4 progress: 90% (900/1000)
[12-16 09:56:24 MainThread @decentralized_fqi_matrix.py:486]   Agent 4 completed: avg Nash time=0.00ms
[12-16 09:56:24 MainThread @decentralized_fqi_matrix.py:379] Computing targets for agent 5/6...
[12-16 09:56:24 MainThread @decentralized_fqi_matrix.py:453]   Agent 5 progress: 10% (100/1000)
[12-16 09:56:24 MainThread @decentralized_fqi_matrix.py:453]   Agent 5 progress: 20% (200/1000)
[12-16 09:56:24 MainThread @decentralized_fqi_matrix.py:453]   Agent 5 progress: 30% (300/1000)
[12-16 09:56:24 MainThread @decentralized_fqi_matrix.py:453]   Agent 5 progress: 40% (400/1000)
[12-16 09:56:24 MainThread @decentralized_fqi_matrix.py:453]   Agent 5 progress: 50% (500/1000)
[12-16 09:56:24 MainThread @decentralized_fqi_matrix.py:453]   Agent 5 progress: 60% (600/1000)
[12-16 09:56:24 MainThread @decentralized_fqi_matrix.py:453]   Agent 5 progress: 70% (700/1000)
[12-16 09:56:24 MainThread @decentralized_fqi_matrix.py:453]   Agent 5 progress: 80% (800/1000)
[12-16 09:56:24 MainThread @decentralized_fqi_matrix.py:453]   Agent 5 progress: 90% (900/1000)
[12-16 09:56:24 MainThread @decentralized_fqi_matrix.py:486]   Agent 5 completed: avg Nash time=0.00ms
[12-16 09:56:24 MainThread @decentralized_fqi_matrix.py:379] Computing targets for agent 6/6...
[12-16 09:56:24 MainThread @decentralized_fqi_matrix.py:453]   Agent 6 progress: 10% (100/1000)
[12-16 09:56:24 MainThread @decentralized_fqi_matrix.py:453]   Agent 6 progress: 20% (200/1000)
[12-16 09:56:24 MainThread @decentralized_fqi_matrix.py:453]   Agent 6 progress: 30% (300/1000)
[12-16 09:56:24 MainThread @decentralized_fqi_matrix.py:453]   Agent 6 progress: 40% (400/1000)
[12-16 09:56:24 MainThread @decentralized_fqi_matrix.py:453]   Agent 6 progress: 50% (500/1000)
[12-16 09:56:24 MainThread @decentralized_fqi_matrix.py:453]   Agent 6 progress: 60% (600/1000)
[12-16 09:56:24 MainThread @decentralized_fqi_matrix.py:453]   Agent 6 progress: 70% (700/1000)
[12-16 09:56:24 MainThread @decentralized_fqi_matrix.py:453]   Agent 6 progress: 80% (800/1000)
[12-16 09:56:24 MainThread @decentralized_fqi_matrix.py:453]   Agent 6 progress: 90% (900/1000)
[12-16 09:56:24 MainThread @decentralized_fqi_matrix.py:486]   Agent 6 completed: avg Nash time=0.00ms
[12-16 09:56:24 MainThread @decentralized_fqi_matrix.py:389] Mean Nash solving time: 0.0000s
[12-16 09:56:24 MainThread @decentralized_fqi_matrix.py:393] Nash cache: 0.0% hit rate (0 hits, 0 misses, 0 cached)
[12-16 09:56:24 MainThread @decentralized_fqi_matrix.py:398] Solving (4) by DIGing decentralized optimization...
[12-16 09:56:26 MainThread @decentralized_fqi_matrix.py:417] Iteration 5 completed: loss=0.4887, td_error=0.5090, consensus_error=0.001071
[12-16 09:56:26 MainThread @decentralized_fqi_matrix.py:573]   [收敛检测] Loss趋势: +0.0031, 波动std: 0.0010
[12-16 09:56:26 MainThread @decentralized_fqi_matrix.py:369] 
=== Fitted Q-Iteration 6/100 ===
[12-16 09:56:26 MainThread @decentralized_fqi_matrix.py:379] Computing targets for agent 1/6...
[12-16 09:56:26 MainThread @decentralized_fqi_matrix.py:453]   Agent 1 progress: 10% (100/1000)
[12-16 09:56:26 MainThread @decentralized_fqi_matrix.py:453]   Agent 1 progress: 20% (200/1000)
[12-16 09:56:26 MainThread @decentralized_fqi_matrix.py:453]   Agent 1 progress: 30% (300/1000)
[12-16 09:56:26 MainThread @decentralized_fqi_matrix.py:453]   Agent 1 progress: 40% (400/1000)
[12-16 09:56:26 MainThread @decentralized_fqi_matrix.py:453]   Agent 1 progress: 50% (500/1000)
[12-16 09:56:26 MainThread @decentralized_fqi_matrix.py:453]   Agent 1 progress: 60% (600/1000)
[12-16 09:56:26 MainThread @decentralized_fqi_matrix.py:453]   Agent 1 progress: 70% (700/1000)
[12-16 09:56:26 MainThread @decentralized_fqi_matrix.py:453]   Agent 1 progress: 80% (800/1000)
[12-16 09:56:26 MainThread @decentralized_fqi_matrix.py:453]   Agent 1 progress: 90% (900/1000)
[12-16 09:56:26 MainThread @decentralized_fqi_matrix.py:486]   Agent 1 completed: avg Nash time=0.00ms
[12-16 09:56:26 MainThread @decentralized_fqi_matrix.py:379] Computing targets for agent 2/6...
[12-16 09:56:26 MainThread @decentralized_fqi_matrix.py:453]   Agent 2 progress: 10% (100/1000)
[12-16 09:56:26 MainThread @decentralized_fqi_matrix.py:453]   Agent 2 progress: 20% (200/1000)
[12-16 09:56:26 MainThread @decentralized_fqi_matrix.py:453]   Agent 2 progress: 30% (300/1000)
[12-16 09:56:26 MainThread @decentralized_fqi_matrix.py:453]   Agent 2 progress: 40% (400/1000)
[12-16 09:56:26 MainThread @decentralized_fqi_matrix.py:453]   Agent 2 progress: 50% (500/1000)
[12-16 09:56:26 MainThread @decentralized_fqi_matrix.py:453]   Agent 2 progress: 60% (600/1000)
[12-16 09:56:26 MainThread @decentralized_fqi_matrix.py:453]   Agent 2 progress: 70% (700/1000)
[12-16 09:56:26 MainThread @decentralized_fqi_matrix.py:453]   Agent 2 progress: 80% (800/1000)
[12-16 09:56:26 MainThread @decentralized_fqi_matrix.py:453]   Agent 2 progress: 90% (900/1000)
[12-16 09:56:26 MainThread @decentralized_fqi_matrix.py:486]   Agent 2 completed: avg Nash time=0.00ms
[12-16 09:56:26 MainThread @decentralized_fqi_matrix.py:379] Computing targets for agent 3/6...
[12-16 09:56:26 MainThread @decentralized_fqi_matrix.py:453]   Agent 3 progress: 10% (100/1000)
[12-16 09:56:26 MainThread @decentralized_fqi_matrix.py:453]   Agent 3 progress: 20% (200/1000)
[12-16 09:56:26 MainThread @decentralized_fqi_matrix.py:453]   Agent 3 progress: 30% (300/1000)
[12-16 09:56:26 MainThread @decentralized_fqi_matrix.py:453]   Agent 3 progress: 40% (400/1000)
[12-16 09:56:26 MainThread @decentralized_fqi_matrix.py:453]   Agent 3 progress: 50% (500/1000)
[12-16 09:56:26 MainThread @decentralized_fqi_matrix.py:453]   Agent 3 progress: 60% (600/1000)
[12-16 09:56:26 MainThread @decentralized_fqi_matrix.py:453]   Agent 3 progress: 70% (700/1000)
[12-16 09:56:26 MainThread @decentralized_fqi_matrix.py:453]   Agent 3 progress: 80% (800/1000)
[12-16 09:56:26 MainThread @decentralized_fqi_matrix.py:453]   Agent 3 progress: 90% (900/1000)
[12-16 09:56:26 MainThread @decentralized_fqi_matrix.py:486]   Agent 3 completed: avg Nash time=0.00ms
[12-16 09:56:26 MainThread @decentralized_fqi_matrix.py:379] Computing targets for agent 4/6...
[12-16 09:56:26 MainThread @decentralized_fqi_matrix.py:453]   Agent 4 progress: 10% (100/1000)
[12-16 09:56:26 MainThread @decentralized_fqi_matrix.py:453]   Agent 4 progress: 20% (200/1000)
[12-16 09:56:26 MainThread @decentralized_fqi_matrix.py:453]   Agent 4 progress: 30% (300/1000)
[12-16 09:56:26 MainThread @decentralized_fqi_matrix.py:453]   Agent 4 progress: 40% (400/1000)
[12-16 09:56:26 MainThread @decentralized_fqi_matrix.py:453]   Agent 4 progress: 50% (500/1000)
[12-16 09:56:26 MainThread @decentralized_fqi_matrix.py:453]   Agent 4 progress: 60% (600/1000)
[12-16 09:56:26 MainThread @decentralized_fqi_matrix.py:453]   Agent 4 progress: 70% (700/1000)
[12-16 09:56:26 MainThread @decentralized_fqi_matrix.py:453]   Agent 4 progress: 80% (800/1000)
[12-16 09:56:26 MainThread @decentralized_fqi_matrix.py:453]   Agent 4 progress: 90% (900/1000)
[12-16 09:56:26 MainThread @decentralized_fqi_matrix.py:486]   Agent 4 completed: avg Nash time=0.00ms
[12-16 09:56:26 MainThread @decentralized_fqi_matrix.py:379] Computing targets for agent 5/6...
[12-16 09:56:26 MainThread @decentralized_fqi_matrix.py:453]   Agent 5 progress: 10% (100/1000)
[12-16 09:56:26 MainThread @decentralized_fqi_matrix.py:453]   Agent 5 progress: 20% (200/1000)
[12-16 09:56:26 MainThread @decentralized_fqi_matrix.py:453]   Agent 5 progress: 30% (300/1000)
[12-16 09:56:26 MainThread @decentralized_fqi_matrix.py:453]   Agent 5 progress: 40% (400/1000)
[12-16 09:56:26 MainThread @decentralized_fqi_matrix.py:453]   Agent 5 progress: 50% (500/1000)
[12-16 09:56:26 MainThread @decentralized_fqi_matrix.py:453]   Agent 5 progress: 60% (600/1000)
[12-16 09:56:26 MainThread @decentralized_fqi_matrix.py:453]   Agent 5 progress: 70% (700/1000)
[12-16 09:56:26 MainThread @decentralized_fqi_matrix.py:453]   Agent 5 progress: 80% (800/1000)
[12-16 09:56:26 MainThread @decentralized_fqi_matrix.py:453]   Agent 5 progress: 90% (900/1000)
[12-16 09:56:26 MainThread @decentralized_fqi_matrix.py:486]   Agent 5 completed: avg Nash time=0.00ms
[12-16 09:56:26 MainThread @decentralized_fqi_matrix.py:379] Computing targets for agent 6/6...
[12-16 09:56:26 MainThread @decentralized_fqi_matrix.py:453]   Agent 6 progress: 10% (100/1000)
[12-16 09:56:26 MainThread @decentralized_fqi_matrix.py:453]   Agent 6 progress: 20% (200/1000)
[12-16 09:56:26 MainThread @decentralized_fqi_matrix.py:453]   Agent 6 progress: 30% (300/1000)
[12-16 09:56:26 MainThread @decentralized_fqi_matrix.py:453]   Agent 6 progress: 40% (400/1000)
[12-16 09:56:26 MainThread @decentralized_fqi_matrix.py:453]   Agent 6 progress: 50% (500/1000)
[12-16 09:56:26 MainThread @decentralized_fqi_matrix.py:453]   Agent 6 progress: 60% (600/1000)
[12-16 09:56:26 MainThread @decentralized_fqi_matrix.py:453]   Agent 6 progress: 70% (700/1000)
[12-16 09:56:26 MainThread @decentralized_fqi_matrix.py:453]   Agent 6 progress: 80% (800/1000)
[12-16 09:56:26 MainThread @decentralized_fqi_matrix.py:453]   Agent 6 progress: 90% (900/1000)
[12-16 09:56:26 MainThread @decentralized_fqi_matrix.py:486]   Agent 6 completed: avg Nash time=0.00ms
[12-16 09:56:26 MainThread @decentralized_fqi_matrix.py:389] Mean Nash solving time: 0.0000s
[12-16 09:56:26 MainThread @decentralized_fqi_matrix.py:393] Nash cache: 0.0% hit rate (0 hits, 0 misses, 0 cached)
[12-16 09:56:26 MainThread @decentralized_fqi_matrix.py:398] Solving (4) by DIGing decentralized optimization...
[12-16 09:56:28 MainThread @decentralized_fqi_matrix.py:417] Iteration 6 completed: loss=0.4873, td_error=0.5077, consensus_error=0.000777
[12-16 09:56:28 MainThread @decentralized_fqi_matrix.py:573]   [收敛检测] Loss趋势: +0.0035, 波动std: 0.0014
[12-16 09:56:28 MainThread @decentralized_fqi_matrix.py:369] 
=== Fitted Q-Iteration 7/100 ===
[12-16 09:56:28 MainThread @decentralized_fqi_matrix.py:379] Computing targets for agent 1/6...
[12-16 09:56:28 MainThread @decentralized_fqi_matrix.py:453]   Agent 1 progress: 10% (100/1000)
[12-16 09:56:28 MainThread @decentralized_fqi_matrix.py:453]   Agent 1 progress: 20% (200/1000)
[12-16 09:56:28 MainThread @decentralized_fqi_matrix.py:453]   Agent 1 progress: 30% (300/1000)
[12-16 09:56:28 MainThread @decentralized_fqi_matrix.py:453]   Agent 1 progress: 40% (400/1000)
[12-16 09:56:28 MainThread @decentralized_fqi_matrix.py:453]   Agent 1 progress: 50% (500/1000)
[12-16 09:56:28 MainThread @decentralized_fqi_matrix.py:453]   Agent 1 progress: 60% (600/1000)
[12-16 09:56:28 MainThread @decentralized_fqi_matrix.py:453]   Agent 1 progress: 70% (700/1000)
[12-16 09:56:28 MainThread @decentralized_fqi_matrix.py:453]   Agent 1 progress: 80% (800/1000)
[12-16 09:56:28 MainThread @decentralized_fqi_matrix.py:453]   Agent 1 progress: 90% (900/1000)
[12-16 09:56:28 MainThread @decentralized_fqi_matrix.py:486]   Agent 1 completed: avg Nash time=0.00ms
[12-16 09:56:28 MainThread @decentralized_fqi_matrix.py:379] Computing targets for agent 2/6...
[12-16 09:56:28 MainThread @decentralized_fqi_matrix.py:453]   Agent 2 progress: 10% (100/1000)
[12-16 09:56:28 MainThread @decentralized_fqi_matrix.py:453]   Agent 2 progress: 20% (200/1000)
[12-16 09:56:28 MainThread @decentralized_fqi_matrix.py:453]   Agent 2 progress: 30% (300/1000)
[12-16 09:56:28 MainThread @decentralized_fqi_matrix.py:453]   Agent 2 progress: 40% (400/1000)
[12-16 09:56:28 MainThread @decentralized_fqi_matrix.py:453]   Agent 2 progress: 50% (500/1000)
[12-16 09:56:28 MainThread @decentralized_fqi_matrix.py:453]   Agent 2 progress: 60% (600/1000)
[12-16 09:56:28 MainThread @decentralized_fqi_matrix.py:453]   Agent 2 progress: 70% (700/1000)
[12-16 09:56:28 MainThread @decentralized_fqi_matrix.py:453]   Agent 2 progress: 80% (800/1000)
[12-16 09:56:28 MainThread @decentralized_fqi_matrix.py:453]   Agent 2 progress: 90% (900/1000)
[12-16 09:56:28 MainThread @decentralized_fqi_matrix.py:486]   Agent 2 completed: avg Nash time=0.00ms
[12-16 09:56:28 MainThread @decentralized_fqi_matrix.py:379] Computing targets for agent 3/6...
[12-16 09:56:28 MainThread @decentralized_fqi_matrix.py:453]   Agent 3 progress: 10% (100/1000)
[12-16 09:56:28 MainThread @decentralized_fqi_matrix.py:453]   Agent 3 progress: 20% (200/1000)
[12-16 09:56:28 MainThread @decentralized_fqi_matrix.py:453]   Agent 3 progress: 30% (300/1000)
[12-16 09:56:28 MainThread @decentralized_fqi_matrix.py:453]   Agent 3 progress: 40% (400/1000)
[12-16 09:56:28 MainThread @decentralized_fqi_matrix.py:453]   Agent 3 progress: 50% (500/1000)
[12-16 09:56:28 MainThread @decentralized_fqi_matrix.py:453]   Agent 3 progress: 60% (600/1000)
[12-16 09:56:28 MainThread @decentralized_fqi_matrix.py:453]   Agent 3 progress: 70% (700/1000)
[12-16 09:56:28 MainThread @decentralized_fqi_matrix.py:453]   Agent 3 progress: 80% (800/1000)
[12-16 09:56:28 MainThread @decentralized_fqi_matrix.py:453]   Agent 3 progress: 90% (900/1000)
[12-16 09:56:28 MainThread @decentralized_fqi_matrix.py:486]   Agent 3 completed: avg Nash time=0.00ms
[12-16 09:56:28 MainThread @decentralized_fqi_matrix.py:379] Computing targets for agent 4/6...
[12-16 09:56:28 MainThread @decentralized_fqi_matrix.py:453]   Agent 4 progress: 10% (100/1000)
[12-16 09:56:28 MainThread @decentralized_fqi_matrix.py:453]   Agent 4 progress: 20% (200/1000)
[12-16 09:56:28 MainThread @decentralized_fqi_matrix.py:453]   Agent 4 progress: 30% (300/1000)
[12-16 09:56:28 MainThread @decentralized_fqi_matrix.py:453]   Agent 4 progress: 40% (400/1000)
[12-16 09:56:28 MainThread @decentralized_fqi_matrix.py:453]   Agent 4 progress: 50% (500/1000)
[12-16 09:56:28 MainThread @decentralized_fqi_matrix.py:453]   Agent 4 progress: 60% (600/1000)
[12-16 09:56:28 MainThread @decentralized_fqi_matrix.py:453]   Agent 4 progress: 70% (700/1000)
[12-16 09:56:28 MainThread @decentralized_fqi_matrix.py:453]   Agent 4 progress: 80% (800/1000)
[12-16 09:56:28 MainThread @decentralized_fqi_matrix.py:453]   Agent 4 progress: 90% (900/1000)
[12-16 09:56:28 MainThread @decentralized_fqi_matrix.py:486]   Agent 4 completed: avg Nash time=0.00ms
[12-16 09:56:28 MainThread @decentralized_fqi_matrix.py:379] Computing targets for agent 5/6...
[12-16 09:56:28 MainThread @decentralized_fqi_matrix.py:453]   Agent 5 progress: 10% (100/1000)
[12-16 09:56:28 MainThread @decentralized_fqi_matrix.py:453]   Agent 5 progress: 20% (200/1000)
[12-16 09:56:28 MainThread @decentralized_fqi_matrix.py:453]   Agent 5 progress: 30% (300/1000)
[12-16 09:56:28 MainThread @decentralized_fqi_matrix.py:453]   Agent 5 progress: 40% (400/1000)
[12-16 09:56:28 MainThread @decentralized_fqi_matrix.py:453]   Agent 5 progress: 50% (500/1000)
[12-16 09:56:28 MainThread @decentralized_fqi_matrix.py:453]   Agent 5 progress: 60% (600/1000)
[12-16 09:56:28 MainThread @decentralized_fqi_matrix.py:453]   Agent 5 progress: 70% (700/1000)
[12-16 09:56:28 MainThread @decentralized_fqi_matrix.py:453]   Agent 5 progress: 80% (800/1000)
[12-16 09:56:28 MainThread @decentralized_fqi_matrix.py:453]   Agent 5 progress: 90% (900/1000)
[12-16 09:56:28 MainThread @decentralized_fqi_matrix.py:486]   Agent 5 completed: avg Nash time=0.00ms
[12-16 09:56:28 MainThread @decentralized_fqi_matrix.py:379] Computing targets for agent 6/6...
[12-16 09:56:28 MainThread @decentralized_fqi_matrix.py:453]   Agent 6 progress: 10% (100/1000)
[12-16 09:56:28 MainThread @decentralized_fqi_matrix.py:453]   Agent 6 progress: 20% (200/1000)
[12-16 09:56:28 MainThread @decentralized_fqi_matrix.py:453]   Agent 6 progress: 30% (300/1000)
[12-16 09:56:28 MainThread @decentralized_fqi_matrix.py:453]   Agent 6 progress: 40% (400/1000)
[12-16 09:56:28 MainThread @decentralized_fqi_matrix.py:453]   Agent 6 progress: 50% (500/1000)
[12-16 09:56:28 MainThread @decentralized_fqi_matrix.py:453]   Agent 6 progress: 60% (600/1000)
[12-16 09:56:28 MainThread @decentralized_fqi_matrix.py:453]   Agent 6 progress: 70% (700/1000)
[12-16 09:56:28 MainThread @decentralized_fqi_matrix.py:453]   Agent 6 progress: 80% (800/1000)
[12-16 09:56:28 MainThread @decentralized_fqi_matrix.py:453]   Agent 6 progress: 90% (900/1000)
[12-16 09:56:28 MainThread @decentralized_fqi_matrix.py:486]   Agent 6 completed: avg Nash time=0.00ms
[12-16 09:56:28 MainThread @decentralized_fqi_matrix.py:389] Mean Nash solving time: 0.0000s
[12-16 09:56:28 MainThread @decentralized_fqi_matrix.py:393] Nash cache: 0.0% hit rate (0 hits, 0 misses, 0 cached)
[12-16 09:56:28 MainThread @decentralized_fqi_matrix.py:398] Solving (4) by DIGing decentralized optimization...
[12-16 09:56:30 MainThread @decentralized_fqi_matrix.py:417] Iteration 7 completed: loss=0.4870, td_error=0.5078, consensus_error=0.000495
[12-16 09:56:30 MainThread @decentralized_fqi_matrix.py:573]   [收敛检测] Loss趋势: +0.0040, 波动std: 0.0015
[12-16 09:56:30 MainThread @decentralized_fqi_matrix.py:369] 
=== Fitted Q-Iteration 8/100 ===
[12-16 09:56:30 MainThread @decentralized_fqi_matrix.py:379] Computing targets for agent 1/6...
[12-16 09:56:30 MainThread @decentralized_fqi_matrix.py:453]   Agent 1 progress: 10% (100/1000)
[12-16 09:56:30 MainThread @decentralized_fqi_matrix.py:453]   Agent 1 progress: 20% (200/1000)
[12-16 09:56:30 MainThread @decentralized_fqi_matrix.py:453]   Agent 1 progress: 30% (300/1000)
[12-16 09:56:30 MainThread @decentralized_fqi_matrix.py:453]   Agent 1 progress: 40% (400/1000)
[12-16 09:56:30 MainThread @decentralized_fqi_matrix.py:453]   Agent 1 progress: 50% (500/1000)
[12-16 09:56:30 MainThread @decentralized_fqi_matrix.py:453]   Agent 1 progress: 60% (600/1000)
[12-16 09:56:30 MainThread @decentralized_fqi_matrix.py:453]   Agent 1 progress: 70% (700/1000)
[12-16 09:56:30 MainThread @decentralized_fqi_matrix.py:453]   Agent 1 progress: 80% (800/1000)
[12-16 09:56:30 MainThread @decentralized_fqi_matrix.py:453]   Agent 1 progress: 90% (900/1000)
[12-16 09:56:30 MainThread @decentralized_fqi_matrix.py:486]   Agent 1 completed: avg Nash time=0.00ms
[12-16 09:56:30 MainThread @decentralized_fqi_matrix.py:379] Computing targets for agent 2/6...
[12-16 09:56:30 MainThread @decentralized_fqi_matrix.py:453]   Agent 2 progress: 10% (100/1000)
[12-16 09:56:30 MainThread @decentralized_fqi_matrix.py:453]   Agent 2 progress: 20% (200/1000)
[12-16 09:56:30 MainThread @decentralized_fqi_matrix.py:453]   Agent 2 progress: 30% (300/1000)
[12-16 09:56:30 MainThread @decentralized_fqi_matrix.py:453]   Agent 2 progress: 40% (400/1000)
[12-16 09:56:30 MainThread @decentralized_fqi_matrix.py:453]   Agent 2 progress: 50% (500/1000)
[12-16 09:56:30 MainThread @decentralized_fqi_matrix.py:453]   Agent 2 progress: 60% (600/1000)
[12-16 09:56:30 MainThread @decentralized_fqi_matrix.py:453]   Agent 2 progress: 70% (700/1000)
[12-16 09:56:30 MainThread @decentralized_fqi_matrix.py:453]   Agent 2 progress: 80% (800/1000)
[12-16 09:56:30 MainThread @decentralized_fqi_matrix.py:453]   Agent 2 progress: 90% (900/1000)
[12-16 09:56:30 MainThread @decentralized_fqi_matrix.py:486]   Agent 2 completed: avg Nash time=0.00ms
[12-16 09:56:30 MainThread @decentralized_fqi_matrix.py:379] Computing targets for agent 3/6...
[12-16 09:56:30 MainThread @decentralized_fqi_matrix.py:453]   Agent 3 progress: 10% (100/1000)
[12-16 09:56:30 MainThread @decentralized_fqi_matrix.py:453]   Agent 3 progress: 20% (200/1000)
[12-16 09:56:30 MainThread @decentralized_fqi_matrix.py:453]   Agent 3 progress: 30% (300/1000)
[12-16 09:56:30 MainThread @decentralized_fqi_matrix.py:453]   Agent 3 progress: 40% (400/1000)
[12-16 09:56:30 MainThread @decentralized_fqi_matrix.py:453]   Agent 3 progress: 50% (500/1000)
[12-16 09:56:30 MainThread @decentralized_fqi_matrix.py:453]   Agent 3 progress: 60% (600/1000)
[12-16 09:56:30 MainThread @decentralized_fqi_matrix.py:453]   Agent 3 progress: 70% (700/1000)
[12-16 09:56:30 MainThread @decentralized_fqi_matrix.py:453]   Agent 3 progress: 80% (800/1000)
[12-16 09:56:30 MainThread @decentralized_fqi_matrix.py:453]   Agent 3 progress: 90% (900/1000)
[12-16 09:56:30 MainThread @decentralized_fqi_matrix.py:486]   Agent 3 completed: avg Nash time=0.00ms
[12-16 09:56:30 MainThread @decentralized_fqi_matrix.py:379] Computing targets for agent 4/6...
[12-16 09:56:30 MainThread @decentralized_fqi_matrix.py:453]   Agent 4 progress: 10% (100/1000)
[12-16 09:56:30 MainThread @decentralized_fqi_matrix.py:453]   Agent 4 progress: 20% (200/1000)
[12-16 09:56:30 MainThread @decentralized_fqi_matrix.py:453]   Agent 4 progress: 30% (300/1000)
[12-16 09:56:30 MainThread @decentralized_fqi_matrix.py:453]   Agent 4 progress: 40% (400/1000)
[12-16 09:56:30 MainThread @decentralized_fqi_matrix.py:453]   Agent 4 progress: 50% (500/1000)
[12-16 09:56:30 MainThread @decentralized_fqi_matrix.py:453]   Agent 4 progress: 60% (600/1000)
[12-16 09:56:30 MainThread @decentralized_fqi_matrix.py:453]   Agent 4 progress: 70% (700/1000)
[12-16 09:56:30 MainThread @decentralized_fqi_matrix.py:453]   Agent 4 progress: 80% (800/1000)
[12-16 09:56:30 MainThread @decentralized_fqi_matrix.py:453]   Agent 4 progress: 90% (900/1000)
[12-16 09:56:30 MainThread @decentralized_fqi_matrix.py:486]   Agent 4 completed: avg Nash time=0.00ms
[12-16 09:56:30 MainThread @decentralized_fqi_matrix.py:379] Computing targets for agent 5/6...
[12-16 09:56:30 MainThread @decentralized_fqi_matrix.py:453]   Agent 5 progress: 10% (100/1000)
[12-16 09:56:30 MainThread @decentralized_fqi_matrix.py:453]   Agent 5 progress: 20% (200/1000)
[12-16 09:56:30 MainThread @decentralized_fqi_matrix.py:453]   Agent 5 progress: 30% (300/1000)
[12-16 09:56:30 MainThread @decentralized_fqi_matrix.py:453]   Agent 5 progress: 40% (400/1000)
[12-16 09:56:30 MainThread @decentralized_fqi_matrix.py:453]   Agent 5 progress: 50% (500/1000)
[12-16 09:56:30 MainThread @decentralized_fqi_matrix.py:453]   Agent 5 progress: 60% (600/1000)
[12-16 09:56:30 MainThread @decentralized_fqi_matrix.py:453]   Agent 5 progress: 70% (700/1000)
[12-16 09:56:30 MainThread @decentralized_fqi_matrix.py:453]   Agent 5 progress: 80% (800/1000)
[12-16 09:56:30 MainThread @decentralized_fqi_matrix.py:453]   Agent 5 progress: 90% (900/1000)
[12-16 09:56:30 MainThread @decentralized_fqi_matrix.py:486]   Agent 5 completed: avg Nash time=0.00ms
[12-16 09:56:30 MainThread @decentralized_fqi_matrix.py:379] Computing targets for agent 6/6...
[12-16 09:56:30 MainThread @decentralized_fqi_matrix.py:453]   Agent 6 progress: 10% (100/1000)
[12-16 09:56:30 MainThread @decentralized_fqi_matrix.py:453]   Agent 6 progress: 20% (200/1000)
[12-16 09:56:30 MainThread @decentralized_fqi_matrix.py:453]   Agent 6 progress: 30% (300/1000)
[12-16 09:56:30 MainThread @decentralized_fqi_matrix.py:453]   Agent 6 progress: 40% (400/1000)
[12-16 09:56:30 MainThread @decentralized_fqi_matrix.py:453]   Agent 6 progress: 50% (500/1000)
[12-16 09:56:30 MainThread @decentralized_fqi_matrix.py:453]   Agent 6 progress: 60% (600/1000)
[12-16 09:56:30 MainThread @decentralized_fqi_matrix.py:453]   Agent 6 progress: 70% (700/1000)
[12-16 09:56:30 MainThread @decentralized_fqi_matrix.py:453]   Agent 6 progress: 80% (800/1000)
[12-16 09:56:30 MainThread @decentralized_fqi_matrix.py:453]   Agent 6 progress: 90% (900/1000)
[12-16 09:56:30 MainThread @decentralized_fqi_matrix.py:486]   Agent 6 completed: avg Nash time=0.00ms
[12-16 09:56:30 MainThread @decentralized_fqi_matrix.py:389] Mean Nash solving time: 0.0000s
[12-16 09:56:30 MainThread @decentralized_fqi_matrix.py:393] Nash cache: 0.0% hit rate (0 hits, 0 misses, 0 cached)
[12-16 09:56:30 MainThread @decentralized_fqi_matrix.py:398] Solving (4) by DIGing decentralized optimization...
[12-16 09:56:32 MainThread @decentralized_fqi_matrix.py:417] Iteration 8 completed: loss=0.4851, td_error=0.5069, consensus_error=0.000515
[12-16 09:56:32 MainThread @decentralized_fqi_matrix.py:573]   [收敛检测] Loss趋势: +0.0048, 波动std: 0.0016
[12-16 09:56:32 MainThread @decentralized_fqi_matrix.py:369] 
=== Fitted Q-Iteration 9/100 ===
[12-16 09:56:32 MainThread @decentralized_fqi_matrix.py:379] Computing targets for agent 1/6...
[12-16 09:56:32 MainThread @decentralized_fqi_matrix.py:453]   Agent 1 progress: 10% (100/1000)
[12-16 09:56:32 MainThread @decentralized_fqi_matrix.py:453]   Agent 1 progress: 20% (200/1000)
[12-16 09:56:32 MainThread @decentralized_fqi_matrix.py:453]   Agent 1 progress: 30% (300/1000)
[12-16 09:56:32 MainThread @decentralized_fqi_matrix.py:453]   Agent 1 progress: 40% (400/1000)
[12-16 09:56:32 MainThread @decentralized_fqi_matrix.py:453]   Agent 1 progress: 50% (500/1000)
[12-16 09:56:32 MainThread @decentralized_fqi_matrix.py:453]   Agent 1 progress: 60% (600/1000)
[12-16 09:56:32 MainThread @decentralized_fqi_matrix.py:453]   Agent 1 progress: 70% (700/1000)
[12-16 09:56:32 MainThread @decentralized_fqi_matrix.py:453]   Agent 1 progress: 80% (800/1000)
[12-16 09:56:32 MainThread @decentralized_fqi_matrix.py:453]   Agent 1 progress: 90% (900/1000)
[12-16 09:56:32 MainThread @decentralized_fqi_matrix.py:486]   Agent 1 completed: avg Nash time=0.00ms
[12-16 09:56:32 MainThread @decentralized_fqi_matrix.py:379] Computing targets for agent 2/6...
[12-16 09:56:32 MainThread @decentralized_fqi_matrix.py:453]   Agent 2 progress: 10% (100/1000)
[12-16 09:56:32 MainThread @decentralized_fqi_matrix.py:453]   Agent 2 progress: 20% (200/1000)
[12-16 09:56:32 MainThread @decentralized_fqi_matrix.py:453]   Agent 2 progress: 30% (300/1000)
[12-16 09:56:32 MainThread @decentralized_fqi_matrix.py:453]   Agent 2 progress: 40% (400/1000)
[12-16 09:56:32 MainThread @decentralized_fqi_matrix.py:453]   Agent 2 progress: 50% (500/1000)
[12-16 09:56:32 MainThread @decentralized_fqi_matrix.py:453]   Agent 2 progress: 60% (600/1000)
[12-16 09:56:32 MainThread @decentralized_fqi_matrix.py:453]   Agent 2 progress: 70% (700/1000)
[12-16 09:56:32 MainThread @decentralized_fqi_matrix.py:453]   Agent 2 progress: 80% (800/1000)
[12-16 09:56:32 MainThread @decentralized_fqi_matrix.py:453]   Agent 2 progress: 90% (900/1000)
[12-16 09:56:32 MainThread @decentralized_fqi_matrix.py:486]   Agent 2 completed: avg Nash time=0.00ms
[12-16 09:56:32 MainThread @decentralized_fqi_matrix.py:379] Computing targets for agent 3/6...
[12-16 09:56:32 MainThread @decentralized_fqi_matrix.py:453]   Agent 3 progress: 10% (100/1000)
[12-16 09:56:32 MainThread @decentralized_fqi_matrix.py:453]   Agent 3 progress: 20% (200/1000)
[12-16 09:56:32 MainThread @decentralized_fqi_matrix.py:453]   Agent 3 progress: 30% (300/1000)
[12-16 09:56:32 MainThread @decentralized_fqi_matrix.py:453]   Agent 3 progress: 40% (400/1000)
[12-16 09:56:32 MainThread @decentralized_fqi_matrix.py:453]   Agent 3 progress: 50% (500/1000)
[12-16 09:56:32 MainThread @decentralized_fqi_matrix.py:453]   Agent 3 progress: 60% (600/1000)
[12-16 09:56:32 MainThread @decentralized_fqi_matrix.py:453]   Agent 3 progress: 70% (700/1000)
[12-16 09:56:32 MainThread @decentralized_fqi_matrix.py:453]   Agent 3 progress: 80% (800/1000)
[12-16 09:56:32 MainThread @decentralized_fqi_matrix.py:453]   Agent 3 progress: 90% (900/1000)
[12-16 09:56:32 MainThread @decentralized_fqi_matrix.py:486]   Agent 3 completed: avg Nash time=0.00ms
[12-16 09:56:32 MainThread @decentralized_fqi_matrix.py:379] Computing targets for agent 4/6...
[12-16 09:56:32 MainThread @decentralized_fqi_matrix.py:453]   Agent 4 progress: 10% (100/1000)
[12-16 09:56:32 MainThread @decentralized_fqi_matrix.py:453]   Agent 4 progress: 20% (200/1000)
[12-16 09:56:32 MainThread @decentralized_fqi_matrix.py:453]   Agent 4 progress: 30% (300/1000)
[12-16 09:56:32 MainThread @decentralized_fqi_matrix.py:453]   Agent 4 progress: 40% (400/1000)
[12-16 09:56:32 MainThread @decentralized_fqi_matrix.py:453]   Agent 4 progress: 50% (500/1000)
[12-16 09:56:32 MainThread @decentralized_fqi_matrix.py:453]   Agent 4 progress: 60% (600/1000)
[12-16 09:56:32 MainThread @decentralized_fqi_matrix.py:453]   Agent 4 progress: 70% (700/1000)
[12-16 09:56:32 MainThread @decentralized_fqi_matrix.py:453]   Agent 4 progress: 80% (800/1000)
[12-16 09:56:32 MainThread @decentralized_fqi_matrix.py:453]   Agent 4 progress: 90% (900/1000)
[12-16 09:56:32 MainThread @decentralized_fqi_matrix.py:486]   Agent 4 completed: avg Nash time=0.00ms
[12-16 09:56:32 MainThread @decentralized_fqi_matrix.py:379] Computing targets for agent 5/6...
[12-16 09:56:32 MainThread @decentralized_fqi_matrix.py:453]   Agent 5 progress: 10% (100/1000)
[12-16 09:56:32 MainThread @decentralized_fqi_matrix.py:453]   Agent 5 progress: 20% (200/1000)
[12-16 09:56:32 MainThread @decentralized_fqi_matrix.py:453]   Agent 5 progress: 30% (300/1000)
[12-16 09:56:32 MainThread @decentralized_fqi_matrix.py:453]   Agent 5 progress: 40% (400/1000)
[12-16 09:56:32 MainThread @decentralized_fqi_matrix.py:453]   Agent 5 progress: 50% (500/1000)
[12-16 09:56:32 MainThread @decentralized_fqi_matrix.py:453]   Agent 5 progress: 60% (600/1000)
[12-16 09:56:32 MainThread @decentralized_fqi_matrix.py:453]   Agent 5 progress: 70% (700/1000)
[12-16 09:56:32 MainThread @decentralized_fqi_matrix.py:453]   Agent 5 progress: 80% (800/1000)
[12-16 09:56:32 MainThread @decentralized_fqi_matrix.py:453]   Agent 5 progress: 90% (900/1000)
[12-16 09:56:32 MainThread @decentralized_fqi_matrix.py:486]   Agent 5 completed: avg Nash time=0.00ms
[12-16 09:56:32 MainThread @decentralized_fqi_matrix.py:379] Computing targets for agent 6/6...
[12-16 09:56:32 MainThread @decentralized_fqi_matrix.py:453]   Agent 6 progress: 10% (100/1000)
[12-16 09:56:32 MainThread @decentralized_fqi_matrix.py:453]   Agent 6 progress: 20% (200/1000)
[12-16 09:56:32 MainThread @decentralized_fqi_matrix.py:453]   Agent 6 progress: 30% (300/1000)
[12-16 09:56:32 MainThread @decentralized_fqi_matrix.py:453]   Agent 6 progress: 40% (400/1000)
[12-16 09:56:32 MainThread @decentralized_fqi_matrix.py:453]   Agent 6 progress: 50% (500/1000)
[12-16 09:56:32 MainThread @decentralized_fqi_matrix.py:453]   Agent 6 progress: 60% (600/1000)
[12-16 09:56:32 MainThread @decentralized_fqi_matrix.py:453]   Agent 6 progress: 70% (700/1000)
[12-16 09:56:32 MainThread @decentralized_fqi_matrix.py:453]   Agent 6 progress: 80% (800/1000)
[12-16 09:56:32 MainThread @decentralized_fqi_matrix.py:453]   Agent 6 progress: 90% (900/1000)
[12-16 09:56:32 MainThread @decentralized_fqi_matrix.py:486]   Agent 6 completed: avg Nash time=0.00ms
[12-16 09:56:32 MainThread @decentralized_fqi_matrix.py:389] Mean Nash solving time: 0.0000s
[12-16 09:56:32 MainThread @decentralized_fqi_matrix.py:393] Nash cache: 0.0% hit rate (0 hits, 0 misses, 0 cached)
[12-16 09:56:32 MainThread @decentralized_fqi_matrix.py:398] Solving (4) by DIGing decentralized optimization...
[12-16 09:56:34 MainThread @decentralized_fqi_matrix.py:417] Iteration 9 completed: loss=0.4834, td_error=0.5069, consensus_error=0.000174
[12-16 09:56:34 MainThread @decentralized_fqi_matrix.py:573]   [收敛检测] Loss趋势: +0.0053, 波动std: 0.0019
[12-16 09:56:34 MainThread @decentralized_fqi_matrix.py:369] 
=== Fitted Q-Iteration 10/100 ===
[12-16 09:56:34 MainThread @decentralized_fqi_matrix.py:379] Computing targets for agent 1/6...
[12-16 09:56:34 MainThread @decentralized_fqi_matrix.py:453]   Agent 1 progress: 10% (100/1000)
[12-16 09:56:34 MainThread @decentralized_fqi_matrix.py:453]   Agent 1 progress: 20% (200/1000)
[12-16 09:56:34 MainThread @decentralized_fqi_matrix.py:453]   Agent 1 progress: 30% (300/1000)
[12-16 09:56:34 MainThread @decentralized_fqi_matrix.py:453]   Agent 1 progress: 40% (400/1000)
[12-16 09:56:34 MainThread @decentralized_fqi_matrix.py:453]   Agent 1 progress: 50% (500/1000)
[12-16 09:56:34 MainThread @decentralized_fqi_matrix.py:453]   Agent 1 progress: 60% (600/1000)
[12-16 09:56:34 MainThread @decentralized_fqi_matrix.py:453]   Agent 1 progress: 70% (700/1000)
[12-16 09:56:34 MainThread @decentralized_fqi_matrix.py:453]   Agent 1 progress: 80% (800/1000)
[12-16 09:56:34 MainThread @decentralized_fqi_matrix.py:453]   Agent 1 progress: 90% (900/1000)
[12-16 09:56:34 MainThread @decentralized_fqi_matrix.py:486]   Agent 1 completed: avg Nash time=0.00ms
[12-16 09:56:34 MainThread @decentralized_fqi_matrix.py:379] Computing targets for agent 2/6...
[12-16 09:56:34 MainThread @decentralized_fqi_matrix.py:453]   Agent 2 progress: 10% (100/1000)
[12-16 09:56:34 MainThread @decentralized_fqi_matrix.py:453]   Agent 2 progress: 20% (200/1000)
[12-16 09:56:34 MainThread @decentralized_fqi_matrix.py:453]   Agent 2 progress: 30% (300/1000)
[12-16 09:56:34 MainThread @decentralized_fqi_matrix.py:453]   Agent 2 progress: 40% (400/1000)
[12-16 09:56:34 MainThread @decentralized_fqi_matrix.py:453]   Agent 2 progress: 50% (500/1000)
[12-16 09:56:34 MainThread @decentralized_fqi_matrix.py:453]   Agent 2 progress: 60% (600/1000)
[12-16 09:56:34 MainThread @decentralized_fqi_matrix.py:453]   Agent 2 progress: 70% (700/1000)
[12-16 09:56:34 MainThread @decentralized_fqi_matrix.py:453]   Agent 2 progress: 80% (800/1000)
[12-16 09:56:34 MainThread @decentralized_fqi_matrix.py:453]   Agent 2 progress: 90% (900/1000)
[12-16 09:56:34 MainThread @decentralized_fqi_matrix.py:486]   Agent 2 completed: avg Nash time=0.00ms
[12-16 09:56:34 MainThread @decentralized_fqi_matrix.py:379] Computing targets for agent 3/6...
[12-16 09:56:34 MainThread @decentralized_fqi_matrix.py:453]   Agent 3 progress: 10% (100/1000)
[12-16 09:56:34 MainThread @decentralized_fqi_matrix.py:453]   Agent 3 progress: 20% (200/1000)
[12-16 09:56:34 MainThread @decentralized_fqi_matrix.py:453]   Agent 3 progress: 30% (300/1000)
[12-16 09:56:34 MainThread @decentralized_fqi_matrix.py:453]   Agent 3 progress: 40% (400/1000)
[12-16 09:56:34 MainThread @decentralized_fqi_matrix.py:453]   Agent 3 progress: 50% (500/1000)
[12-16 09:56:34 MainThread @decentralized_fqi_matrix.py:453]   Agent 3 progress: 60% (600/1000)
[12-16 09:56:34 MainThread @decentralized_fqi_matrix.py:453]   Agent 3 progress: 70% (700/1000)
[12-16 09:56:34 MainThread @decentralized_fqi_matrix.py:453]   Agent 3 progress: 80% (800/1000)
[12-16 09:56:34 MainThread @decentralized_fqi_matrix.py:453]   Agent 3 progress: 90% (900/1000)
[12-16 09:56:34 MainThread @decentralized_fqi_matrix.py:486]   Agent 3 completed: avg Nash time=0.00ms
[12-16 09:56:34 MainThread @decentralized_fqi_matrix.py:379] Computing targets for agent 4/6...
[12-16 09:56:34 MainThread @decentralized_fqi_matrix.py:453]   Agent 4 progress: 10% (100/1000)
[12-16 09:56:34 MainThread @decentralized_fqi_matrix.py:453]   Agent 4 progress: 20% (200/1000)
[12-16 09:56:34 MainThread @decentralized_fqi_matrix.py:453]   Agent 4 progress: 30% (300/1000)
[12-16 09:56:34 MainThread @decentralized_fqi_matrix.py:453]   Agent 4 progress: 40% (400/1000)
[12-16 09:56:34 MainThread @decentralized_fqi_matrix.py:453]   Agent 4 progress: 50% (500/1000)
[12-16 09:56:34 MainThread @decentralized_fqi_matrix.py:453]   Agent 4 progress: 60% (600/1000)
[12-16 09:56:34 MainThread @decentralized_fqi_matrix.py:453]   Agent 4 progress: 70% (700/1000)
[12-16 09:56:34 MainThread @decentralized_fqi_matrix.py:453]   Agent 4 progress: 80% (800/1000)
[12-16 09:56:34 MainThread @decentralized_fqi_matrix.py:453]   Agent 4 progress: 90% (900/1000)
[12-16 09:56:34 MainThread @decentralized_fqi_matrix.py:486]   Agent 4 completed: avg Nash time=0.00ms
[12-16 09:56:34 MainThread @decentralized_fqi_matrix.py:379] Computing targets for agent 5/6...
[12-16 09:56:34 MainThread @decentralized_fqi_matrix.py:453]   Agent 5 progress: 10% (100/1000)
[12-16 09:56:34 MainThread @decentralized_fqi_matrix.py:453]   Agent 5 progress: 20% (200/1000)
[12-16 09:56:34 MainThread @decentralized_fqi_matrix.py:453]   Agent 5 progress: 30% (300/1000)
[12-16 09:56:34 MainThread @decentralized_fqi_matrix.py:453]   Agent 5 progress: 40% (400/1000)
[12-16 09:56:34 MainThread @decentralized_fqi_matrix.py:453]   Agent 5 progress: 50% (500/1000)
[12-16 09:56:34 MainThread @decentralized_fqi_matrix.py:453]   Agent 5 progress: 60% (600/1000)
[12-16 09:56:34 MainThread @decentralized_fqi_matrix.py:453]   Agent 5 progress: 70% (700/1000)
[12-16 09:56:34 MainThread @decentralized_fqi_matrix.py:453]   Agent 5 progress: 80% (800/1000)
[12-16 09:56:34 MainThread @decentralized_fqi_matrix.py:453]   Agent 5 progress: 90% (900/1000)
[12-16 09:56:34 MainThread @decentralized_fqi_matrix.py:486]   Agent 5 completed: avg Nash time=0.00ms
[12-16 09:56:34 MainThread @decentralized_fqi_matrix.py:379] Computing targets for agent 6/6...
[12-16 09:56:34 MainThread @decentralized_fqi_matrix.py:453]   Agent 6 progress: 10% (100/1000)
[12-16 09:56:34 MainThread @decentralized_fqi_matrix.py:453]   Agent 6 progress: 20% (200/1000)
[12-16 09:56:34 MainThread @decentralized_fqi_matrix.py:453]   Agent 6 progress: 30% (300/1000)
[12-16 09:56:34 MainThread @decentralized_fqi_matrix.py:453]   Agent 6 progress: 40% (400/1000)
[12-16 09:56:34 MainThread @decentralized_fqi_matrix.py:453]   Agent 6 progress: 50% (500/1000)
[12-16 09:56:34 MainThread @decentralized_fqi_matrix.py:453]   Agent 6 progress: 60% (600/1000)
[12-16 09:56:34 MainThread @decentralized_fqi_matrix.py:453]   Agent 6 progress: 70% (700/1000)
[12-16 09:56:34 MainThread @decentralized_fqi_matrix.py:453]   Agent 6 progress: 80% (800/1000)
[12-16 09:56:34 MainThread @decentralized_fqi_matrix.py:453]   Agent 6 progress: 90% (900/1000)
[12-16 09:56:34 MainThread @decentralized_fqi_matrix.py:486]   Agent 6 completed: avg Nash time=0.00ms
[12-16 09:56:34 MainThread @decentralized_fqi_matrix.py:389] Mean Nash solving time: 0.0000s
[12-16 09:56:34 MainThread @decentralized_fqi_matrix.py:393] Nash cache: 0.0% hit rate (0 hits, 0 misses, 0 cached)
[12-16 09:56:34 MainThread @decentralized_fqi_matrix.py:398] Solving (4) by DIGing decentralized optimization...
[12-16 09:56:36 MainThread @decentralized_fqi_matrix.py:417] Iteration 10 completed: loss=0.4818, td_error=0.5075, consensus_error=0.000253
[12-16 09:56:36 MainThread @decentralized_fqi_matrix.py:573]   [收敛检测] Loss趋势: +0.0054, 波动std: 0.0021
[12-16 09:56:36 MainThread @train_matrix.py:293] 
=== Evaluation at Iteration 10 ===
[12-16 09:56:36 MainThread @train_matrix.py:294]   Nash distance: 0.816497
[12-16 09:56:36 MainThread @train_matrix.py:295]   Learned Nash value: 0.0081 (True: -0.0000)
[12-16 09:56:36 MainThread @train_matrix.py:297]   Value error: 0.008088

[12-16 09:56:36 MainThread @decentralized_fqi_matrix.py:369] 
=== Fitted Q-Iteration 11/100 ===
[12-16 09:56:36 MainThread @decentralized_fqi_matrix.py:379] Computing targets for agent 1/6...
[12-16 09:56:36 MainThread @decentralized_fqi_matrix.py:453]   Agent 1 progress: 10% (100/1000)
[12-16 09:56:36 MainThread @decentralized_fqi_matrix.py:453]   Agent 1 progress: 20% (200/1000)
[12-16 09:56:36 MainThread @decentralized_fqi_matrix.py:453]   Agent 1 progress: 30% (300/1000)
[12-16 09:56:36 MainThread @decentralized_fqi_matrix.py:453]   Agent 1 progress: 40% (400/1000)
[12-16 09:56:36 MainThread @decentralized_fqi_matrix.py:453]   Agent 1 progress: 50% (500/1000)
[12-16 09:56:36 MainThread @decentralized_fqi_matrix.py:453]   Agent 1 progress: 60% (600/1000)
[12-16 09:56:36 MainThread @decentralized_fqi_matrix.py:453]   Agent 1 progress: 70% (700/1000)
[12-16 09:56:36 MainThread @decentralized_fqi_matrix.py:453]   Agent 1 progress: 80% (800/1000)
[12-16 09:56:36 MainThread @decentralized_fqi_matrix.py:453]   Agent 1 progress: 90% (900/1000)
[12-16 09:56:36 MainThread @decentralized_fqi_matrix.py:486]   Agent 1 completed: avg Nash time=0.00ms
[12-16 09:56:36 MainThread @decentralized_fqi_matrix.py:379] Computing targets for agent 2/6...
[12-16 09:56:36 MainThread @decentralized_fqi_matrix.py:453]   Agent 2 progress: 10% (100/1000)
[12-16 09:56:36 MainThread @decentralized_fqi_matrix.py:453]   Agent 2 progress: 20% (200/1000)
[12-16 09:56:36 MainThread @decentralized_fqi_matrix.py:453]   Agent 2 progress: 30% (300/1000)
[12-16 09:56:36 MainThread @decentralized_fqi_matrix.py:453]   Agent 2 progress: 40% (400/1000)
[12-16 09:56:36 MainThread @decentralized_fqi_matrix.py:453]   Agent 2 progress: 50% (500/1000)
[12-16 09:56:36 MainThread @decentralized_fqi_matrix.py:453]   Agent 2 progress: 60% (600/1000)
[12-16 09:56:36 MainThread @decentralized_fqi_matrix.py:453]   Agent 2 progress: 70% (700/1000)
[12-16 09:56:36 MainThread @decentralized_fqi_matrix.py:453]   Agent 2 progress: 80% (800/1000)
[12-16 09:56:36 MainThread @decentralized_fqi_matrix.py:453]   Agent 2 progress: 90% (900/1000)
[12-16 09:56:36 MainThread @decentralized_fqi_matrix.py:486]   Agent 2 completed: avg Nash time=0.00ms
[12-16 09:56:36 MainThread @decentralized_fqi_matrix.py:379] Computing targets for agent 3/6...
[12-16 09:56:36 MainThread @decentralized_fqi_matrix.py:453]   Agent 3 progress: 10% (100/1000)
[12-16 09:56:36 MainThread @decentralized_fqi_matrix.py:453]   Agent 3 progress: 20% (200/1000)
[12-16 09:56:36 MainThread @decentralized_fqi_matrix.py:453]   Agent 3 progress: 30% (300/1000)
[12-16 09:56:36 MainThread @decentralized_fqi_matrix.py:453]   Agent 3 progress: 40% (400/1000)
[12-16 09:56:36 MainThread @decentralized_fqi_matrix.py:453]   Agent 3 progress: 50% (500/1000)
[12-16 09:56:36 MainThread @decentralized_fqi_matrix.py:453]   Agent 3 progress: 60% (600/1000)
[12-16 09:56:36 MainThread @decentralized_fqi_matrix.py:453]   Agent 3 progress: 70% (700/1000)
[12-16 09:56:36 MainThread @decentralized_fqi_matrix.py:453]   Agent 3 progress: 80% (800/1000)
[12-16 09:56:36 MainThread @decentralized_fqi_matrix.py:453]   Agent 3 progress: 90% (900/1000)
[12-16 09:56:36 MainThread @decentralized_fqi_matrix.py:486]   Agent 3 completed: avg Nash time=0.00ms
[12-16 09:56:36 MainThread @decentralized_fqi_matrix.py:379] Computing targets for agent 4/6...
[12-16 09:56:36 MainThread @decentralized_fqi_matrix.py:453]   Agent 4 progress: 10% (100/1000)
[12-16 09:56:36 MainThread @decentralized_fqi_matrix.py:453]   Agent 4 progress: 20% (200/1000)
[12-16 09:56:36 MainThread @decentralized_fqi_matrix.py:453]   Agent 4 progress: 30% (300/1000)
[12-16 09:56:36 MainThread @decentralized_fqi_matrix.py:453]   Agent 4 progress: 40% (400/1000)
[12-16 09:56:36 MainThread @decentralized_fqi_matrix.py:453]   Agent 4 progress: 50% (500/1000)
[12-16 09:56:36 MainThread @decentralized_fqi_matrix.py:453]   Agent 4 progress: 60% (600/1000)
[12-16 09:56:36 MainThread @decentralized_fqi_matrix.py:453]   Agent 4 progress: 70% (700/1000)
[12-16 09:56:36 MainThread @decentralized_fqi_matrix.py:453]   Agent 4 progress: 80% (800/1000)
[12-16 09:56:36 MainThread @decentralized_fqi_matrix.py:453]   Agent 4 progress: 90% (900/1000)
[12-16 09:56:36 MainThread @decentralized_fqi_matrix.py:486]   Agent 4 completed: avg Nash time=0.00ms
[12-16 09:56:36 MainThread @decentralized_fqi_matrix.py:379] Computing targets for agent 5/6...
[12-16 09:56:36 MainThread @decentralized_fqi_matrix.py:453]   Agent 5 progress: 10% (100/1000)
[12-16 09:56:36 MainThread @decentralized_fqi_matrix.py:453]   Agent 5 progress: 20% (200/1000)
[12-16 09:56:36 MainThread @decentralized_fqi_matrix.py:453]   Agent 5 progress: 30% (300/1000)
[12-16 09:56:36 MainThread @decentralized_fqi_matrix.py:453]   Agent 5 progress: 40% (400/1000)
[12-16 09:56:36 MainThread @decentralized_fqi_matrix.py:453]   Agent 5 progress: 50% (500/1000)
[12-16 09:56:36 MainThread @decentralized_fqi_matrix.py:453]   Agent 5 progress: 60% (600/1000)
[12-16 09:56:36 MainThread @decentralized_fqi_matrix.py:453]   Agent 5 progress: 70% (700/1000)
[12-16 09:56:36 MainThread @decentralized_fqi_matrix.py:453]   Agent 5 progress: 80% (800/1000)
[12-16 09:56:36 MainThread @decentralized_fqi_matrix.py:453]   Agent 5 progress: 90% (900/1000)
[12-16 09:56:36 MainThread @decentralized_fqi_matrix.py:486]   Agent 5 completed: avg Nash time=0.00ms
[12-16 09:56:36 MainThread @decentralized_fqi_matrix.py:379] Computing targets for agent 6/6...
[12-16 09:56:36 MainThread @decentralized_fqi_matrix.py:453]   Agent 6 progress: 10% (100/1000)
[12-16 09:56:36 MainThread @decentralized_fqi_matrix.py:453]   Agent 6 progress: 20% (200/1000)
[12-16 09:56:36 MainThread @decentralized_fqi_matrix.py:453]   Agent 6 progress: 30% (300/1000)
[12-16 09:56:36 MainThread @decentralized_fqi_matrix.py:453]   Agent 6 progress: 40% (400/1000)
[12-16 09:56:36 MainThread @decentralized_fqi_matrix.py:453]   Agent 6 progress: 50% (500/1000)
[12-16 09:56:36 MainThread @decentralized_fqi_matrix.py:453]   Agent 6 progress: 60% (600/1000)
[12-16 09:56:36 MainThread @decentralized_fqi_matrix.py:453]   Agent 6 progress: 70% (700/1000)
[12-16 09:56:36 MainThread @decentralized_fqi_matrix.py:453]   Agent 6 progress: 80% (800/1000)
[12-16 09:56:36 MainThread @decentralized_fqi_matrix.py:453]   Agent 6 progress: 90% (900/1000)
[12-16 09:56:36 MainThread @decentralized_fqi_matrix.py:486]   Agent 6 completed: avg Nash time=0.00ms
[12-16 09:56:36 MainThread @decentralized_fqi_matrix.py:389] Mean Nash solving time: 0.0000s
[12-16 09:56:36 MainThread @decentralized_fqi_matrix.py:393] Nash cache: 0.0% hit rate (0 hits, 3 misses, 3 cached)
[12-16 09:56:36 MainThread @decentralized_fqi_matrix.py:398] Solving (4) by DIGing decentralized optimization...
[12-16 09:56:38 MainThread @decentralized_fqi_matrix.py:417] Iteration 11 completed: loss=0.4795, td_error=0.5078, consensus_error=0.000312
[12-16 09:56:38 MainThread @decentralized_fqi_matrix.py:573]   [收敛检测] Loss趋势: +0.0075, 波动std: 0.0026
[12-16 09:56:38 MainThread @decentralized_fqi_matrix.py:369] 
=== Fitted Q-Iteration 12/100 ===
[12-16 09:56:38 MainThread @decentralized_fqi_matrix.py:379] Computing targets for agent 1/6...
[12-16 09:56:38 MainThread @decentralized_fqi_matrix.py:453]   Agent 1 progress: 10% (100/1000)
[12-16 09:56:38 MainThread @decentralized_fqi_matrix.py:453]   Agent 1 progress: 20% (200/1000)
[12-16 09:56:38 MainThread @decentralized_fqi_matrix.py:453]   Agent 1 progress: 30% (300/1000)
[12-16 09:56:38 MainThread @decentralized_fqi_matrix.py:453]   Agent 1 progress: 40% (400/1000)
[12-16 09:56:38 MainThread @decentralized_fqi_matrix.py:453]   Agent 1 progress: 50% (500/1000)
[12-16 09:56:38 MainThread @decentralized_fqi_matrix.py:453]   Agent 1 progress: 60% (600/1000)
[12-16 09:56:38 MainThread @decentralized_fqi_matrix.py:453]   Agent 1 progress: 70% (700/1000)
[12-16 09:56:38 MainThread @decentralized_fqi_matrix.py:453]   Agent 1 progress: 80% (800/1000)
[12-16 09:56:38 MainThread @decentralized_fqi_matrix.py:453]   Agent 1 progress: 90% (900/1000)
[12-16 09:56:38 MainThread @decentralized_fqi_matrix.py:486]   Agent 1 completed: avg Nash time=0.00ms
[12-16 09:56:38 MainThread @decentralized_fqi_matrix.py:379] Computing targets for agent 2/6...
[12-16 09:56:38 MainThread @decentralized_fqi_matrix.py:453]   Agent 2 progress: 10% (100/1000)
[12-16 09:56:38 MainThread @decentralized_fqi_matrix.py:453]   Agent 2 progress: 20% (200/1000)
[12-16 09:56:38 MainThread @decentralized_fqi_matrix.py:453]   Agent 2 progress: 30% (300/1000)
[12-16 09:56:38 MainThread @decentralized_fqi_matrix.py:453]   Agent 2 progress: 40% (400/1000)
[12-16 09:56:38 MainThread @decentralized_fqi_matrix.py:453]   Agent 2 progress: 50% (500/1000)
[12-16 09:56:38 MainThread @decentralized_fqi_matrix.py:453]   Agent 2 progress: 60% (600/1000)
[12-16 09:56:38 MainThread @decentralized_fqi_matrix.py:453]   Agent 2 progress: 70% (700/1000)
[12-16 09:56:38 MainThread @decentralized_fqi_matrix.py:453]   Agent 2 progress: 80% (800/1000)
[12-16 09:56:38 MainThread @decentralized_fqi_matrix.py:453]   Agent 2 progress: 90% (900/1000)
[12-16 09:56:38 MainThread @decentralized_fqi_matrix.py:486]   Agent 2 completed: avg Nash time=0.00ms
[12-16 09:56:38 MainThread @decentralized_fqi_matrix.py:379] Computing targets for agent 3/6...
[12-16 09:56:38 MainThread @decentralized_fqi_matrix.py:453]   Agent 3 progress: 10% (100/1000)
[12-16 09:56:38 MainThread @decentralized_fqi_matrix.py:453]   Agent 3 progress: 20% (200/1000)
[12-16 09:56:38 MainThread @decentralized_fqi_matrix.py:453]   Agent 3 progress: 30% (300/1000)
[12-16 09:56:38 MainThread @decentralized_fqi_matrix.py:453]   Agent 3 progress: 40% (400/1000)
[12-16 09:56:38 MainThread @decentralized_fqi_matrix.py:453]   Agent 3 progress: 50% (500/1000)
[12-16 09:56:38 MainThread @decentralized_fqi_matrix.py:453]   Agent 3 progress: 60% (600/1000)
[12-16 09:56:38 MainThread @decentralized_fqi_matrix.py:453]   Agent 3 progress: 70% (700/1000)
[12-16 09:56:38 MainThread @decentralized_fqi_matrix.py:453]   Agent 3 progress: 80% (800/1000)
[12-16 09:56:38 MainThread @decentralized_fqi_matrix.py:453]   Agent 3 progress: 90% (900/1000)
[12-16 09:56:38 MainThread @decentralized_fqi_matrix.py:486]   Agent 3 completed: avg Nash time=0.00ms
[12-16 09:56:38 MainThread @decentralized_fqi_matrix.py:379] Computing targets for agent 4/6...
[12-16 09:56:38 MainThread @decentralized_fqi_matrix.py:453]   Agent 4 progress: 10% (100/1000)
[12-16 09:56:38 MainThread @decentralized_fqi_matrix.py:453]   Agent 4 progress: 20% (200/1000)
[12-16 09:56:38 MainThread @decentralized_fqi_matrix.py:453]   Agent 4 progress: 30% (300/1000)
[12-16 09:56:38 MainThread @decentralized_fqi_matrix.py:453]   Agent 4 progress: 40% (400/1000)
[12-16 09:56:38 MainThread @decentralized_fqi_matrix.py:453]   Agent 4 progress: 50% (500/1000)
[12-16 09:56:38 MainThread @decentralized_fqi_matrix.py:453]   Agent 4 progress: 60% (600/1000)
[12-16 09:56:38 MainThread @decentralized_fqi_matrix.py:453]   Agent 4 progress: 70% (700/1000)
[12-16 09:56:38 MainThread @decentralized_fqi_matrix.py:453]   Agent 4 progress: 80% (800/1000)
[12-16 09:56:38 MainThread @decentralized_fqi_matrix.py:453]   Agent 4 progress: 90% (900/1000)
[12-16 09:56:38 MainThread @decentralized_fqi_matrix.py:486]   Agent 4 completed: avg Nash time=0.00ms
[12-16 09:56:38 MainThread @decentralized_fqi_matrix.py:379] Computing targets for agent 5/6...
[12-16 09:56:38 MainThread @decentralized_fqi_matrix.py:453]   Agent 5 progress: 10% (100/1000)
[12-16 09:56:38 MainThread @decentralized_fqi_matrix.py:453]   Agent 5 progress: 20% (200/1000)
[12-16 09:56:38 MainThread @decentralized_fqi_matrix.py:453]   Agent 5 progress: 30% (300/1000)
[12-16 09:56:38 MainThread @decentralized_fqi_matrix.py:453]   Agent 5 progress: 40% (400/1000)
[12-16 09:56:38 MainThread @decentralized_fqi_matrix.py:453]   Agent 5 progress: 50% (500/1000)
[12-16 09:56:38 MainThread @decentralized_fqi_matrix.py:453]   Agent 5 progress: 60% (600/1000)
[12-16 09:56:38 MainThread @decentralized_fqi_matrix.py:453]   Agent 5 progress: 70% (700/1000)
[12-16 09:56:38 MainThread @decentralized_fqi_matrix.py:453]   Agent 5 progress: 80% (800/1000)
[12-16 09:56:38 MainThread @decentralized_fqi_matrix.py:453]   Agent 5 progress: 90% (900/1000)
[12-16 09:56:38 MainThread @decentralized_fqi_matrix.py:486]   Agent 5 completed: avg Nash time=0.00ms
[12-16 09:56:38 MainThread @decentralized_fqi_matrix.py:379] Computing targets for agent 6/6...
[12-16 09:56:38 MainThread @decentralized_fqi_matrix.py:453]   Agent 6 progress: 10% (100/1000)
[12-16 09:56:38 MainThread @decentralized_fqi_matrix.py:453]   Agent 6 progress: 20% (200/1000)
[12-16 09:56:38 MainThread @decentralized_fqi_matrix.py:453]   Agent 6 progress: 30% (300/1000)
[12-16 09:56:38 MainThread @decentralized_fqi_matrix.py:453]   Agent 6 progress: 40% (400/1000)
[12-16 09:56:38 MainThread @decentralized_fqi_matrix.py:453]   Agent 6 progress: 50% (500/1000)
[12-16 09:56:38 MainThread @decentralized_fqi_matrix.py:453]   Agent 6 progress: 60% (600/1000)
[12-16 09:56:38 MainThread @decentralized_fqi_matrix.py:453]   Agent 6 progress: 70% (700/1000)
[12-16 09:56:38 MainThread @decentralized_fqi_matrix.py:453]   Agent 6 progress: 80% (800/1000)
[12-16 09:56:38 MainThread @decentralized_fqi_matrix.py:453]   Agent 6 progress: 90% (900/1000)
[12-16 09:56:38 MainThread @decentralized_fqi_matrix.py:486]   Agent 6 completed: avg Nash time=0.00ms
[12-16 09:56:38 MainThread @decentralized_fqi_matrix.py:389] Mean Nash solving time: 0.0000s
[12-16 09:56:38 MainThread @decentralized_fqi_matrix.py:393] Nash cache: 0.0% hit rate (0 hits, 3 misses, 3 cached)
[12-16 09:56:38 MainThread @decentralized_fqi_matrix.py:398] Solving (4) by DIGing decentralized optimization...
[12-16 09:56:40 MainThread @decentralized_fqi_matrix.py:417] Iteration 12 completed: loss=0.4777, td_error=0.5088, consensus_error=0.000407
[12-16 09:56:40 MainThread @decentralized_fqi_matrix.py:573]   [收敛检测] Loss趋势: +0.0074, 波动std: 0.0026
[12-16 09:56:40 MainThread @decentralized_fqi_matrix.py:369] 
=== Fitted Q-Iteration 13/100 ===
[12-16 09:56:40 MainThread @decentralized_fqi_matrix.py:379] Computing targets for agent 1/6...
[12-16 09:56:40 MainThread @decentralized_fqi_matrix.py:453]   Agent 1 progress: 10% (100/1000)
[12-16 09:56:40 MainThread @decentralized_fqi_matrix.py:453]   Agent 1 progress: 20% (200/1000)
[12-16 09:56:40 MainThread @decentralized_fqi_matrix.py:453]   Agent 1 progress: 30% (300/1000)
[12-16 09:56:40 MainThread @decentralized_fqi_matrix.py:453]   Agent 1 progress: 40% (400/1000)
[12-16 09:56:40 MainThread @decentralized_fqi_matrix.py:453]   Agent 1 progress: 50% (500/1000)
[12-16 09:56:40 MainThread @decentralized_fqi_matrix.py:453]   Agent 1 progress: 60% (600/1000)
[12-16 09:56:40 MainThread @decentralized_fqi_matrix.py:453]   Agent 1 progress: 70% (700/1000)
[12-16 09:56:40 MainThread @decentralized_fqi_matrix.py:453]   Agent 1 progress: 80% (800/1000)
[12-16 09:56:40 MainThread @decentralized_fqi_matrix.py:453]   Agent 1 progress: 90% (900/1000)
[12-16 09:56:40 MainThread @decentralized_fqi_matrix.py:486]   Agent 1 completed: avg Nash time=0.00ms
[12-16 09:56:40 MainThread @decentralized_fqi_matrix.py:379] Computing targets for agent 2/6...
[12-16 09:56:40 MainThread @decentralized_fqi_matrix.py:453]   Agent 2 progress: 10% (100/1000)
[12-16 09:56:40 MainThread @decentralized_fqi_matrix.py:453]   Agent 2 progress: 20% (200/1000)
[12-16 09:56:40 MainThread @decentralized_fqi_matrix.py:453]   Agent 2 progress: 30% (300/1000)
[12-16 09:56:40 MainThread @decentralized_fqi_matrix.py:453]   Agent 2 progress: 40% (400/1000)
[12-16 09:56:40 MainThread @decentralized_fqi_matrix.py:453]   Agent 2 progress: 50% (500/1000)
[12-16 09:56:40 MainThread @decentralized_fqi_matrix.py:453]   Agent 2 progress: 60% (600/1000)
[12-16 09:56:40 MainThread @decentralized_fqi_matrix.py:453]   Agent 2 progress: 70% (700/1000)
[12-16 09:56:40 MainThread @decentralized_fqi_matrix.py:453]   Agent 2 progress: 80% (800/1000)
[12-16 09:56:40 MainThread @decentralized_fqi_matrix.py:453]   Agent 2 progress: 90% (900/1000)
[12-16 09:56:40 MainThread @decentralized_fqi_matrix.py:486]   Agent 2 completed: avg Nash time=0.00ms
[12-16 09:56:40 MainThread @decentralized_fqi_matrix.py:379] Computing targets for agent 3/6...
[12-16 09:56:40 MainThread @decentralized_fqi_matrix.py:453]   Agent 3 progress: 10% (100/1000)
[12-16 09:56:40 MainThread @decentralized_fqi_matrix.py:453]   Agent 3 progress: 20% (200/1000)
[12-16 09:56:40 MainThread @decentralized_fqi_matrix.py:453]   Agent 3 progress: 30% (300/1000)
[12-16 09:56:40 MainThread @decentralized_fqi_matrix.py:453]   Agent 3 progress: 40% (400/1000)
[12-16 09:56:40 MainThread @decentralized_fqi_matrix.py:453]   Agent 3 progress: 50% (500/1000)
[12-16 09:56:40 MainThread @decentralized_fqi_matrix.py:453]   Agent 3 progress: 60% (600/1000)
[12-16 09:56:40 MainThread @decentralized_fqi_matrix.py:453]   Agent 3 progress: 70% (700/1000)
[12-16 09:56:40 MainThread @decentralized_fqi_matrix.py:453]   Agent 3 progress: 80% (800/1000)
[12-16 09:56:40 MainThread @decentralized_fqi_matrix.py:453]   Agent 3 progress: 90% (900/1000)
[12-16 09:56:40 MainThread @decentralized_fqi_matrix.py:486]   Agent 3 completed: avg Nash time=0.00ms
[12-16 09:56:40 MainThread @decentralized_fqi_matrix.py:379] Computing targets for agent 4/6...
[12-16 09:56:40 MainThread @decentralized_fqi_matrix.py:453]   Agent 4 progress: 10% (100/1000)
[12-16 09:56:40 MainThread @decentralized_fqi_matrix.py:453]   Agent 4 progress: 20% (200/1000)
[12-16 09:56:40 MainThread @decentralized_fqi_matrix.py:453]   Agent 4 progress: 30% (300/1000)
[12-16 09:56:40 MainThread @decentralized_fqi_matrix.py:453]   Agent 4 progress: 40% (400/1000)
[12-16 09:56:40 MainThread @decentralized_fqi_matrix.py:453]   Agent 4 progress: 50% (500/1000)
[12-16 09:56:40 MainThread @decentralized_fqi_matrix.py:453]   Agent 4 progress: 60% (600/1000)
[12-16 09:56:40 MainThread @decentralized_fqi_matrix.py:453]   Agent 4 progress: 70% (700/1000)
[12-16 09:56:40 MainThread @decentralized_fqi_matrix.py:453]   Agent 4 progress: 80% (800/1000)
[12-16 09:56:40 MainThread @decentralized_fqi_matrix.py:453]   Agent 4 progress: 90% (900/1000)
[12-16 09:56:40 MainThread @decentralized_fqi_matrix.py:486]   Agent 4 completed: avg Nash time=0.00ms
[12-16 09:56:40 MainThread @decentralized_fqi_matrix.py:379] Computing targets for agent 5/6...
[12-16 09:56:40 MainThread @decentralized_fqi_matrix.py:453]   Agent 5 progress: 10% (100/1000)
[12-16 09:56:40 MainThread @decentralized_fqi_matrix.py:453]   Agent 5 progress: 20% (200/1000)
[12-16 09:56:40 MainThread @decentralized_fqi_matrix.py:453]   Agent 5 progress: 30% (300/1000)
[12-16 09:56:40 MainThread @decentralized_fqi_matrix.py:453]   Agent 5 progress: 40% (400/1000)
[12-16 09:56:40 MainThread @decentralized_fqi_matrix.py:453]   Agent 5 progress: 50% (500/1000)
[12-16 09:56:40 MainThread @decentralized_fqi_matrix.py:453]   Agent 5 progress: 60% (600/1000)
[12-16 09:56:40 MainThread @decentralized_fqi_matrix.py:453]   Agent 5 progress: 70% (700/1000)
[12-16 09:56:40 MainThread @decentralized_fqi_matrix.py:453]   Agent 5 progress: 80% (800/1000)
[12-16 09:56:40 MainThread @decentralized_fqi_matrix.py:453]   Agent 5 progress: 90% (900/1000)
[12-16 09:56:40 MainThread @decentralized_fqi_matrix.py:486]   Agent 5 completed: avg Nash time=0.00ms
[12-16 09:56:40 MainThread @decentralized_fqi_matrix.py:379] Computing targets for agent 6/6...
[12-16 09:56:40 MainThread @decentralized_fqi_matrix.py:453]   Agent 6 progress: 10% (100/1000)
[12-16 09:56:40 MainThread @decentralized_fqi_matrix.py:453]   Agent 6 progress: 20% (200/1000)
[12-16 09:56:40 MainThread @decentralized_fqi_matrix.py:453]   Agent 6 progress: 30% (300/1000)
[12-16 09:56:40 MainThread @decentralized_fqi_matrix.py:453]   Agent 6 progress: 40% (400/1000)
[12-16 09:56:40 MainThread @decentralized_fqi_matrix.py:453]   Agent 6 progress: 50% (500/1000)
[12-16 09:56:40 MainThread @decentralized_fqi_matrix.py:453]   Agent 6 progress: 60% (600/1000)
[12-16 09:56:40 MainThread @decentralized_fqi_matrix.py:453]   Agent 6 progress: 70% (700/1000)
[12-16 09:56:40 MainThread @decentralized_fqi_matrix.py:453]   Agent 6 progress: 80% (800/1000)
[12-16 09:56:40 MainThread @decentralized_fqi_matrix.py:453]   Agent 6 progress: 90% (900/1000)
[12-16 09:56:40 MainThread @decentralized_fqi_matrix.py:486]   Agent 6 completed: avg Nash time=0.00ms
[12-16 09:56:40 MainThread @decentralized_fqi_matrix.py:389] Mean Nash solving time: 0.0000s
[12-16 09:56:40 MainThread @decentralized_fqi_matrix.py:393] Nash cache: 0.0% hit rate (0 hits, 3 misses, 3 cached)
[12-16 09:56:40 MainThread @decentralized_fqi_matrix.py:398] Solving (4) by DIGing decentralized optimization...
[12-16 09:56:42 MainThread @decentralized_fqi_matrix.py:417] Iteration 13 completed: loss=0.4767, td_error=0.5106, consensus_error=0.000385
[12-16 09:56:42 MainThread @decentralized_fqi_matrix.py:573]   [收敛检测] Loss趋势: +0.0067, 波动std: 0.0025
[12-16 09:56:42 MainThread @decentralized_fqi_matrix.py:369] 
=== Fitted Q-Iteration 14/100 ===
[12-16 09:56:42 MainThread @decentralized_fqi_matrix.py:379] Computing targets for agent 1/6...
[12-16 09:56:42 MainThread @decentralized_fqi_matrix.py:453]   Agent 1 progress: 10% (100/1000)
[12-16 09:56:42 MainThread @decentralized_fqi_matrix.py:453]   Agent 1 progress: 20% (200/1000)
[12-16 09:56:42 MainThread @decentralized_fqi_matrix.py:453]   Agent 1 progress: 30% (300/1000)
[12-16 09:56:42 MainThread @decentralized_fqi_matrix.py:453]   Agent 1 progress: 40% (400/1000)
[12-16 09:56:42 MainThread @decentralized_fqi_matrix.py:453]   Agent 1 progress: 50% (500/1000)
[12-16 09:56:42 MainThread @decentralized_fqi_matrix.py:453]   Agent 1 progress: 60% (600/1000)
[12-16 09:56:42 MainThread @decentralized_fqi_matrix.py:453]   Agent 1 progress: 70% (700/1000)
[12-16 09:56:42 MainThread @decentralized_fqi_matrix.py:453]   Agent 1 progress: 80% (800/1000)
[12-16 09:56:42 MainThread @decentralized_fqi_matrix.py:453]   Agent 1 progress: 90% (900/1000)
[12-16 09:56:42 MainThread @decentralized_fqi_matrix.py:486]   Agent 1 completed: avg Nash time=0.00ms
[12-16 09:56:42 MainThread @decentralized_fqi_matrix.py:379] Computing targets for agent 2/6...
[12-16 09:56:42 MainThread @decentralized_fqi_matrix.py:453]   Agent 2 progress: 10% (100/1000)
[12-16 09:56:42 MainThread @decentralized_fqi_matrix.py:453]   Agent 2 progress: 20% (200/1000)
[12-16 09:56:42 MainThread @decentralized_fqi_matrix.py:453]   Agent 2 progress: 30% (300/1000)
[12-16 09:56:42 MainThread @decentralized_fqi_matrix.py:453]   Agent 2 progress: 40% (400/1000)
[12-16 09:56:42 MainThread @decentralized_fqi_matrix.py:453]   Agent 2 progress: 50% (500/1000)
[12-16 09:56:42 MainThread @decentralized_fqi_matrix.py:453]   Agent 2 progress: 60% (600/1000)
[12-16 09:56:42 MainThread @decentralized_fqi_matrix.py:453]   Agent 2 progress: 70% (700/1000)
[12-16 09:56:42 MainThread @decentralized_fqi_matrix.py:453]   Agent 2 progress: 80% (800/1000)
[12-16 09:56:42 MainThread @decentralized_fqi_matrix.py:453]   Agent 2 progress: 90% (900/1000)
[12-16 09:56:42 MainThread @decentralized_fqi_matrix.py:486]   Agent 2 completed: avg Nash time=0.00ms
[12-16 09:56:42 MainThread @decentralized_fqi_matrix.py:379] Computing targets for agent 3/6...
[12-16 09:56:42 MainThread @decentralized_fqi_matrix.py:453]   Agent 3 progress: 10% (100/1000)
[12-16 09:56:42 MainThread @decentralized_fqi_matrix.py:453]   Agent 3 progress: 20% (200/1000)
[12-16 09:56:42 MainThread @decentralized_fqi_matrix.py:453]   Agent 3 progress: 30% (300/1000)
[12-16 09:56:42 MainThread @decentralized_fqi_matrix.py:453]   Agent 3 progress: 40% (400/1000)
[12-16 09:56:42 MainThread @decentralized_fqi_matrix.py:453]   Agent 3 progress: 50% (500/1000)
[12-16 09:56:42 MainThread @decentralized_fqi_matrix.py:453]   Agent 3 progress: 60% (600/1000)
[12-16 09:56:42 MainThread @decentralized_fqi_matrix.py:453]   Agent 3 progress: 70% (700/1000)
[12-16 09:56:42 MainThread @decentralized_fqi_matrix.py:453]   Agent 3 progress: 80% (800/1000)
[12-16 09:56:42 MainThread @decentralized_fqi_matrix.py:453]   Agent 3 progress: 90% (900/1000)
[12-16 09:56:42 MainThread @decentralized_fqi_matrix.py:486]   Agent 3 completed: avg Nash time=0.00ms
[12-16 09:56:42 MainThread @decentralized_fqi_matrix.py:379] Computing targets for agent 4/6...
[12-16 09:56:42 MainThread @decentralized_fqi_matrix.py:453]   Agent 4 progress: 10% (100/1000)
[12-16 09:56:42 MainThread @decentralized_fqi_matrix.py:453]   Agent 4 progress: 20% (200/1000)
[12-16 09:56:42 MainThread @decentralized_fqi_matrix.py:453]   Agent 4 progress: 30% (300/1000)
[12-16 09:56:42 MainThread @decentralized_fqi_matrix.py:453]   Agent 4 progress: 40% (400/1000)
[12-16 09:56:42 MainThread @decentralized_fqi_matrix.py:453]   Agent 4 progress: 50% (500/1000)
[12-16 09:56:42 MainThread @decentralized_fqi_matrix.py:453]   Agent 4 progress: 60% (600/1000)
[12-16 09:56:42 MainThread @decentralized_fqi_matrix.py:453]   Agent 4 progress: 70% (700/1000)
[12-16 09:56:42 MainThread @decentralized_fqi_matrix.py:453]   Agent 4 progress: 80% (800/1000)
[12-16 09:56:42 MainThread @decentralized_fqi_matrix.py:453]   Agent 4 progress: 90% (900/1000)
[12-16 09:56:42 MainThread @decentralized_fqi_matrix.py:486]   Agent 4 completed: avg Nash time=0.00ms
[12-16 09:56:42 MainThread @decentralized_fqi_matrix.py:379] Computing targets for agent 5/6...
[12-16 09:56:42 MainThread @decentralized_fqi_matrix.py:453]   Agent 5 progress: 10% (100/1000)
[12-16 09:56:42 MainThread @decentralized_fqi_matrix.py:453]   Agent 5 progress: 20% (200/1000)
[12-16 09:56:42 MainThread @decentralized_fqi_matrix.py:453]   Agent 5 progress: 30% (300/1000)
[12-16 09:56:42 MainThread @decentralized_fqi_matrix.py:453]   Agent 5 progress: 40% (400/1000)
[12-16 09:56:42 MainThread @decentralized_fqi_matrix.py:453]   Agent 5 progress: 50% (500/1000)
[12-16 09:56:42 MainThread @decentralized_fqi_matrix.py:453]   Agent 5 progress: 60% (600/1000)
[12-16 09:56:42 MainThread @decentralized_fqi_matrix.py:453]   Agent 5 progress: 70% (700/1000)
[12-16 09:56:42 MainThread @decentralized_fqi_matrix.py:453]   Agent 5 progress: 80% (800/1000)
[12-16 09:56:42 MainThread @decentralized_fqi_matrix.py:453]   Agent 5 progress: 90% (900/1000)
[12-16 09:56:42 MainThread @decentralized_fqi_matrix.py:486]   Agent 5 completed: avg Nash time=0.00ms
[12-16 09:56:42 MainThread @decentralized_fqi_matrix.py:379] Computing targets for agent 6/6...
[12-16 09:56:42 MainThread @decentralized_fqi_matrix.py:453]   Agent 6 progress: 10% (100/1000)
[12-16 09:56:42 MainThread @decentralized_fqi_matrix.py:453]   Agent 6 progress: 20% (200/1000)
[12-16 09:56:42 MainThread @decentralized_fqi_matrix.py:453]   Agent 6 progress: 30% (300/1000)
[12-16 09:56:42 MainThread @decentralized_fqi_matrix.py:453]   Agent 6 progress: 40% (400/1000)
[12-16 09:56:42 MainThread @decentralized_fqi_matrix.py:453]   Agent 6 progress: 50% (500/1000)
[12-16 09:56:42 MainThread @decentralized_fqi_matrix.py:453]   Agent 6 progress: 60% (600/1000)
[12-16 09:56:42 MainThread @decentralized_fqi_matrix.py:453]   Agent 6 progress: 70% (700/1000)
[12-16 09:56:42 MainThread @decentralized_fqi_matrix.py:453]   Agent 6 progress: 80% (800/1000)
[12-16 09:56:42 MainThread @decentralized_fqi_matrix.py:453]   Agent 6 progress: 90% (900/1000)
[12-16 09:56:42 MainThread @decentralized_fqi_matrix.py:486]   Agent 6 completed: avg Nash time=0.00ms
[12-16 09:56:42 MainThread @decentralized_fqi_matrix.py:389] Mean Nash solving time: 0.0000s
[12-16 09:56:42 MainThread @decentralized_fqi_matrix.py:393] Nash cache: 0.0% hit rate (0 hits, 3 misses, 3 cached)
[12-16 09:56:42 MainThread @decentralized_fqi_matrix.py:398] Solving (4) by DIGing decentralized optimization...
[12-16 09:56:44 MainThread @decentralized_fqi_matrix.py:417] Iteration 14 completed: loss=0.4744, td_error=0.5113, consensus_error=0.000120
[12-16 09:56:44 MainThread @decentralized_fqi_matrix.py:573]   [收敛检测] Loss趋势: +0.0074, 波动std: 0.0025
[12-16 09:56:44 MainThread @decentralized_fqi_matrix.py:369] 
=== Fitted Q-Iteration 15/100 ===
[12-16 09:56:44 MainThread @decentralized_fqi_matrix.py:379] Computing targets for agent 1/6...
[12-16 09:56:44 MainThread @decentralized_fqi_matrix.py:453]   Agent 1 progress: 10% (100/1000)
[12-16 09:56:44 MainThread @decentralized_fqi_matrix.py:453]   Agent 1 progress: 20% (200/1000)
[12-16 09:56:44 MainThread @decentralized_fqi_matrix.py:453]   Agent 1 progress: 30% (300/1000)
[12-16 09:56:44 MainThread @decentralized_fqi_matrix.py:453]   Agent 1 progress: 40% (400/1000)
[12-16 09:56:44 MainThread @decentralized_fqi_matrix.py:453]   Agent 1 progress: 50% (500/1000)
[12-16 09:56:44 MainThread @decentralized_fqi_matrix.py:453]   Agent 1 progress: 60% (600/1000)
[12-16 09:56:44 MainThread @decentralized_fqi_matrix.py:453]   Agent 1 progress: 70% (700/1000)
[12-16 09:56:44 MainThread @decentralized_fqi_matrix.py:453]   Agent 1 progress: 80% (800/1000)
[12-16 09:56:44 MainThread @decentralized_fqi_matrix.py:453]   Agent 1 progress: 90% (900/1000)
[12-16 09:56:44 MainThread @decentralized_fqi_matrix.py:486]   Agent 1 completed: avg Nash time=0.00ms
[12-16 09:56:44 MainThread @decentralized_fqi_matrix.py:379] Computing targets for agent 2/6...
[12-16 09:56:44 MainThread @decentralized_fqi_matrix.py:453]   Agent 2 progress: 10% (100/1000)
[12-16 09:56:44 MainThread @decentralized_fqi_matrix.py:453]   Agent 2 progress: 20% (200/1000)
[12-16 09:56:44 MainThread @decentralized_fqi_matrix.py:453]   Agent 2 progress: 30% (300/1000)
[12-16 09:56:44 MainThread @decentralized_fqi_matrix.py:453]   Agent 2 progress: 40% (400/1000)
[12-16 09:56:44 MainThread @decentralized_fqi_matrix.py:453]   Agent 2 progress: 50% (500/1000)
[12-16 09:56:44 MainThread @decentralized_fqi_matrix.py:453]   Agent 2 progress: 60% (600/1000)
[12-16 09:56:44 MainThread @decentralized_fqi_matrix.py:453]   Agent 2 progress: 70% (700/1000)
[12-16 09:56:44 MainThread @decentralized_fqi_matrix.py:453]   Agent 2 progress: 80% (800/1000)
[12-16 09:56:44 MainThread @decentralized_fqi_matrix.py:453]   Agent 2 progress: 90% (900/1000)
[12-16 09:56:44 MainThread @decentralized_fqi_matrix.py:486]   Agent 2 completed: avg Nash time=0.00ms
[12-16 09:56:44 MainThread @decentralized_fqi_matrix.py:379] Computing targets for agent 3/6...
[12-16 09:56:44 MainThread @decentralized_fqi_matrix.py:453]   Agent 3 progress: 10% (100/1000)
[12-16 09:56:44 MainThread @decentralized_fqi_matrix.py:453]   Agent 3 progress: 20% (200/1000)
[12-16 09:56:44 MainThread @decentralized_fqi_matrix.py:453]   Agent 3 progress: 30% (300/1000)
[12-16 09:56:44 MainThread @decentralized_fqi_matrix.py:453]   Agent 3 progress: 40% (400/1000)
[12-16 09:56:44 MainThread @decentralized_fqi_matrix.py:453]   Agent 3 progress: 50% (500/1000)
[12-16 09:56:44 MainThread @decentralized_fqi_matrix.py:453]   Agent 3 progress: 60% (600/1000)
[12-16 09:56:44 MainThread @decentralized_fqi_matrix.py:453]   Agent 3 progress: 70% (700/1000)
[12-16 09:56:44 MainThread @decentralized_fqi_matrix.py:453]   Agent 3 progress: 80% (800/1000)
[12-16 09:56:44 MainThread @decentralized_fqi_matrix.py:453]   Agent 3 progress: 90% (900/1000)
[12-16 09:56:44 MainThread @decentralized_fqi_matrix.py:486]   Agent 3 completed: avg Nash time=0.00ms
[12-16 09:56:44 MainThread @decentralized_fqi_matrix.py:379] Computing targets for agent 4/6...
[12-16 09:56:44 MainThread @decentralized_fqi_matrix.py:453]   Agent 4 progress: 10% (100/1000)
[12-16 09:56:44 MainThread @decentralized_fqi_matrix.py:453]   Agent 4 progress: 20% (200/1000)
[12-16 09:56:44 MainThread @decentralized_fqi_matrix.py:453]   Agent 4 progress: 30% (300/1000)
[12-16 09:56:44 MainThread @decentralized_fqi_matrix.py:453]   Agent 4 progress: 40% (400/1000)
[12-16 09:56:44 MainThread @decentralized_fqi_matrix.py:453]   Agent 4 progress: 50% (500/1000)
[12-16 09:56:44 MainThread @decentralized_fqi_matrix.py:453]   Agent 4 progress: 60% (600/1000)
[12-16 09:56:44 MainThread @decentralized_fqi_matrix.py:453]   Agent 4 progress: 70% (700/1000)
[12-16 09:56:44 MainThread @decentralized_fqi_matrix.py:453]   Agent 4 progress: 80% (800/1000)
[12-16 09:56:44 MainThread @decentralized_fqi_matrix.py:453]   Agent 4 progress: 90% (900/1000)
[12-16 09:56:44 MainThread @decentralized_fqi_matrix.py:486]   Agent 4 completed: avg Nash time=0.00ms
[12-16 09:56:44 MainThread @decentralized_fqi_matrix.py:379] Computing targets for agent 5/6...
[12-16 09:56:44 MainThread @decentralized_fqi_matrix.py:453]   Agent 5 progress: 10% (100/1000)
[12-16 09:56:44 MainThread @decentralized_fqi_matrix.py:453]   Agent 5 progress: 20% (200/1000)
[12-16 09:56:44 MainThread @decentralized_fqi_matrix.py:453]   Agent 5 progress: 30% (300/1000)
[12-16 09:56:44 MainThread @decentralized_fqi_matrix.py:453]   Agent 5 progress: 40% (400/1000)
[12-16 09:56:44 MainThread @decentralized_fqi_matrix.py:453]   Agent 5 progress: 50% (500/1000)
[12-16 09:56:44 MainThread @decentralized_fqi_matrix.py:453]   Agent 5 progress: 60% (600/1000)
[12-16 09:56:44 MainThread @decentralized_fqi_matrix.py:453]   Agent 5 progress: 70% (700/1000)
[12-16 09:56:44 MainThread @decentralized_fqi_matrix.py:453]   Agent 5 progress: 80% (800/1000)
[12-16 09:56:44 MainThread @decentralized_fqi_matrix.py:453]   Agent 5 progress: 90% (900/1000)
[12-16 09:56:44 MainThread @decentralized_fqi_matrix.py:486]   Agent 5 completed: avg Nash time=0.00ms
[12-16 09:56:44 MainThread @decentralized_fqi_matrix.py:379] Computing targets for agent 6/6...
[12-16 09:56:44 MainThread @decentralized_fqi_matrix.py:453]   Agent 6 progress: 10% (100/1000)
[12-16 09:56:44 MainThread @decentralized_fqi_matrix.py:453]   Agent 6 progress: 20% (200/1000)
[12-16 09:56:44 MainThread @decentralized_fqi_matrix.py:453]   Agent 6 progress: 30% (300/1000)
[12-16 09:56:44 MainThread @decentralized_fqi_matrix.py:453]   Agent 6 progress: 40% (400/1000)
[12-16 09:56:44 MainThread @decentralized_fqi_matrix.py:453]   Agent 6 progress: 50% (500/1000)
[12-16 09:56:44 MainThread @decentralized_fqi_matrix.py:453]   Agent 6 progress: 60% (600/1000)
[12-16 09:56:44 MainThread @decentralized_fqi_matrix.py:453]   Agent 6 progress: 70% (700/1000)
[12-16 09:56:44 MainThread @decentralized_fqi_matrix.py:453]   Agent 6 progress: 80% (800/1000)
[12-16 09:56:44 MainThread @decentralized_fqi_matrix.py:453]   Agent 6 progress: 90% (900/1000)
[12-16 09:56:44 MainThread @decentralized_fqi_matrix.py:486]   Agent 6 completed: avg Nash time=0.00ms
[12-16 09:56:44 MainThread @decentralized_fqi_matrix.py:389] Mean Nash solving time: 0.0000s
[12-16 09:56:44 MainThread @decentralized_fqi_matrix.py:393] Nash cache: 0.0% hit rate (0 hits, 3 misses, 3 cached)
[12-16 09:56:44 MainThread @decentralized_fqi_matrix.py:398] Solving (4) by DIGing decentralized optimization...
[12-16 09:56:46 MainThread @decentralized_fqi_matrix.py:417] Iteration 15 completed: loss=0.4724, td_error=0.5125, consensus_error=0.000384
[12-16 09:56:46 MainThread @decentralized_fqi_matrix.py:573]   [收敛检测] Loss趋势: +0.0071, 波动std: 0.0025
[12-16 09:56:46 MainThread @decentralized_fqi_matrix.py:369] 
=== Fitted Q-Iteration 16/100 ===
[12-16 09:56:46 MainThread @decentralized_fqi_matrix.py:379] Computing targets for agent 1/6...
[12-16 09:56:46 MainThread @decentralized_fqi_matrix.py:453]   Agent 1 progress: 10% (100/1000)
[12-16 09:56:46 MainThread @decentralized_fqi_matrix.py:453]   Agent 1 progress: 20% (200/1000)
[12-16 09:56:46 MainThread @decentralized_fqi_matrix.py:453]   Agent 1 progress: 30% (300/1000)
[12-16 09:56:46 MainThread @decentralized_fqi_matrix.py:453]   Agent 1 progress: 40% (400/1000)
[12-16 09:56:46 MainThread @decentralized_fqi_matrix.py:453]   Agent 1 progress: 50% (500/1000)
[12-16 09:56:46 MainThread @decentralized_fqi_matrix.py:453]   Agent 1 progress: 60% (600/1000)
[12-16 09:56:46 MainThread @decentralized_fqi_matrix.py:453]   Agent 1 progress: 70% (700/1000)
[12-16 09:56:46 MainThread @decentralized_fqi_matrix.py:453]   Agent 1 progress: 80% (800/1000)
[12-16 09:56:46 MainThread @decentralized_fqi_matrix.py:453]   Agent 1 progress: 90% (900/1000)
[12-16 09:56:46 MainThread @decentralized_fqi_matrix.py:486]   Agent 1 completed: avg Nash time=0.00ms
[12-16 09:56:46 MainThread @decentralized_fqi_matrix.py:379] Computing targets for agent 2/6...
[12-16 09:56:46 MainThread @decentralized_fqi_matrix.py:453]   Agent 2 progress: 10% (100/1000)
[12-16 09:56:46 MainThread @decentralized_fqi_matrix.py:453]   Agent 2 progress: 20% (200/1000)
[12-16 09:56:46 MainThread @decentralized_fqi_matrix.py:453]   Agent 2 progress: 30% (300/1000)
[12-16 09:56:46 MainThread @decentralized_fqi_matrix.py:453]   Agent 2 progress: 40% (400/1000)
[12-16 09:56:46 MainThread @decentralized_fqi_matrix.py:453]   Agent 2 progress: 50% (500/1000)
[12-16 09:56:46 MainThread @decentralized_fqi_matrix.py:453]   Agent 2 progress: 60% (600/1000)
[12-16 09:56:46 MainThread @decentralized_fqi_matrix.py:453]   Agent 2 progress: 70% (700/1000)
[12-16 09:56:46 MainThread @decentralized_fqi_matrix.py:453]   Agent 2 progress: 80% (800/1000)
[12-16 09:56:46 MainThread @decentralized_fqi_matrix.py:453]   Agent 2 progress: 90% (900/1000)
[12-16 09:56:46 MainThread @decentralized_fqi_matrix.py:486]   Agent 2 completed: avg Nash time=0.00ms
[12-16 09:56:46 MainThread @decentralized_fqi_matrix.py:379] Computing targets for agent 3/6...
[12-16 09:56:46 MainThread @decentralized_fqi_matrix.py:453]   Agent 3 progress: 10% (100/1000)
[12-16 09:56:46 MainThread @decentralized_fqi_matrix.py:453]   Agent 3 progress: 20% (200/1000)
[12-16 09:56:46 MainThread @decentralized_fqi_matrix.py:453]   Agent 3 progress: 30% (300/1000)
[12-16 09:56:46 MainThread @decentralized_fqi_matrix.py:453]   Agent 3 progress: 40% (400/1000)
[12-16 09:56:46 MainThread @decentralized_fqi_matrix.py:453]   Agent 3 progress: 50% (500/1000)
[12-16 09:56:46 MainThread @decentralized_fqi_matrix.py:453]   Agent 3 progress: 60% (600/1000)
[12-16 09:56:46 MainThread @decentralized_fqi_matrix.py:453]   Agent 3 progress: 70% (700/1000)
[12-16 09:56:46 MainThread @decentralized_fqi_matrix.py:453]   Agent 3 progress: 80% (800/1000)
[12-16 09:56:46 MainThread @decentralized_fqi_matrix.py:453]   Agent 3 progress: 90% (900/1000)
[12-16 09:56:46 MainThread @decentralized_fqi_matrix.py:486]   Agent 3 completed: avg Nash time=0.00ms
[12-16 09:56:46 MainThread @decentralized_fqi_matrix.py:379] Computing targets for agent 4/6...
[12-16 09:56:46 MainThread @decentralized_fqi_matrix.py:453]   Agent 4 progress: 10% (100/1000)
[12-16 09:56:46 MainThread @decentralized_fqi_matrix.py:453]   Agent 4 progress: 20% (200/1000)
[12-16 09:56:46 MainThread @decentralized_fqi_matrix.py:453]   Agent 4 progress: 30% (300/1000)
[12-16 09:56:46 MainThread @decentralized_fqi_matrix.py:453]   Agent 4 progress: 40% (400/1000)
[12-16 09:56:46 MainThread @decentralized_fqi_matrix.py:453]   Agent 4 progress: 50% (500/1000)
[12-16 09:56:46 MainThread @decentralized_fqi_matrix.py:453]   Agent 4 progress: 60% (600/1000)
[12-16 09:56:46 MainThread @decentralized_fqi_matrix.py:453]   Agent 4 progress: 70% (700/1000)
[12-16 09:56:46 MainThread @decentralized_fqi_matrix.py:453]   Agent 4 progress: 80% (800/1000)
[12-16 09:56:46 MainThread @decentralized_fqi_matrix.py:453]   Agent 4 progress: 90% (900/1000)
[12-16 09:56:46 MainThread @decentralized_fqi_matrix.py:486]   Agent 4 completed: avg Nash time=0.00ms
[12-16 09:56:46 MainThread @decentralized_fqi_matrix.py:379] Computing targets for agent 5/6...
[12-16 09:56:46 MainThread @decentralized_fqi_matrix.py:453]   Agent 5 progress: 10% (100/1000)
[12-16 09:56:46 MainThread @decentralized_fqi_matrix.py:453]   Agent 5 progress: 20% (200/1000)
[12-16 09:56:46 MainThread @decentralized_fqi_matrix.py:453]   Agent 5 progress: 30% (300/1000)
[12-16 09:56:46 MainThread @decentralized_fqi_matrix.py:453]   Agent 5 progress: 40% (400/1000)
[12-16 09:56:46 MainThread @decentralized_fqi_matrix.py:453]   Agent 5 progress: 50% (500/1000)
[12-16 09:56:46 MainThread @decentralized_fqi_matrix.py:453]   Agent 5 progress: 60% (600/1000)
[12-16 09:56:46 MainThread @decentralized_fqi_matrix.py:453]   Agent 5 progress: 70% (700/1000)
[12-16 09:56:46 MainThread @decentralized_fqi_matrix.py:453]   Agent 5 progress: 80% (800/1000)
[12-16 09:56:46 MainThread @decentralized_fqi_matrix.py:453]   Agent 5 progress: 90% (900/1000)
[12-16 09:56:46 MainThread @decentralized_fqi_matrix.py:486]   Agent 5 completed: avg Nash time=0.00ms
[12-16 09:56:46 MainThread @decentralized_fqi_matrix.py:379] Computing targets for agent 6/6...
[12-16 09:56:46 MainThread @decentralized_fqi_matrix.py:453]   Agent 6 progress: 10% (100/1000)
[12-16 09:56:46 MainThread @decentralized_fqi_matrix.py:453]   Agent 6 progress: 20% (200/1000)
[12-16 09:56:46 MainThread @decentralized_fqi_matrix.py:453]   Agent 6 progress: 30% (300/1000)
[12-16 09:56:46 MainThread @decentralized_fqi_matrix.py:453]   Agent 6 progress: 40% (400/1000)
[12-16 09:56:46 MainThread @decentralized_fqi_matrix.py:453]   Agent 6 progress: 50% (500/1000)
[12-16 09:56:46 MainThread @decentralized_fqi_matrix.py:453]   Agent 6 progress: 60% (600/1000)
[12-16 09:56:46 MainThread @decentralized_fqi_matrix.py:453]   Agent 6 progress: 70% (700/1000)
[12-16 09:56:46 MainThread @decentralized_fqi_matrix.py:453]   Agent 6 progress: 80% (800/1000)
[12-16 09:56:46 MainThread @decentralized_fqi_matrix.py:453]   Agent 6 progress: 90% (900/1000)
[12-16 09:56:46 MainThread @decentralized_fqi_matrix.py:486]   Agent 6 completed: avg Nash time=0.00ms
[12-16 09:56:46 MainThread @decentralized_fqi_matrix.py:389] Mean Nash solving time: 0.0000s
[12-16 09:56:46 MainThread @decentralized_fqi_matrix.py:393] Nash cache: 0.0% hit rate (0 hits, 3 misses, 3 cached)
[12-16 09:56:46 MainThread @decentralized_fqi_matrix.py:398] Solving (4) by DIGing decentralized optimization...
[12-16 09:56:48 MainThread @decentralized_fqi_matrix.py:417] Iteration 16 completed: loss=0.4692, td_error=0.5126, consensus_error=0.000804
[12-16 09:56:48 MainThread @decentralized_fqi_matrix.py:573]   [收敛检测] Loss趋势: +0.0085, 波动std: 0.0031
[12-16 09:56:48 MainThread @decentralized_fqi_matrix.py:369] 
=== Fitted Q-Iteration 17/100 ===
[12-16 09:56:48 MainThread @decentralized_fqi_matrix.py:379] Computing targets for agent 1/6...
[12-16 09:56:48 MainThread @decentralized_fqi_matrix.py:453]   Agent 1 progress: 10% (100/1000)
[12-16 09:56:48 MainThread @decentralized_fqi_matrix.py:453]   Agent 1 progress: 20% (200/1000)
[12-16 09:56:48 MainThread @decentralized_fqi_matrix.py:453]   Agent 1 progress: 30% (300/1000)
[12-16 09:56:48 MainThread @decentralized_fqi_matrix.py:453]   Agent 1 progress: 40% (400/1000)
[12-16 09:56:48 MainThread @decentralized_fqi_matrix.py:453]   Agent 1 progress: 50% (500/1000)
[12-16 09:56:48 MainThread @decentralized_fqi_matrix.py:453]   Agent 1 progress: 60% (600/1000)
[12-16 09:56:48 MainThread @decentralized_fqi_matrix.py:453]   Agent 1 progress: 70% (700/1000)
[12-16 09:56:48 MainThread @decentralized_fqi_matrix.py:453]   Agent 1 progress: 80% (800/1000)
[12-16 09:56:48 MainThread @decentralized_fqi_matrix.py:453]   Agent 1 progress: 90% (900/1000)
[12-16 09:56:48 MainThread @decentralized_fqi_matrix.py:486]   Agent 1 completed: avg Nash time=0.00ms
[12-16 09:56:48 MainThread @decentralized_fqi_matrix.py:379] Computing targets for agent 2/6...
[12-16 09:56:48 MainThread @decentralized_fqi_matrix.py:453]   Agent 2 progress: 10% (100/1000)
[12-16 09:56:48 MainThread @decentralized_fqi_matrix.py:453]   Agent 2 progress: 20% (200/1000)
[12-16 09:56:48 MainThread @decentralized_fqi_matrix.py:453]   Agent 2 progress: 30% (300/1000)
[12-16 09:56:48 MainThread @decentralized_fqi_matrix.py:453]   Agent 2 progress: 40% (400/1000)
[12-16 09:56:48 MainThread @decentralized_fqi_matrix.py:453]   Agent 2 progress: 50% (500/1000)
[12-16 09:56:48 MainThread @decentralized_fqi_matrix.py:453]   Agent 2 progress: 60% (600/1000)
[12-16 09:56:48 MainThread @decentralized_fqi_matrix.py:453]   Agent 2 progress: 70% (700/1000)
[12-16 09:56:48 MainThread @decentralized_fqi_matrix.py:453]   Agent 2 progress: 80% (800/1000)
[12-16 09:56:48 MainThread @decentralized_fqi_matrix.py:453]   Agent 2 progress: 90% (900/1000)
[12-16 09:56:48 MainThread @decentralized_fqi_matrix.py:486]   Agent 2 completed: avg Nash time=0.00ms
[12-16 09:56:48 MainThread @decentralized_fqi_matrix.py:379] Computing targets for agent 3/6...
[12-16 09:56:48 MainThread @decentralized_fqi_matrix.py:453]   Agent 3 progress: 10% (100/1000)
[12-16 09:56:48 MainThread @decentralized_fqi_matrix.py:453]   Agent 3 progress: 20% (200/1000)
[12-16 09:56:48 MainThread @decentralized_fqi_matrix.py:453]   Agent 3 progress: 30% (300/1000)
[12-16 09:56:48 MainThread @decentralized_fqi_matrix.py:453]   Agent 3 progress: 40% (400/1000)
[12-16 09:56:48 MainThread @decentralized_fqi_matrix.py:453]   Agent 3 progress: 50% (500/1000)
[12-16 09:56:48 MainThread @decentralized_fqi_matrix.py:453]   Agent 3 progress: 60% (600/1000)
[12-16 09:56:48 MainThread @decentralized_fqi_matrix.py:453]   Agent 3 progress: 70% (700/1000)
[12-16 09:56:48 MainThread @decentralized_fqi_matrix.py:453]   Agent 3 progress: 80% (800/1000)
[12-16 09:56:48 MainThread @decentralized_fqi_matrix.py:453]   Agent 3 progress: 90% (900/1000)
[12-16 09:56:48 MainThread @decentralized_fqi_matrix.py:486]   Agent 3 completed: avg Nash time=0.00ms
[12-16 09:56:48 MainThread @decentralized_fqi_matrix.py:379] Computing targets for agent 4/6...
[12-16 09:56:48 MainThread @decentralized_fqi_matrix.py:453]   Agent 4 progress: 10% (100/1000)
[12-16 09:56:48 MainThread @decentralized_fqi_matrix.py:453]   Agent 4 progress: 20% (200/1000)
[12-16 09:56:48 MainThread @decentralized_fqi_matrix.py:453]   Agent 4 progress: 30% (300/1000)
[12-16 09:56:48 MainThread @decentralized_fqi_matrix.py:453]   Agent 4 progress: 40% (400/1000)
[12-16 09:56:48 MainThread @decentralized_fqi_matrix.py:453]   Agent 4 progress: 50% (500/1000)
[12-16 09:56:48 MainThread @decentralized_fqi_matrix.py:453]   Agent 4 progress: 60% (600/1000)
[12-16 09:56:48 MainThread @decentralized_fqi_matrix.py:453]   Agent 4 progress: 70% (700/1000)
[12-16 09:56:48 MainThread @decentralized_fqi_matrix.py:453]   Agent 4 progress: 80% (800/1000)
[12-16 09:56:48 MainThread @decentralized_fqi_matrix.py:453]   Agent 4 progress: 90% (900/1000)
[12-16 09:56:48 MainThread @decentralized_fqi_matrix.py:486]   Agent 4 completed: avg Nash time=0.00ms
[12-16 09:56:48 MainThread @decentralized_fqi_matrix.py:379] Computing targets for agent 5/6...
[12-16 09:56:48 MainThread @decentralized_fqi_matrix.py:453]   Agent 5 progress: 10% (100/1000)
[12-16 09:56:48 MainThread @decentralized_fqi_matrix.py:453]   Agent 5 progress: 20% (200/1000)
[12-16 09:56:48 MainThread @decentralized_fqi_matrix.py:453]   Agent 5 progress: 30% (300/1000)
[12-16 09:56:48 MainThread @decentralized_fqi_matrix.py:453]   Agent 5 progress: 40% (400/1000)
[12-16 09:56:48 MainThread @decentralized_fqi_matrix.py:453]   Agent 5 progress: 50% (500/1000)
[12-16 09:56:48 MainThread @decentralized_fqi_matrix.py:453]   Agent 5 progress: 60% (600/1000)
[12-16 09:56:48 MainThread @decentralized_fqi_matrix.py:453]   Agent 5 progress: 70% (700/1000)
[12-16 09:56:48 MainThread @decentralized_fqi_matrix.py:453]   Agent 5 progress: 80% (800/1000)
[12-16 09:56:48 MainThread @decentralized_fqi_matrix.py:453]   Agent 5 progress: 90% (900/1000)
[12-16 09:56:48 MainThread @decentralized_fqi_matrix.py:486]   Agent 5 completed: avg Nash time=0.00ms
[12-16 09:56:48 MainThread @decentralized_fqi_matrix.py:379] Computing targets for agent 6/6...
[12-16 09:56:48 MainThread @decentralized_fqi_matrix.py:453]   Agent 6 progress: 10% (100/1000)
[12-16 09:56:48 MainThread @decentralized_fqi_matrix.py:453]   Agent 6 progress: 20% (200/1000)
[12-16 09:56:48 MainThread @decentralized_fqi_matrix.py:453]   Agent 6 progress: 30% (300/1000)
[12-16 09:56:48 MainThread @decentralized_fqi_matrix.py:453]   Agent 6 progress: 40% (400/1000)
[12-16 09:56:48 MainThread @decentralized_fqi_matrix.py:453]   Agent 6 progress: 50% (500/1000)
[12-16 09:56:48 MainThread @decentralized_fqi_matrix.py:453]   Agent 6 progress: 60% (600/1000)
[12-16 09:56:48 MainThread @decentralized_fqi_matrix.py:453]   Agent 6 progress: 70% (700/1000)
[12-16 09:56:48 MainThread @decentralized_fqi_matrix.py:453]   Agent 6 progress: 80% (800/1000)
[12-16 09:56:48 MainThread @decentralized_fqi_matrix.py:453]   Agent 6 progress: 90% (900/1000)
[12-16 09:56:48 MainThread @decentralized_fqi_matrix.py:486]   Agent 6 completed: avg Nash time=0.00ms
[12-16 09:56:48 MainThread @decentralized_fqi_matrix.py:389] Mean Nash solving time: 0.0000s
[12-16 09:56:48 MainThread @decentralized_fqi_matrix.py:393] Nash cache: 0.0% hit rate (0 hits, 3 misses, 3 cached)
[12-16 09:56:48 MainThread @decentralized_fqi_matrix.py:398] Solving (4) by DIGing decentralized optimization...
[12-16 09:56:50 MainThread @decentralized_fqi_matrix.py:417] Iteration 17 completed: loss=0.4675, td_error=0.5139, consensus_error=0.000269
[12-16 09:56:50 MainThread @decentralized_fqi_matrix.py:573]   [收敛检测] Loss趋势: +0.0092, 波动std: 0.0034
[12-16 09:56:50 MainThread @decentralized_fqi_matrix.py:369] 
=== Fitted Q-Iteration 18/100 ===
[12-16 09:56:50 MainThread @decentralized_fqi_matrix.py:379] Computing targets for agent 1/6...
[12-16 09:56:50 MainThread @decentralized_fqi_matrix.py:453]   Agent 1 progress: 10% (100/1000)
[12-16 09:56:50 MainThread @decentralized_fqi_matrix.py:453]   Agent 1 progress: 20% (200/1000)
[12-16 09:56:50 MainThread @decentralized_fqi_matrix.py:453]   Agent 1 progress: 30% (300/1000)
[12-16 09:56:50 MainThread @decentralized_fqi_matrix.py:453]   Agent 1 progress: 40% (400/1000)
[12-16 09:56:50 MainThread @decentralized_fqi_matrix.py:453]   Agent 1 progress: 50% (500/1000)
[12-16 09:56:50 MainThread @decentralized_fqi_matrix.py:453]   Agent 1 progress: 60% (600/1000)
[12-16 09:56:50 MainThread @decentralized_fqi_matrix.py:453]   Agent 1 progress: 70% (700/1000)
[12-16 09:56:50 MainThread @decentralized_fqi_matrix.py:453]   Agent 1 progress: 80% (800/1000)
[12-16 09:56:50 MainThread @decentralized_fqi_matrix.py:453]   Agent 1 progress: 90% (900/1000)
[12-16 09:56:50 MainThread @decentralized_fqi_matrix.py:486]   Agent 1 completed: avg Nash time=0.00ms
[12-16 09:56:50 MainThread @decentralized_fqi_matrix.py:379] Computing targets for agent 2/6...
[12-16 09:56:50 MainThread @decentralized_fqi_matrix.py:453]   Agent 2 progress: 10% (100/1000)
[12-16 09:56:50 MainThread @decentralized_fqi_matrix.py:453]   Agent 2 progress: 20% (200/1000)
[12-16 09:56:50 MainThread @decentralized_fqi_matrix.py:453]   Agent 2 progress: 30% (300/1000)
[12-16 09:56:50 MainThread @decentralized_fqi_matrix.py:453]   Agent 2 progress: 40% (400/1000)
[12-16 09:56:50 MainThread @decentralized_fqi_matrix.py:453]   Agent 2 progress: 50% (500/1000)
[12-16 09:56:50 MainThread @decentralized_fqi_matrix.py:453]   Agent 2 progress: 60% (600/1000)
[12-16 09:56:50 MainThread @decentralized_fqi_matrix.py:453]   Agent 2 progress: 70% (700/1000)
[12-16 09:56:50 MainThread @decentralized_fqi_matrix.py:453]   Agent 2 progress: 80% (800/1000)
[12-16 09:56:50 MainThread @decentralized_fqi_matrix.py:453]   Agent 2 progress: 90% (900/1000)
[12-16 09:56:50 MainThread @decentralized_fqi_matrix.py:486]   Agent 2 completed: avg Nash time=0.00ms
[12-16 09:56:50 MainThread @decentralized_fqi_matrix.py:379] Computing targets for agent 3/6...
[12-16 09:56:50 MainThread @decentralized_fqi_matrix.py:453]   Agent 3 progress: 10% (100/1000)
[12-16 09:56:50 MainThread @decentralized_fqi_matrix.py:453]   Agent 3 progress: 20% (200/1000)
[12-16 09:56:50 MainThread @decentralized_fqi_matrix.py:453]   Agent 3 progress: 30% (300/1000)
[12-16 09:56:50 MainThread @decentralized_fqi_matrix.py:453]   Agent 3 progress: 40% (400/1000)
[12-16 09:56:50 MainThread @decentralized_fqi_matrix.py:453]   Agent 3 progress: 50% (500/1000)
[12-16 09:56:50 MainThread @decentralized_fqi_matrix.py:453]   Agent 3 progress: 60% (600/1000)
[12-16 09:56:50 MainThread @decentralized_fqi_matrix.py:453]   Agent 3 progress: 70% (700/1000)
[12-16 09:56:50 MainThread @decentralized_fqi_matrix.py:453]   Agent 3 progress: 80% (800/1000)
[12-16 09:56:50 MainThread @decentralized_fqi_matrix.py:453]   Agent 3 progress: 90% (900/1000)
[12-16 09:56:50 MainThread @decentralized_fqi_matrix.py:486]   Agent 3 completed: avg Nash time=0.00ms
[12-16 09:56:50 MainThread @decentralized_fqi_matrix.py:379] Computing targets for agent 4/6...
[12-16 09:56:50 MainThread @decentralized_fqi_matrix.py:453]   Agent 4 progress: 10% (100/1000)
[12-16 09:56:50 MainThread @decentralized_fqi_matrix.py:453]   Agent 4 progress: 20% (200/1000)
[12-16 09:56:50 MainThread @decentralized_fqi_matrix.py:453]   Agent 4 progress: 30% (300/1000)
[12-16 09:56:50 MainThread @decentralized_fqi_matrix.py:453]   Agent 4 progress: 40% (400/1000)
[12-16 09:56:50 MainThread @decentralized_fqi_matrix.py:453]   Agent 4 progress: 50% (500/1000)
[12-16 09:56:50 MainThread @decentralized_fqi_matrix.py:453]   Agent 4 progress: 60% (600/1000)
[12-16 09:56:50 MainThread @decentralized_fqi_matrix.py:453]   Agent 4 progress: 70% (700/1000)
[12-16 09:56:50 MainThread @decentralized_fqi_matrix.py:453]   Agent 4 progress: 80% (800/1000)
[12-16 09:56:50 MainThread @decentralized_fqi_matrix.py:453]   Agent 4 progress: 90% (900/1000)
[12-16 09:56:50 MainThread @decentralized_fqi_matrix.py:486]   Agent 4 completed: avg Nash time=0.00ms
[12-16 09:56:50 MainThread @decentralized_fqi_matrix.py:379] Computing targets for agent 5/6...
[12-16 09:56:50 MainThread @decentralized_fqi_matrix.py:453]   Agent 5 progress: 10% (100/1000)
[12-16 09:56:50 MainThread @decentralized_fqi_matrix.py:453]   Agent 5 progress: 20% (200/1000)
[12-16 09:56:50 MainThread @decentralized_fqi_matrix.py:453]   Agent 5 progress: 30% (300/1000)
[12-16 09:56:50 MainThread @decentralized_fqi_matrix.py:453]   Agent 5 progress: 40% (400/1000)
[12-16 09:56:50 MainThread @decentralized_fqi_matrix.py:453]   Agent 5 progress: 50% (500/1000)
[12-16 09:56:50 MainThread @decentralized_fqi_matrix.py:453]   Agent 5 progress: 60% (600/1000)
[12-16 09:56:50 MainThread @decentralized_fqi_matrix.py:453]   Agent 5 progress: 70% (700/1000)
[12-16 09:56:50 MainThread @decentralized_fqi_matrix.py:453]   Agent 5 progress: 80% (800/1000)
[12-16 09:56:50 MainThread @decentralized_fqi_matrix.py:453]   Agent 5 progress: 90% (900/1000)
[12-16 09:56:50 MainThread @decentralized_fqi_matrix.py:486]   Agent 5 completed: avg Nash time=0.00ms
[12-16 09:56:50 MainThread @decentralized_fqi_matrix.py:379] Computing targets for agent 6/6...
[12-16 09:56:50 MainThread @decentralized_fqi_matrix.py:453]   Agent 6 progress: 10% (100/1000)
[12-16 09:56:50 MainThread @decentralized_fqi_matrix.py:453]   Agent 6 progress: 20% (200/1000)
[12-16 09:56:50 MainThread @decentralized_fqi_matrix.py:453]   Agent 6 progress: 30% (300/1000)
[12-16 09:56:50 MainThread @decentralized_fqi_matrix.py:453]   Agent 6 progress: 40% (400/1000)
[12-16 09:56:50 MainThread @decentralized_fqi_matrix.py:453]   Agent 6 progress: 50% (500/1000)
[12-16 09:56:50 MainThread @decentralized_fqi_matrix.py:453]   Agent 6 progress: 60% (600/1000)
[12-16 09:56:50 MainThread @decentralized_fqi_matrix.py:453]   Agent 6 progress: 70% (700/1000)
[12-16 09:56:50 MainThread @decentralized_fqi_matrix.py:453]   Agent 6 progress: 80% (800/1000)
[12-16 09:56:50 MainThread @decentralized_fqi_matrix.py:453]   Agent 6 progress: 90% (900/1000)
[12-16 09:56:50 MainThread @decentralized_fqi_matrix.py:486]   Agent 6 completed: avg Nash time=0.00ms
[12-16 09:56:50 MainThread @decentralized_fqi_matrix.py:389] Mean Nash solving time: 0.0000s
[12-16 09:56:50 MainThread @decentralized_fqi_matrix.py:393] Nash cache: 0.0% hit rate (0 hits, 3 misses, 3 cached)
[12-16 09:56:50 MainThread @decentralized_fqi_matrix.py:398] Solving (4) by DIGing decentralized optimization...
[12-16 09:56:52 MainThread @decentralized_fqi_matrix.py:417] Iteration 18 completed: loss=0.4663, td_error=0.5158, consensus_error=0.000508
[12-16 09:56:52 MainThread @decentralized_fqi_matrix.py:573]   [收敛检测] Loss趋势: +0.0082, 波动std: 0.0030
[12-16 09:56:52 MainThread @decentralized_fqi_matrix.py:369] 
=== Fitted Q-Iteration 19/100 ===
[12-16 09:56:52 MainThread @decentralized_fqi_matrix.py:379] Computing targets for agent 1/6...
[12-16 09:56:52 MainThread @decentralized_fqi_matrix.py:453]   Agent 1 progress: 10% (100/1000)
[12-16 09:56:52 MainThread @decentralized_fqi_matrix.py:453]   Agent 1 progress: 20% (200/1000)
[12-16 09:56:52 MainThread @decentralized_fqi_matrix.py:453]   Agent 1 progress: 30% (300/1000)
[12-16 09:56:52 MainThread @decentralized_fqi_matrix.py:453]   Agent 1 progress: 40% (400/1000)
[12-16 09:56:52 MainThread @decentralized_fqi_matrix.py:453]   Agent 1 progress: 50% (500/1000)
[12-16 09:56:52 MainThread @decentralized_fqi_matrix.py:453]   Agent 1 progress: 60% (600/1000)
[12-16 09:56:52 MainThread @decentralized_fqi_matrix.py:453]   Agent 1 progress: 70% (700/1000)
[12-16 09:56:52 MainThread @decentralized_fqi_matrix.py:453]   Agent 1 progress: 80% (800/1000)
[12-16 09:56:52 MainThread @decentralized_fqi_matrix.py:453]   Agent 1 progress: 90% (900/1000)
[12-16 09:56:52 MainThread @decentralized_fqi_matrix.py:486]   Agent 1 completed: avg Nash time=0.00ms
[12-16 09:56:52 MainThread @decentralized_fqi_matrix.py:379] Computing targets for agent 2/6...
[12-16 09:56:52 MainThread @decentralized_fqi_matrix.py:453]   Agent 2 progress: 10% (100/1000)
[12-16 09:56:52 MainThread @decentralized_fqi_matrix.py:453]   Agent 2 progress: 20% (200/1000)
[12-16 09:56:52 MainThread @decentralized_fqi_matrix.py:453]   Agent 2 progress: 30% (300/1000)
[12-16 09:56:52 MainThread @decentralized_fqi_matrix.py:453]   Agent 2 progress: 40% (400/1000)
[12-16 09:56:52 MainThread @decentralized_fqi_matrix.py:453]   Agent 2 progress: 50% (500/1000)
[12-16 09:56:52 MainThread @decentralized_fqi_matrix.py:453]   Agent 2 progress: 60% (600/1000)
[12-16 09:56:52 MainThread @decentralized_fqi_matrix.py:453]   Agent 2 progress: 70% (700/1000)
[12-16 09:56:52 MainThread @decentralized_fqi_matrix.py:453]   Agent 2 progress: 80% (800/1000)
[12-16 09:56:52 MainThread @decentralized_fqi_matrix.py:453]   Agent 2 progress: 90% (900/1000)
[12-16 09:56:52 MainThread @decentralized_fqi_matrix.py:486]   Agent 2 completed: avg Nash time=0.00ms
[12-16 09:56:52 MainThread @decentralized_fqi_matrix.py:379] Computing targets for agent 3/6...
[12-16 09:56:52 MainThread @decentralized_fqi_matrix.py:453]   Agent 3 progress: 10% (100/1000)
[12-16 09:56:52 MainThread @decentralized_fqi_matrix.py:453]   Agent 3 progress: 20% (200/1000)
[12-16 09:56:52 MainThread @decentralized_fqi_matrix.py:453]   Agent 3 progress: 30% (300/1000)
[12-16 09:56:52 MainThread @decentralized_fqi_matrix.py:453]   Agent 3 progress: 40% (400/1000)
[12-16 09:56:52 MainThread @decentralized_fqi_matrix.py:453]   Agent 3 progress: 50% (500/1000)
[12-16 09:56:52 MainThread @decentralized_fqi_matrix.py:453]   Agent 3 progress: 60% (600/1000)
[12-16 09:56:52 MainThread @decentralized_fqi_matrix.py:453]   Agent 3 progress: 70% (700/1000)
[12-16 09:56:52 MainThread @decentralized_fqi_matrix.py:453]   Agent 3 progress: 80% (800/1000)
[12-16 09:56:52 MainThread @decentralized_fqi_matrix.py:453]   Agent 3 progress: 90% (900/1000)
[12-16 09:56:52 MainThread @decentralized_fqi_matrix.py:486]   Agent 3 completed: avg Nash time=0.00ms
[12-16 09:56:52 MainThread @decentralized_fqi_matrix.py:379] Computing targets for agent 4/6...
[12-16 09:56:52 MainThread @decentralized_fqi_matrix.py:453]   Agent 4 progress: 10% (100/1000)
[12-16 09:56:52 MainThread @decentralized_fqi_matrix.py:453]   Agent 4 progress: 20% (200/1000)
[12-16 09:56:52 MainThread @decentralized_fqi_matrix.py:453]   Agent 4 progress: 30% (300/1000)
[12-16 09:56:52 MainThread @decentralized_fqi_matrix.py:453]   Agent 4 progress: 40% (400/1000)
[12-16 09:56:52 MainThread @decentralized_fqi_matrix.py:453]   Agent 4 progress: 50% (500/1000)
[12-16 09:56:52 MainThread @decentralized_fqi_matrix.py:453]   Agent 4 progress: 60% (600/1000)
[12-16 09:56:52 MainThread @decentralized_fqi_matrix.py:453]   Agent 4 progress: 70% (700/1000)
[12-16 09:56:52 MainThread @decentralized_fqi_matrix.py:453]   Agent 4 progress: 80% (800/1000)
[12-16 09:56:52 MainThread @decentralized_fqi_matrix.py:453]   Agent 4 progress: 90% (900/1000)
[12-16 09:56:52 MainThread @decentralized_fqi_matrix.py:486]   Agent 4 completed: avg Nash time=0.00ms
[12-16 09:56:52 MainThread @decentralized_fqi_matrix.py:379] Computing targets for agent 5/6...
[12-16 09:56:52 MainThread @decentralized_fqi_matrix.py:453]   Agent 5 progress: 10% (100/1000)
[12-16 09:56:52 MainThread @decentralized_fqi_matrix.py:453]   Agent 5 progress: 20% (200/1000)
[12-16 09:56:52 MainThread @decentralized_fqi_matrix.py:453]   Agent 5 progress: 30% (300/1000)
[12-16 09:56:52 MainThread @decentralized_fqi_matrix.py:453]   Agent 5 progress: 40% (400/1000)
[12-16 09:56:52 MainThread @decentralized_fqi_matrix.py:453]   Agent 5 progress: 50% (500/1000)
[12-16 09:56:52 MainThread @decentralized_fqi_matrix.py:453]   Agent 5 progress: 60% (600/1000)
[12-16 09:56:52 MainThread @decentralized_fqi_matrix.py:453]   Agent 5 progress: 70% (700/1000)
[12-16 09:56:52 MainThread @decentralized_fqi_matrix.py:453]   Agent 5 progress: 80% (800/1000)
[12-16 09:56:52 MainThread @decentralized_fqi_matrix.py:453]   Agent 5 progress: 90% (900/1000)
[12-16 09:56:52 MainThread @decentralized_fqi_matrix.py:486]   Agent 5 completed: avg Nash time=0.00ms
[12-16 09:56:52 MainThread @decentralized_fqi_matrix.py:379] Computing targets for agent 6/6...
[12-16 09:56:52 MainThread @decentralized_fqi_matrix.py:453]   Agent 6 progress: 10% (100/1000)
[12-16 09:56:52 MainThread @decentralized_fqi_matrix.py:453]   Agent 6 progress: 20% (200/1000)
[12-16 09:56:52 MainThread @decentralized_fqi_matrix.py:453]   Agent 6 progress: 30% (300/1000)
[12-16 09:56:52 MainThread @decentralized_fqi_matrix.py:453]   Agent 6 progress: 40% (400/1000)
[12-16 09:56:52 MainThread @decentralized_fqi_matrix.py:453]   Agent 6 progress: 50% (500/1000)
[12-16 09:56:52 MainThread @decentralized_fqi_matrix.py:453]   Agent 6 progress: 60% (600/1000)
[12-16 09:56:52 MainThread @decentralized_fqi_matrix.py:453]   Agent 6 progress: 70% (700/1000)
[12-16 09:56:52 MainThread @decentralized_fqi_matrix.py:453]   Agent 6 progress: 80% (800/1000)
[12-16 09:56:52 MainThread @decentralized_fqi_matrix.py:453]   Agent 6 progress: 90% (900/1000)
[12-16 09:56:52 MainThread @decentralized_fqi_matrix.py:486]   Agent 6 completed: avg Nash time=0.00ms
[12-16 09:56:52 MainThread @decentralized_fqi_matrix.py:389] Mean Nash solving time: 0.0000s
[12-16 09:56:52 MainThread @decentralized_fqi_matrix.py:393] Nash cache: 0.0% hit rate (0 hits, 3 misses, 3 cached)
[12-16 09:56:52 MainThread @decentralized_fqi_matrix.py:398] Solving (4) by DIGing decentralized optimization...
[12-16 09:56:53 MainThread @decentralized_fqi_matrix.py:417] Iteration 19 completed: loss=0.4642, td_error=0.5170, consensus_error=0.000400
[12-16 09:56:53 MainThread @decentralized_fqi_matrix.py:573]   [收敛检测] Loss趋势: +0.0082, 波动std: 0.0028
[12-16 09:56:53 MainThread @decentralized_fqi_matrix.py:369] 
=== Fitted Q-Iteration 20/100 ===
[12-16 09:56:53 MainThread @decentralized_fqi_matrix.py:379] Computing targets for agent 1/6...
[12-16 09:56:53 MainThread @decentralized_fqi_matrix.py:453]   Agent 1 progress: 10% (100/1000)
[12-16 09:56:53 MainThread @decentralized_fqi_matrix.py:453]   Agent 1 progress: 20% (200/1000)
[12-16 09:56:53 MainThread @decentralized_fqi_matrix.py:453]   Agent 1 progress: 30% (300/1000)
[12-16 09:56:53 MainThread @decentralized_fqi_matrix.py:453]   Agent 1 progress: 40% (400/1000)
[12-16 09:56:53 MainThread @decentralized_fqi_matrix.py:453]   Agent 1 progress: 50% (500/1000)
[12-16 09:56:53 MainThread @decentralized_fqi_matrix.py:453]   Agent 1 progress: 60% (600/1000)
[12-16 09:56:53 MainThread @decentralized_fqi_matrix.py:453]   Agent 1 progress: 70% (700/1000)
[12-16 09:56:53 MainThread @decentralized_fqi_matrix.py:453]   Agent 1 progress: 80% (800/1000)
[12-16 09:56:53 MainThread @decentralized_fqi_matrix.py:453]   Agent 1 progress: 90% (900/1000)
[12-16 09:56:53 MainThread @decentralized_fqi_matrix.py:486]   Agent 1 completed: avg Nash time=0.00ms
[12-16 09:56:53 MainThread @decentralized_fqi_matrix.py:379] Computing targets for agent 2/6...
[12-16 09:56:53 MainThread @decentralized_fqi_matrix.py:453]   Agent 2 progress: 10% (100/1000)
[12-16 09:56:53 MainThread @decentralized_fqi_matrix.py:453]   Agent 2 progress: 20% (200/1000)
[12-16 09:56:53 MainThread @decentralized_fqi_matrix.py:453]   Agent 2 progress: 30% (300/1000)
[12-16 09:56:53 MainThread @decentralized_fqi_matrix.py:453]   Agent 2 progress: 40% (400/1000)
[12-16 09:56:53 MainThread @decentralized_fqi_matrix.py:453]   Agent 2 progress: 50% (500/1000)
[12-16 09:56:53 MainThread @decentralized_fqi_matrix.py:453]   Agent 2 progress: 60% (600/1000)
[12-16 09:56:53 MainThread @decentralized_fqi_matrix.py:453]   Agent 2 progress: 70% (700/1000)
[12-16 09:56:53 MainThread @decentralized_fqi_matrix.py:453]   Agent 2 progress: 80% (800/1000)
[12-16 09:56:53 MainThread @decentralized_fqi_matrix.py:453]   Agent 2 progress: 90% (900/1000)
[12-16 09:56:53 MainThread @decentralized_fqi_matrix.py:486]   Agent 2 completed: avg Nash time=0.00ms
[12-16 09:56:53 MainThread @decentralized_fqi_matrix.py:379] Computing targets for agent 3/6...
[12-16 09:56:53 MainThread @decentralized_fqi_matrix.py:453]   Agent 3 progress: 10% (100/1000)
[12-16 09:56:53 MainThread @decentralized_fqi_matrix.py:453]   Agent 3 progress: 20% (200/1000)
[12-16 09:56:53 MainThread @decentralized_fqi_matrix.py:453]   Agent 3 progress: 30% (300/1000)
[12-16 09:56:53 MainThread @decentralized_fqi_matrix.py:453]   Agent 3 progress: 40% (400/1000)
[12-16 09:56:53 MainThread @decentralized_fqi_matrix.py:453]   Agent 3 progress: 50% (500/1000)
[12-16 09:56:53 MainThread @decentralized_fqi_matrix.py:453]   Agent 3 progress: 60% (600/1000)
[12-16 09:56:53 MainThread @decentralized_fqi_matrix.py:453]   Agent 3 progress: 70% (700/1000)
[12-16 09:56:53 MainThread @decentralized_fqi_matrix.py:453]   Agent 3 progress: 80% (800/1000)
[12-16 09:56:53 MainThread @decentralized_fqi_matrix.py:453]   Agent 3 progress: 90% (900/1000)
[12-16 09:56:53 MainThread @decentralized_fqi_matrix.py:486]   Agent 3 completed: avg Nash time=0.00ms
[12-16 09:56:53 MainThread @decentralized_fqi_matrix.py:379] Computing targets for agent 4/6...
[12-16 09:56:53 MainThread @decentralized_fqi_matrix.py:453]   Agent 4 progress: 10% (100/1000)
[12-16 09:56:53 MainThread @decentralized_fqi_matrix.py:453]   Agent 4 progress: 20% (200/1000)
[12-16 09:56:53 MainThread @decentralized_fqi_matrix.py:453]   Agent 4 progress: 30% (300/1000)
[12-16 09:56:53 MainThread @decentralized_fqi_matrix.py:453]   Agent 4 progress: 40% (400/1000)
[12-16 09:56:53 MainThread @decentralized_fqi_matrix.py:453]   Agent 4 progress: 50% (500/1000)
[12-16 09:56:53 MainThread @decentralized_fqi_matrix.py:453]   Agent 4 progress: 60% (600/1000)
[12-16 09:56:53 MainThread @decentralized_fqi_matrix.py:453]   Agent 4 progress: 70% (700/1000)
[12-16 09:56:53 MainThread @decentralized_fqi_matrix.py:453]   Agent 4 progress: 80% (800/1000)
[12-16 09:56:53 MainThread @decentralized_fqi_matrix.py:453]   Agent 4 progress: 90% (900/1000)
[12-16 09:56:53 MainThread @decentralized_fqi_matrix.py:486]   Agent 4 completed: avg Nash time=0.00ms
[12-16 09:56:53 MainThread @decentralized_fqi_matrix.py:379] Computing targets for agent 5/6...
[12-16 09:56:53 MainThread @decentralized_fqi_matrix.py:453]   Agent 5 progress: 10% (100/1000)
[12-16 09:56:53 MainThread @decentralized_fqi_matrix.py:453]   Agent 5 progress: 20% (200/1000)
[12-16 09:56:53 MainThread @decentralized_fqi_matrix.py:453]   Agent 5 progress: 30% (300/1000)
[12-16 09:56:53 MainThread @decentralized_fqi_matrix.py:453]   Agent 5 progress: 40% (400/1000)
[12-16 09:56:53 MainThread @decentralized_fqi_matrix.py:453]   Agent 5 progress: 50% (500/1000)
[12-16 09:56:53 MainThread @decentralized_fqi_matrix.py:453]   Agent 5 progress: 60% (600/1000)
[12-16 09:56:53 MainThread @decentralized_fqi_matrix.py:453]   Agent 5 progress: 70% (700/1000)
[12-16 09:56:53 MainThread @decentralized_fqi_matrix.py:453]   Agent 5 progress: 80% (800/1000)
[12-16 09:56:53 MainThread @decentralized_fqi_matrix.py:453]   Agent 5 progress: 90% (900/1000)
[12-16 09:56:53 MainThread @decentralized_fqi_matrix.py:486]   Agent 5 completed: avg Nash time=0.00ms
[12-16 09:56:53 MainThread @decentralized_fqi_matrix.py:379] Computing targets for agent 6/6...
[12-16 09:56:53 MainThread @decentralized_fqi_matrix.py:453]   Agent 6 progress: 10% (100/1000)
[12-16 09:56:53 MainThread @decentralized_fqi_matrix.py:453]   Agent 6 progress: 20% (200/1000)
[12-16 09:56:53 MainThread @decentralized_fqi_matrix.py:453]   Agent 6 progress: 30% (300/1000)
[12-16 09:56:53 MainThread @decentralized_fqi_matrix.py:453]   Agent 6 progress: 40% (400/1000)
[12-16 09:56:53 MainThread @decentralized_fqi_matrix.py:453]   Agent 6 progress: 50% (500/1000)
[12-16 09:56:53 MainThread @decentralized_fqi_matrix.py:453]   Agent 6 progress: 60% (600/1000)
[12-16 09:56:53 MainThread @decentralized_fqi_matrix.py:453]   Agent 6 progress: 70% (700/1000)
[12-16 09:56:53 MainThread @decentralized_fqi_matrix.py:453]   Agent 6 progress: 80% (800/1000)
[12-16 09:56:53 MainThread @decentralized_fqi_matrix.py:453]   Agent 6 progress: 90% (900/1000)
[12-16 09:56:53 MainThread @decentralized_fqi_matrix.py:486]   Agent 6 completed: avg Nash time=0.00ms
[12-16 09:56:53 MainThread @decentralized_fqi_matrix.py:389] Mean Nash solving time: 0.0000s
[12-16 09:56:53 MainThread @decentralized_fqi_matrix.py:393] Nash cache: 0.0% hit rate (0 hits, 3 misses, 3 cached)
[12-16 09:56:53 MainThread @decentralized_fqi_matrix.py:398] Solving (4) by DIGing decentralized optimization...
[12-16 09:56:55 MainThread @decentralized_fqi_matrix.py:417] Iteration 20 completed: loss=0.4634, td_error=0.5195, consensus_error=0.000209
[12-16 09:56:55 MainThread @decentralized_fqi_matrix.py:573]   [收敛检测] Loss趋势: +0.0058, 波动std: 0.0021
[12-16 09:56:55 MainThread @decentralized_fqi_matrix.py:581]   ✓ Loss已稳定(std=0.0021), 可能已收敛
[12-16 09:56:55 MainThread @train_matrix.py:293] 
=== Evaluation at Iteration 20 ===
[12-16 09:56:55 MainThread @train_matrix.py:294]   Nash distance: 0.816497
[12-16 09:56:55 MainThread @train_matrix.py:295]   Learned Nash value: 0.1139 (True: -0.0000)
[12-16 09:56:55 MainThread @train_matrix.py:297]   Value error: 0.113884

[12-16 09:56:55 MainThread @decentralized_fqi_matrix.py:626] Models saved to ./matrix_models/train_20251216_095616
[12-16 09:56:55 MainThread @decentralized_fqi_matrix.py:369] 
=== Fitted Q-Iteration 21/100 ===
[12-16 09:56:55 MainThread @decentralized_fqi_matrix.py:379] Computing targets for agent 1/6...
[12-16 09:56:55 MainThread @decentralized_fqi_matrix.py:453]   Agent 1 progress: 10% (100/1000)
[12-16 09:56:55 MainThread @decentralized_fqi_matrix.py:453]   Agent 1 progress: 20% (200/1000)
[12-16 09:56:55 MainThread @decentralized_fqi_matrix.py:453]   Agent 1 progress: 30% (300/1000)
[12-16 09:56:55 MainThread @decentralized_fqi_matrix.py:453]   Agent 1 progress: 40% (400/1000)
[12-16 09:56:55 MainThread @decentralized_fqi_matrix.py:453]   Agent 1 progress: 50% (500/1000)
[12-16 09:56:55 MainThread @decentralized_fqi_matrix.py:453]   Agent 1 progress: 60% (600/1000)
[12-16 09:56:55 MainThread @decentralized_fqi_matrix.py:453]   Agent 1 progress: 70% (700/1000)
[12-16 09:56:55 MainThread @decentralized_fqi_matrix.py:453]   Agent 1 progress: 80% (800/1000)
[12-16 09:56:55 MainThread @decentralized_fqi_matrix.py:453]   Agent 1 progress: 90% (900/1000)
[12-16 09:56:55 MainThread @decentralized_fqi_matrix.py:486]   Agent 1 completed: avg Nash time=0.00ms
[12-16 09:56:55 MainThread @decentralized_fqi_matrix.py:379] Computing targets for agent 2/6...
[12-16 09:56:55 MainThread @decentralized_fqi_matrix.py:453]   Agent 2 progress: 10% (100/1000)
[12-16 09:56:55 MainThread @decentralized_fqi_matrix.py:453]   Agent 2 progress: 20% (200/1000)
[12-16 09:56:55 MainThread @decentralized_fqi_matrix.py:453]   Agent 2 progress: 30% (300/1000)
[12-16 09:56:55 MainThread @decentralized_fqi_matrix.py:453]   Agent 2 progress: 40% (400/1000)
[12-16 09:56:55 MainThread @decentralized_fqi_matrix.py:453]   Agent 2 progress: 50% (500/1000)
[12-16 09:56:55 MainThread @decentralized_fqi_matrix.py:453]   Agent 2 progress: 60% (600/1000)
[12-16 09:56:55 MainThread @decentralized_fqi_matrix.py:453]   Agent 2 progress: 70% (700/1000)
[12-16 09:56:55 MainThread @decentralized_fqi_matrix.py:453]   Agent 2 progress: 80% (800/1000)
[12-16 09:56:55 MainThread @decentralized_fqi_matrix.py:453]   Agent 2 progress: 90% (900/1000)
[12-16 09:56:55 MainThread @decentralized_fqi_matrix.py:486]   Agent 2 completed: avg Nash time=0.00ms
[12-16 09:56:55 MainThread @decentralized_fqi_matrix.py:379] Computing targets for agent 3/6...
[12-16 09:56:55 MainThread @decentralized_fqi_matrix.py:453]   Agent 3 progress: 10% (100/1000)
[12-16 09:56:55 MainThread @decentralized_fqi_matrix.py:453]   Agent 3 progress: 20% (200/1000)
[12-16 09:56:55 MainThread @decentralized_fqi_matrix.py:453]   Agent 3 progress: 30% (300/1000)
[12-16 09:56:55 MainThread @decentralized_fqi_matrix.py:453]   Agent 3 progress: 40% (400/1000)
[12-16 09:56:55 MainThread @decentralized_fqi_matrix.py:453]   Agent 3 progress: 50% (500/1000)
[12-16 09:56:55 MainThread @decentralized_fqi_matrix.py:453]   Agent 3 progress: 60% (600/1000)
[12-16 09:56:55 MainThread @decentralized_fqi_matrix.py:453]   Agent 3 progress: 70% (700/1000)
[12-16 09:56:55 MainThread @decentralized_fqi_matrix.py:453]   Agent 3 progress: 80% (800/1000)
[12-16 09:56:55 MainThread @decentralized_fqi_matrix.py:453]   Agent 3 progress: 90% (900/1000)
[12-16 09:56:55 MainThread @decentralized_fqi_matrix.py:486]   Agent 3 completed: avg Nash time=0.00ms
[12-16 09:56:55 MainThread @decentralized_fqi_matrix.py:379] Computing targets for agent 4/6...
[12-16 09:56:55 MainThread @decentralized_fqi_matrix.py:453]   Agent 4 progress: 10% (100/1000)
[12-16 09:56:55 MainThread @decentralized_fqi_matrix.py:453]   Agent 4 progress: 20% (200/1000)
[12-16 09:56:55 MainThread @decentralized_fqi_matrix.py:453]   Agent 4 progress: 30% (300/1000)
[12-16 09:56:55 MainThread @decentralized_fqi_matrix.py:453]   Agent 4 progress: 40% (400/1000)
[12-16 09:56:55 MainThread @decentralized_fqi_matrix.py:453]   Agent 4 progress: 50% (500/1000)
[12-16 09:56:55 MainThread @decentralized_fqi_matrix.py:453]   Agent 4 progress: 60% (600/1000)
[12-16 09:56:55 MainThread @decentralized_fqi_matrix.py:453]   Agent 4 progress: 70% (700/1000)
[12-16 09:56:55 MainThread @decentralized_fqi_matrix.py:453]   Agent 4 progress: 80% (800/1000)
[12-16 09:56:55 MainThread @decentralized_fqi_matrix.py:453]   Agent 4 progress: 90% (900/1000)
[12-16 09:56:55 MainThread @decentralized_fqi_matrix.py:486]   Agent 4 completed: avg Nash time=0.00ms
[12-16 09:56:55 MainThread @decentralized_fqi_matrix.py:379] Computing targets for agent 5/6...
[12-16 09:56:55 MainThread @decentralized_fqi_matrix.py:453]   Agent 5 progress: 10% (100/1000)
[12-16 09:56:55 MainThread @decentralized_fqi_matrix.py:453]   Agent 5 progress: 20% (200/1000)
[12-16 09:56:55 MainThread @decentralized_fqi_matrix.py:453]   Agent 5 progress: 30% (300/1000)
[12-16 09:56:55 MainThread @decentralized_fqi_matrix.py:453]   Agent 5 progress: 40% (400/1000)
[12-16 09:56:55 MainThread @decentralized_fqi_matrix.py:453]   Agent 5 progress: 50% (500/1000)
[12-16 09:56:55 MainThread @decentralized_fqi_matrix.py:453]   Agent 5 progress: 60% (600/1000)
[12-16 09:56:55 MainThread @decentralized_fqi_matrix.py:453]   Agent 5 progress: 70% (700/1000)
[12-16 09:56:55 MainThread @decentralized_fqi_matrix.py:453]   Agent 5 progress: 80% (800/1000)
[12-16 09:56:55 MainThread @decentralized_fqi_matrix.py:453]   Agent 5 progress: 90% (900/1000)
[12-16 09:56:55 MainThread @decentralized_fqi_matrix.py:486]   Agent 5 completed: avg Nash time=0.00ms
[12-16 09:56:55 MainThread @decentralized_fqi_matrix.py:379] Computing targets for agent 6/6...
[12-16 09:56:55 MainThread @decentralized_fqi_matrix.py:453]   Agent 6 progress: 10% (100/1000)
[12-16 09:56:55 MainThread @decentralized_fqi_matrix.py:453]   Agent 6 progress: 20% (200/1000)
[12-16 09:56:55 MainThread @decentralized_fqi_matrix.py:453]   Agent 6 progress: 30% (300/1000)
[12-16 09:56:55 MainThread @decentralized_fqi_matrix.py:453]   Agent 6 progress: 40% (400/1000)
[12-16 09:56:55 MainThread @decentralized_fqi_matrix.py:453]   Agent 6 progress: 50% (500/1000)
[12-16 09:56:55 MainThread @decentralized_fqi_matrix.py:453]   Agent 6 progress: 60% (600/1000)
[12-16 09:56:55 MainThread @decentralized_fqi_matrix.py:453]   Agent 6 progress: 70% (700/1000)
[12-16 09:56:55 MainThread @decentralized_fqi_matrix.py:453]   Agent 6 progress: 80% (800/1000)
[12-16 09:56:55 MainThread @decentralized_fqi_matrix.py:453]   Agent 6 progress: 90% (900/1000)
[12-16 09:56:55 MainThread @decentralized_fqi_matrix.py:486]   Agent 6 completed: avg Nash time=0.00ms
[12-16 09:56:55 MainThread @decentralized_fqi_matrix.py:389] Mean Nash solving time: 0.0000s
[12-16 09:56:55 MainThread @decentralized_fqi_matrix.py:393] Nash cache: 0.0% hit rate (0 hits, 6 misses, 6 cached)
[12-16 09:56:55 MainThread @decentralized_fqi_matrix.py:398] Solving (4) by DIGing decentralized optimization...
[12-16 09:56:57 MainThread @decentralized_fqi_matrix.py:417] Iteration 21 completed: loss=0.4618, td_error=0.5214, consensus_error=0.000240
[12-16 09:56:57 MainThread @decentralized_fqi_matrix.py:573]   [收敛检测] Loss趋势: +0.0057, 波动std: 0.0020
[12-16 09:56:57 MainThread @decentralized_fqi_matrix.py:581]   ✓ Loss已稳定(std=0.0020), 可能已收敛
[12-16 09:56:57 MainThread @decentralized_fqi_matrix.py:369] 
=== Fitted Q-Iteration 22/100 ===
[12-16 09:56:57 MainThread @decentralized_fqi_matrix.py:379] Computing targets for agent 1/6...
[12-16 09:56:57 MainThread @decentralized_fqi_matrix.py:453]   Agent 1 progress: 10% (100/1000)
[12-16 09:56:57 MainThread @decentralized_fqi_matrix.py:453]   Agent 1 progress: 20% (200/1000)
[12-16 09:56:57 MainThread @decentralized_fqi_matrix.py:453]   Agent 1 progress: 30% (300/1000)
[12-16 09:56:57 MainThread @decentralized_fqi_matrix.py:453]   Agent 1 progress: 40% (400/1000)
[12-16 09:56:57 MainThread @decentralized_fqi_matrix.py:453]   Agent 1 progress: 50% (500/1000)
[12-16 09:56:57 MainThread @decentralized_fqi_matrix.py:453]   Agent 1 progress: 60% (600/1000)
[12-16 09:56:57 MainThread @decentralized_fqi_matrix.py:453]   Agent 1 progress: 70% (700/1000)
[12-16 09:56:57 MainThread @decentralized_fqi_matrix.py:453]   Agent 1 progress: 80% (800/1000)
[12-16 09:56:57 MainThread @decentralized_fqi_matrix.py:453]   Agent 1 progress: 90% (900/1000)
[12-16 09:56:57 MainThread @decentralized_fqi_matrix.py:486]   Agent 1 completed: avg Nash time=0.00ms
[12-16 09:56:57 MainThread @decentralized_fqi_matrix.py:379] Computing targets for agent 2/6...
[12-16 09:56:57 MainThread @decentralized_fqi_matrix.py:453]   Agent 2 progress: 10% (100/1000)
[12-16 09:56:57 MainThread @decentralized_fqi_matrix.py:453]   Agent 2 progress: 20% (200/1000)
[12-16 09:56:57 MainThread @decentralized_fqi_matrix.py:453]   Agent 2 progress: 30% (300/1000)
[12-16 09:56:57 MainThread @decentralized_fqi_matrix.py:453]   Agent 2 progress: 40% (400/1000)
[12-16 09:56:57 MainThread @decentralized_fqi_matrix.py:453]   Agent 2 progress: 50% (500/1000)
[12-16 09:56:57 MainThread @decentralized_fqi_matrix.py:453]   Agent 2 progress: 60% (600/1000)
[12-16 09:56:57 MainThread @decentralized_fqi_matrix.py:453]   Agent 2 progress: 70% (700/1000)
[12-16 09:56:57 MainThread @decentralized_fqi_matrix.py:453]   Agent 2 progress: 80% (800/1000)
[12-16 09:56:57 MainThread @decentralized_fqi_matrix.py:453]   Agent 2 progress: 90% (900/1000)
[12-16 09:56:57 MainThread @decentralized_fqi_matrix.py:486]   Agent 2 completed: avg Nash time=0.00ms
[12-16 09:56:57 MainThread @decentralized_fqi_matrix.py:379] Computing targets for agent 3/6...
[12-16 09:56:57 MainThread @decentralized_fqi_matrix.py:453]   Agent 3 progress: 10% (100/1000)
[12-16 09:56:57 MainThread @decentralized_fqi_matrix.py:453]   Agent 3 progress: 20% (200/1000)
[12-16 09:56:57 MainThread @decentralized_fqi_matrix.py:453]   Agent 3 progress: 30% (300/1000)
[12-16 09:56:57 MainThread @decentralized_fqi_matrix.py:453]   Agent 3 progress: 40% (400/1000)
[12-16 09:56:57 MainThread @decentralized_fqi_matrix.py:453]   Agent 3 progress: 50% (500/1000)
[12-16 09:56:57 MainThread @decentralized_fqi_matrix.py:453]   Agent 3 progress: 60% (600/1000)
[12-16 09:56:57 MainThread @decentralized_fqi_matrix.py:453]   Agent 3 progress: 70% (700/1000)
[12-16 09:56:57 MainThread @decentralized_fqi_matrix.py:453]   Agent 3 progress: 80% (800/1000)
[12-16 09:56:57 MainThread @decentralized_fqi_matrix.py:453]   Agent 3 progress: 90% (900/1000)
[12-16 09:56:57 MainThread @decentralized_fqi_matrix.py:486]   Agent 3 completed: avg Nash time=0.00ms
[12-16 09:56:57 MainThread @decentralized_fqi_matrix.py:379] Computing targets for agent 4/6...
[12-16 09:56:57 MainThread @decentralized_fqi_matrix.py:453]   Agent 4 progress: 10% (100/1000)
[12-16 09:56:57 MainThread @decentralized_fqi_matrix.py:453]   Agent 4 progress: 20% (200/1000)
[12-16 09:56:57 MainThread @decentralized_fqi_matrix.py:453]   Agent 4 progress: 30% (300/1000)
[12-16 09:56:57 MainThread @decentralized_fqi_matrix.py:453]   Agent 4 progress: 40% (400/1000)
[12-16 09:56:57 MainThread @decentralized_fqi_matrix.py:453]   Agent 4 progress: 50% (500/1000)
[12-16 09:56:57 MainThread @decentralized_fqi_matrix.py:453]   Agent 4 progress: 60% (600/1000)
[12-16 09:56:57 MainThread @decentralized_fqi_matrix.py:453]   Agent 4 progress: 70% (700/1000)
[12-16 09:56:57 MainThread @decentralized_fqi_matrix.py:453]   Agent 4 progress: 80% (800/1000)
[12-16 09:56:57 MainThread @decentralized_fqi_matrix.py:453]   Agent 4 progress: 90% (900/1000)
[12-16 09:56:57 MainThread @decentralized_fqi_matrix.py:486]   Agent 4 completed: avg Nash time=0.00ms
[12-16 09:56:57 MainThread @decentralized_fqi_matrix.py:379] Computing targets for agent 5/6...
[12-16 09:56:57 MainThread @decentralized_fqi_matrix.py:453]   Agent 5 progress: 10% (100/1000)
[12-16 09:56:57 MainThread @decentralized_fqi_matrix.py:453]   Agent 5 progress: 20% (200/1000)
[12-16 09:56:57 MainThread @decentralized_fqi_matrix.py:453]   Agent 5 progress: 30% (300/1000)
[12-16 09:56:57 MainThread @decentralized_fqi_matrix.py:453]   Agent 5 progress: 40% (400/1000)
[12-16 09:56:57 MainThread @decentralized_fqi_matrix.py:453]   Agent 5 progress: 50% (500/1000)
[12-16 09:56:57 MainThread @decentralized_fqi_matrix.py:453]   Agent 5 progress: 60% (600/1000)
[12-16 09:56:57 MainThread @decentralized_fqi_matrix.py:453]   Agent 5 progress: 70% (700/1000)
[12-16 09:56:57 MainThread @decentralized_fqi_matrix.py:453]   Agent 5 progress: 80% (800/1000)
[12-16 09:56:57 MainThread @decentralized_fqi_matrix.py:453]   Agent 5 progress: 90% (900/1000)
[12-16 09:56:57 MainThread @decentralized_fqi_matrix.py:486]   Agent 5 completed: avg Nash time=0.00ms
[12-16 09:56:57 MainThread @decentralized_fqi_matrix.py:379] Computing targets for agent 6/6...
[12-16 09:56:57 MainThread @decentralized_fqi_matrix.py:453]   Agent 6 progress: 10% (100/1000)
[12-16 09:56:57 MainThread @decentralized_fqi_matrix.py:453]   Agent 6 progress: 20% (200/1000)
[12-16 09:56:57 MainThread @decentralized_fqi_matrix.py:453]   Agent 6 progress: 30% (300/1000)
[12-16 09:56:57 MainThread @decentralized_fqi_matrix.py:453]   Agent 6 progress: 40% (400/1000)
[12-16 09:56:57 MainThread @decentralized_fqi_matrix.py:453]   Agent 6 progress: 50% (500/1000)
[12-16 09:56:57 MainThread @decentralized_fqi_matrix.py:453]   Agent 6 progress: 60% (600/1000)
[12-16 09:56:57 MainThread @decentralized_fqi_matrix.py:453]   Agent 6 progress: 70% (700/1000)
[12-16 09:56:57 MainThread @decentralized_fqi_matrix.py:453]   Agent 6 progress: 80% (800/1000)
[12-16 09:56:57 MainThread @decentralized_fqi_matrix.py:453]   Agent 6 progress: 90% (900/1000)
[12-16 09:56:57 MainThread @decentralized_fqi_matrix.py:486]   Agent 6 completed: avg Nash time=0.00ms
[12-16 09:56:57 MainThread @decentralized_fqi_matrix.py:389] Mean Nash solving time: 0.0000s
[12-16 09:56:57 MainThread @decentralized_fqi_matrix.py:393] Nash cache: 0.0% hit rate (0 hits, 6 misses, 6 cached)
[12-16 09:56:57 MainThread @decentralized_fqi_matrix.py:398] Solving (4) by DIGing decentralized optimization...
[12-16 09:56:59 MainThread @decentralized_fqi_matrix.py:417] Iteration 22 completed: loss=0.4613, td_error=0.5240, consensus_error=0.000258
[12-16 09:56:59 MainThread @decentralized_fqi_matrix.py:573]   [收敛检测] Loss趋势: +0.0050, 波动std: 0.0018
[12-16 09:56:59 MainThread @decentralized_fqi_matrix.py:581]   ✓ Loss已稳定(std=0.0018), 可能已收敛
[12-16 09:56:59 MainThread @decentralized_fqi_matrix.py:369] 
=== Fitted Q-Iteration 23/100 ===
[12-16 09:56:59 MainThread @decentralized_fqi_matrix.py:379] Computing targets for agent 1/6...
[12-16 09:56:59 MainThread @decentralized_fqi_matrix.py:453]   Agent 1 progress: 10% (100/1000)
[12-16 09:56:59 MainThread @decentralized_fqi_matrix.py:453]   Agent 1 progress: 20% (200/1000)
[12-16 09:56:59 MainThread @decentralized_fqi_matrix.py:453]   Agent 1 progress: 30% (300/1000)
[12-16 09:56:59 MainThread @decentralized_fqi_matrix.py:453]   Agent 1 progress: 40% (400/1000)
[12-16 09:56:59 MainThread @decentralized_fqi_matrix.py:453]   Agent 1 progress: 50% (500/1000)
[12-16 09:56:59 MainThread @decentralized_fqi_matrix.py:453]   Agent 1 progress: 60% (600/1000)
[12-16 09:56:59 MainThread @decentralized_fqi_matrix.py:453]   Agent 1 progress: 70% (700/1000)
[12-16 09:56:59 MainThread @decentralized_fqi_matrix.py:453]   Agent 1 progress: 80% (800/1000)
[12-16 09:56:59 MainThread @decentralized_fqi_matrix.py:453]   Agent 1 progress: 90% (900/1000)
[12-16 09:56:59 MainThread @decentralized_fqi_matrix.py:486]   Agent 1 completed: avg Nash time=0.00ms
[12-16 09:56:59 MainThread @decentralized_fqi_matrix.py:379] Computing targets for agent 2/6...
[12-16 09:56:59 MainThread @decentralized_fqi_matrix.py:453]   Agent 2 progress: 10% (100/1000)
[12-16 09:56:59 MainThread @decentralized_fqi_matrix.py:453]   Agent 2 progress: 20% (200/1000)
[12-16 09:56:59 MainThread @decentralized_fqi_matrix.py:453]   Agent 2 progress: 30% (300/1000)
[12-16 09:56:59 MainThread @decentralized_fqi_matrix.py:453]   Agent 2 progress: 40% (400/1000)
[12-16 09:56:59 MainThread @decentralized_fqi_matrix.py:453]   Agent 2 progress: 50% (500/1000)
[12-16 09:56:59 MainThread @decentralized_fqi_matrix.py:453]   Agent 2 progress: 60% (600/1000)
[12-16 09:56:59 MainThread @decentralized_fqi_matrix.py:453]   Agent 2 progress: 70% (700/1000)
[12-16 09:56:59 MainThread @decentralized_fqi_matrix.py:453]   Agent 2 progress: 80% (800/1000)
[12-16 09:56:59 MainThread @decentralized_fqi_matrix.py:453]   Agent 2 progress: 90% (900/1000)
[12-16 09:56:59 MainThread @decentralized_fqi_matrix.py:486]   Agent 2 completed: avg Nash time=0.00ms
[12-16 09:56:59 MainThread @decentralized_fqi_matrix.py:379] Computing targets for agent 3/6...
[12-16 09:56:59 MainThread @decentralized_fqi_matrix.py:453]   Agent 3 progress: 10% (100/1000)
[12-16 09:56:59 MainThread @decentralized_fqi_matrix.py:453]   Agent 3 progress: 20% (200/1000)
[12-16 09:56:59 MainThread @decentralized_fqi_matrix.py:453]   Agent 3 progress: 30% (300/1000)
[12-16 09:56:59 MainThread @decentralized_fqi_matrix.py:453]   Agent 3 progress: 40% (400/1000)
[12-16 09:56:59 MainThread @decentralized_fqi_matrix.py:453]   Agent 3 progress: 50% (500/1000)
[12-16 09:56:59 MainThread @decentralized_fqi_matrix.py:453]   Agent 3 progress: 60% (600/1000)
[12-16 09:56:59 MainThread @decentralized_fqi_matrix.py:453]   Agent 3 progress: 70% (700/1000)
[12-16 09:56:59 MainThread @decentralized_fqi_matrix.py:453]   Agent 3 progress: 80% (800/1000)
[12-16 09:56:59 MainThread @decentralized_fqi_matrix.py:453]   Agent 3 progress: 90% (900/1000)
[12-16 09:56:59 MainThread @decentralized_fqi_matrix.py:486]   Agent 3 completed: avg Nash time=0.00ms
[12-16 09:56:59 MainThread @decentralized_fqi_matrix.py:379] Computing targets for agent 4/6...
[12-16 09:56:59 MainThread @decentralized_fqi_matrix.py:453]   Agent 4 progress: 10% (100/1000)
[12-16 09:56:59 MainThread @decentralized_fqi_matrix.py:453]   Agent 4 progress: 20% (200/1000)
[12-16 09:56:59 MainThread @decentralized_fqi_matrix.py:453]   Agent 4 progress: 30% (300/1000)
[12-16 09:56:59 MainThread @decentralized_fqi_matrix.py:453]   Agent 4 progress: 40% (400/1000)
[12-16 09:56:59 MainThread @decentralized_fqi_matrix.py:453]   Agent 4 progress: 50% (500/1000)
[12-16 09:56:59 MainThread @decentralized_fqi_matrix.py:453]   Agent 4 progress: 60% (600/1000)
[12-16 09:56:59 MainThread @decentralized_fqi_matrix.py:453]   Agent 4 progress: 70% (700/1000)
[12-16 09:56:59 MainThread @decentralized_fqi_matrix.py:453]   Agent 4 progress: 80% (800/1000)
[12-16 09:56:59 MainThread @decentralized_fqi_matrix.py:453]   Agent 4 progress: 90% (900/1000)
[12-16 09:56:59 MainThread @decentralized_fqi_matrix.py:486]   Agent 4 completed: avg Nash time=0.00ms
[12-16 09:56:59 MainThread @decentralized_fqi_matrix.py:379] Computing targets for agent 5/6...
[12-16 09:56:59 MainThread @decentralized_fqi_matrix.py:453]   Agent 5 progress: 10% (100/1000)
[12-16 09:56:59 MainThread @decentralized_fqi_matrix.py:453]   Agent 5 progress: 20% (200/1000)
[12-16 09:56:59 MainThread @decentralized_fqi_matrix.py:453]   Agent 5 progress: 30% (300/1000)
[12-16 09:56:59 MainThread @decentralized_fqi_matrix.py:453]   Agent 5 progress: 40% (400/1000)
[12-16 09:56:59 MainThread @decentralized_fqi_matrix.py:453]   Agent 5 progress: 50% (500/1000)
[12-16 09:56:59 MainThread @decentralized_fqi_matrix.py:453]   Agent 5 progress: 60% (600/1000)
[12-16 09:56:59 MainThread @decentralized_fqi_matrix.py:453]   Agent 5 progress: 70% (700/1000)
[12-16 09:56:59 MainThread @decentralized_fqi_matrix.py:453]   Agent 5 progress: 80% (800/1000)
[12-16 09:56:59 MainThread @decentralized_fqi_matrix.py:453]   Agent 5 progress: 90% (900/1000)
[12-16 09:56:59 MainThread @decentralized_fqi_matrix.py:486]   Agent 5 completed: avg Nash time=0.00ms
[12-16 09:56:59 MainThread @decentralized_fqi_matrix.py:379] Computing targets for agent 6/6...
[12-16 09:56:59 MainThread @decentralized_fqi_matrix.py:453]   Agent 6 progress: 10% (100/1000)
[12-16 09:56:59 MainThread @decentralized_fqi_matrix.py:453]   Agent 6 progress: 20% (200/1000)
[12-16 09:56:59 MainThread @decentralized_fqi_matrix.py:453]   Agent 6 progress: 30% (300/1000)
[12-16 09:56:59 MainThread @decentralized_fqi_matrix.py:453]   Agent 6 progress: 40% (400/1000)
[12-16 09:56:59 MainThread @decentralized_fqi_matrix.py:453]   Agent 6 progress: 50% (500/1000)
[12-16 09:56:59 MainThread @decentralized_fqi_matrix.py:453]   Agent 6 progress: 60% (600/1000)
[12-16 09:56:59 MainThread @decentralized_fqi_matrix.py:453]   Agent 6 progress: 70% (700/1000)
[12-16 09:56:59 MainThread @decentralized_fqi_matrix.py:453]   Agent 6 progress: 80% (800/1000)
[12-16 09:56:59 MainThread @decentralized_fqi_matrix.py:453]   Agent 6 progress: 90% (900/1000)
[12-16 09:56:59 MainThread @decentralized_fqi_matrix.py:486]   Agent 6 completed: avg Nash time=0.00ms
[12-16 09:56:59 MainThread @decentralized_fqi_matrix.py:389] Mean Nash solving time: 0.0000s
[12-16 09:56:59 MainThread @decentralized_fqi_matrix.py:393] Nash cache: 0.0% hit rate (0 hits, 6 misses, 6 cached)
[12-16 09:56:59 MainThread @decentralized_fqi_matrix.py:398] Solving (4) by DIGing decentralized optimization...
[12-16 09:57:01 MainThread @decentralized_fqi_matrix.py:417] Iteration 23 completed: loss=0.4608, td_error=0.5260, consensus_error=0.000275
[12-16 09:57:01 MainThread @decentralized_fqi_matrix.py:573]   [收敛检测] Loss趋势: +0.0034, 波动std: 0.0013
[12-16 09:57:01 MainThread @decentralized_fqi_matrix.py:581]   ✓ Loss已稳定(std=0.0013), 可能已收敛
[12-16 09:57:01 MainThread @decentralized_fqi_matrix.py:369] 
=== Fitted Q-Iteration 24/100 ===
[12-16 09:57:01 MainThread @decentralized_fqi_matrix.py:379] Computing targets for agent 1/6...
[12-16 09:57:01 MainThread @decentralized_fqi_matrix.py:453]   Agent 1 progress: 10% (100/1000)
[12-16 09:57:01 MainThread @decentralized_fqi_matrix.py:453]   Agent 1 progress: 20% (200/1000)
[12-16 09:57:01 MainThread @decentralized_fqi_matrix.py:453]   Agent 1 progress: 30% (300/1000)
[12-16 09:57:01 MainThread @decentralized_fqi_matrix.py:453]   Agent 1 progress: 40% (400/1000)
[12-16 09:57:01 MainThread @decentralized_fqi_matrix.py:453]   Agent 1 progress: 50% (500/1000)
[12-16 09:57:01 MainThread @decentralized_fqi_matrix.py:453]   Agent 1 progress: 60% (600/1000)
[12-16 09:57:01 MainThread @decentralized_fqi_matrix.py:453]   Agent 1 progress: 70% (700/1000)
[12-16 09:57:01 MainThread @decentralized_fqi_matrix.py:453]   Agent 1 progress: 80% (800/1000)
[12-16 09:57:01 MainThread @decentralized_fqi_matrix.py:453]   Agent 1 progress: 90% (900/1000)
[12-16 09:57:01 MainThread @decentralized_fqi_matrix.py:486]   Agent 1 completed: avg Nash time=0.00ms
[12-16 09:57:01 MainThread @decentralized_fqi_matrix.py:379] Computing targets for agent 2/6...
[12-16 09:57:01 MainThread @decentralized_fqi_matrix.py:453]   Agent 2 progress: 10% (100/1000)
[12-16 09:57:01 MainThread @decentralized_fqi_matrix.py:453]   Agent 2 progress: 20% (200/1000)
[12-16 09:57:01 MainThread @decentralized_fqi_matrix.py:453]   Agent 2 progress: 30% (300/1000)
[12-16 09:57:01 MainThread @decentralized_fqi_matrix.py:453]   Agent 2 progress: 40% (400/1000)
[12-16 09:57:01 MainThread @decentralized_fqi_matrix.py:453]   Agent 2 progress: 50% (500/1000)
[12-16 09:57:01 MainThread @decentralized_fqi_matrix.py:453]   Agent 2 progress: 60% (600/1000)
[12-16 09:57:01 MainThread @decentralized_fqi_matrix.py:453]   Agent 2 progress: 70% (700/1000)
[12-16 09:57:01 MainThread @decentralized_fqi_matrix.py:453]   Agent 2 progress: 80% (800/1000)
[12-16 09:57:01 MainThread @decentralized_fqi_matrix.py:453]   Agent 2 progress: 90% (900/1000)
[12-16 09:57:01 MainThread @decentralized_fqi_matrix.py:486]   Agent 2 completed: avg Nash time=0.00ms
[12-16 09:57:01 MainThread @decentralized_fqi_matrix.py:379] Computing targets for agent 3/6...
[12-16 09:57:01 MainThread @decentralized_fqi_matrix.py:453]   Agent 3 progress: 10% (100/1000)
[12-16 09:57:01 MainThread @decentralized_fqi_matrix.py:453]   Agent 3 progress: 20% (200/1000)
[12-16 09:57:01 MainThread @decentralized_fqi_matrix.py:453]   Agent 3 progress: 30% (300/1000)
[12-16 09:57:01 MainThread @decentralized_fqi_matrix.py:453]   Agent 3 progress: 40% (400/1000)
[12-16 09:57:01 MainThread @decentralized_fqi_matrix.py:453]   Agent 3 progress: 50% (500/1000)
[12-16 09:57:01 MainThread @decentralized_fqi_matrix.py:453]   Agent 3 progress: 60% (600/1000)
[12-16 09:57:01 MainThread @decentralized_fqi_matrix.py:453]   Agent 3 progress: 70% (700/1000)
[12-16 09:57:01 MainThread @decentralized_fqi_matrix.py:453]   Agent 3 progress: 80% (800/1000)
[12-16 09:57:01 MainThread @decentralized_fqi_matrix.py:453]   Agent 3 progress: 90% (900/1000)
[12-16 09:57:01 MainThread @decentralized_fqi_matrix.py:486]   Agent 3 completed: avg Nash time=0.00ms
[12-16 09:57:01 MainThread @decentralized_fqi_matrix.py:379] Computing targets for agent 4/6...
[12-16 09:57:01 MainThread @decentralized_fqi_matrix.py:453]   Agent 4 progress: 10% (100/1000)
[12-16 09:57:01 MainThread @decentralized_fqi_matrix.py:453]   Agent 4 progress: 20% (200/1000)
[12-16 09:57:01 MainThread @decentralized_fqi_matrix.py:453]   Agent 4 progress: 30% (300/1000)
[12-16 09:57:01 MainThread @decentralized_fqi_matrix.py:453]   Agent 4 progress: 40% (400/1000)
[12-16 09:57:01 MainThread @decentralized_fqi_matrix.py:453]   Agent 4 progress: 50% (500/1000)
[12-16 09:57:01 MainThread @decentralized_fqi_matrix.py:453]   Agent 4 progress: 60% (600/1000)
[12-16 09:57:01 MainThread @decentralized_fqi_matrix.py:453]   Agent 4 progress: 70% (700/1000)
[12-16 09:57:01 MainThread @decentralized_fqi_matrix.py:453]   Agent 4 progress: 80% (800/1000)
[12-16 09:57:01 MainThread @decentralized_fqi_matrix.py:453]   Agent 4 progress: 90% (900/1000)
[12-16 09:57:01 MainThread @decentralized_fqi_matrix.py:486]   Agent 4 completed: avg Nash time=0.00ms
[12-16 09:57:01 MainThread @decentralized_fqi_matrix.py:379] Computing targets for agent 5/6...
[12-16 09:57:01 MainThread @decentralized_fqi_matrix.py:453]   Agent 5 progress: 10% (100/1000)
[12-16 09:57:01 MainThread @decentralized_fqi_matrix.py:453]   Agent 5 progress: 20% (200/1000)
[12-16 09:57:01 MainThread @decentralized_fqi_matrix.py:453]   Agent 5 progress: 30% (300/1000)
[12-16 09:57:01 MainThread @decentralized_fqi_matrix.py:453]   Agent 5 progress: 40% (400/1000)
[12-16 09:57:01 MainThread @decentralized_fqi_matrix.py:453]   Agent 5 progress: 50% (500/1000)
[12-16 09:57:01 MainThread @decentralized_fqi_matrix.py:453]   Agent 5 progress: 60% (600/1000)
[12-16 09:57:01 MainThread @decentralized_fqi_matrix.py:453]   Agent 5 progress: 70% (700/1000)
[12-16 09:57:01 MainThread @decentralized_fqi_matrix.py:453]   Agent 5 progress: 80% (800/1000)
[12-16 09:57:01 MainThread @decentralized_fqi_matrix.py:453]   Agent 5 progress: 90% (900/1000)
[12-16 09:57:01 MainThread @decentralized_fqi_matrix.py:486]   Agent 5 completed: avg Nash time=0.00ms
[12-16 09:57:01 MainThread @decentralized_fqi_matrix.py:379] Computing targets for agent 6/6...
[12-16 09:57:01 MainThread @decentralized_fqi_matrix.py:453]   Agent 6 progress: 10% (100/1000)
[12-16 09:57:01 MainThread @decentralized_fqi_matrix.py:453]   Agent 6 progress: 20% (200/1000)
[12-16 09:57:01 MainThread @decentralized_fqi_matrix.py:453]   Agent 6 progress: 30% (300/1000)
[12-16 09:57:01 MainThread @decentralized_fqi_matrix.py:453]   Agent 6 progress: 40% (400/1000)
[12-16 09:57:01 MainThread @decentralized_fqi_matrix.py:453]   Agent 6 progress: 50% (500/1000)
[12-16 09:57:01 MainThread @decentralized_fqi_matrix.py:453]   Agent 6 progress: 60% (600/1000)
[12-16 09:57:01 MainThread @decentralized_fqi_matrix.py:453]   Agent 6 progress: 70% (700/1000)
[12-16 09:57:01 MainThread @decentralized_fqi_matrix.py:453]   Agent 6 progress: 80% (800/1000)
[12-16 09:57:01 MainThread @decentralized_fqi_matrix.py:453]   Agent 6 progress: 90% (900/1000)
[12-16 09:57:01 MainThread @decentralized_fqi_matrix.py:486]   Agent 6 completed: avg Nash time=0.00ms
[12-16 09:57:01 MainThread @decentralized_fqi_matrix.py:389] Mean Nash solving time: 0.0000s
[12-16 09:57:01 MainThread @decentralized_fqi_matrix.py:393] Nash cache: 0.0% hit rate (0 hits, 6 misses, 6 cached)
[12-16 09:57:01 MainThread @decentralized_fqi_matrix.py:398] Solving (4) by DIGing decentralized optimization...
[12-16 09:57:03 MainThread @decentralized_fqi_matrix.py:417] Iteration 24 completed: loss=0.4601, td_error=0.5275, consensus_error=0.000337
[12-16 09:57:03 MainThread @decentralized_fqi_matrix.py:573]   [收敛检测] Loss趋势: +0.0033, 波动std: 0.0011
[12-16 09:57:03 MainThread @decentralized_fqi_matrix.py:581]   ✓ Loss已稳定(std=0.0011), 可能已收敛
[12-16 09:57:03 MainThread @decentralized_fqi_matrix.py:369] 
=== Fitted Q-Iteration 25/100 ===
[12-16 09:57:03 MainThread @decentralized_fqi_matrix.py:379] Computing targets for agent 1/6...
[12-16 09:57:03 MainThread @decentralized_fqi_matrix.py:453]   Agent 1 progress: 10% (100/1000)
[12-16 09:57:03 MainThread @decentralized_fqi_matrix.py:453]   Agent 1 progress: 20% (200/1000)
[12-16 09:57:03 MainThread @decentralized_fqi_matrix.py:453]   Agent 1 progress: 30% (300/1000)
[12-16 09:57:03 MainThread @decentralized_fqi_matrix.py:453]   Agent 1 progress: 40% (400/1000)
[12-16 09:57:03 MainThread @decentralized_fqi_matrix.py:453]   Agent 1 progress: 50% (500/1000)
[12-16 09:57:03 MainThread @decentralized_fqi_matrix.py:453]   Agent 1 progress: 60% (600/1000)
[12-16 09:57:03 MainThread @decentralized_fqi_matrix.py:453]   Agent 1 progress: 70% (700/1000)
[12-16 09:57:03 MainThread @decentralized_fqi_matrix.py:453]   Agent 1 progress: 80% (800/1000)
[12-16 09:57:03 MainThread @decentralized_fqi_matrix.py:453]   Agent 1 progress: 90% (900/1000)
[12-16 09:57:03 MainThread @decentralized_fqi_matrix.py:486]   Agent 1 completed: avg Nash time=0.00ms
[12-16 09:57:03 MainThread @decentralized_fqi_matrix.py:379] Computing targets for agent 2/6...
[12-16 09:57:03 MainThread @decentralized_fqi_matrix.py:453]   Agent 2 progress: 10% (100/1000)
[12-16 09:57:03 MainThread @decentralized_fqi_matrix.py:453]   Agent 2 progress: 20% (200/1000)
[12-16 09:57:03 MainThread @decentralized_fqi_matrix.py:453]   Agent 2 progress: 30% (300/1000)
[12-16 09:57:03 MainThread @decentralized_fqi_matrix.py:453]   Agent 2 progress: 40% (400/1000)
[12-16 09:57:03 MainThread @decentralized_fqi_matrix.py:453]   Agent 2 progress: 50% (500/1000)
[12-16 09:57:03 MainThread @decentralized_fqi_matrix.py:453]   Agent 2 progress: 60% (600/1000)
[12-16 09:57:03 MainThread @decentralized_fqi_matrix.py:453]   Agent 2 progress: 70% (700/1000)
[12-16 09:57:03 MainThread @decentralized_fqi_matrix.py:453]   Agent 2 progress: 80% (800/1000)
[12-16 09:57:03 MainThread @decentralized_fqi_matrix.py:453]   Agent 2 progress: 90% (900/1000)
[12-16 09:57:03 MainThread @decentralized_fqi_matrix.py:486]   Agent 2 completed: avg Nash time=0.00ms
[12-16 09:57:03 MainThread @decentralized_fqi_matrix.py:379] Computing targets for agent 3/6...
[12-16 09:57:03 MainThread @decentralized_fqi_matrix.py:453]   Agent 3 progress: 10% (100/1000)
[12-16 09:57:03 MainThread @decentralized_fqi_matrix.py:453]   Agent 3 progress: 20% (200/1000)
[12-16 09:57:03 MainThread @decentralized_fqi_matrix.py:453]   Agent 3 progress: 30% (300/1000)
[12-16 09:57:03 MainThread @decentralized_fqi_matrix.py:453]   Agent 3 progress: 40% (400/1000)
[12-16 09:57:03 MainThread @decentralized_fqi_matrix.py:453]   Agent 3 progress: 50% (500/1000)
[12-16 09:57:03 MainThread @decentralized_fqi_matrix.py:453]   Agent 3 progress: 60% (600/1000)
[12-16 09:57:03 MainThread @decentralized_fqi_matrix.py:453]   Agent 3 progress: 70% (700/1000)
[12-16 09:57:03 MainThread @decentralized_fqi_matrix.py:453]   Agent 3 progress: 80% (800/1000)
[12-16 09:57:03 MainThread @decentralized_fqi_matrix.py:453]   Agent 3 progress: 90% (900/1000)
[12-16 09:57:03 MainThread @decentralized_fqi_matrix.py:486]   Agent 3 completed: avg Nash time=0.00ms
[12-16 09:57:03 MainThread @decentralized_fqi_matrix.py:379] Computing targets for agent 4/6...
[12-16 09:57:03 MainThread @decentralized_fqi_matrix.py:453]   Agent 4 progress: 10% (100/1000)
[12-16 09:57:03 MainThread @decentralized_fqi_matrix.py:453]   Agent 4 progress: 20% (200/1000)
[12-16 09:57:03 MainThread @decentralized_fqi_matrix.py:453]   Agent 4 progress: 30% (300/1000)
[12-16 09:57:03 MainThread @decentralized_fqi_matrix.py:453]   Agent 4 progress: 40% (400/1000)
[12-16 09:57:03 MainThread @decentralized_fqi_matrix.py:453]   Agent 4 progress: 50% (500/1000)
[12-16 09:57:03 MainThread @decentralized_fqi_matrix.py:453]   Agent 4 progress: 60% (600/1000)
[12-16 09:57:03 MainThread @decentralized_fqi_matrix.py:453]   Agent 4 progress: 70% (700/1000)
[12-16 09:57:03 MainThread @decentralized_fqi_matrix.py:453]   Agent 4 progress: 80% (800/1000)
[12-16 09:57:03 MainThread @decentralized_fqi_matrix.py:453]   Agent 4 progress: 90% (900/1000)
[12-16 09:57:03 MainThread @decentralized_fqi_matrix.py:486]   Agent 4 completed: avg Nash time=0.00ms
[12-16 09:57:03 MainThread @decentralized_fqi_matrix.py:379] Computing targets for agent 5/6...
[12-16 09:57:03 MainThread @decentralized_fqi_matrix.py:453]   Agent 5 progress: 10% (100/1000)
[12-16 09:57:03 MainThread @decentralized_fqi_matrix.py:453]   Agent 5 progress: 20% (200/1000)
[12-16 09:57:03 MainThread @decentralized_fqi_matrix.py:453]   Agent 5 progress: 30% (300/1000)
[12-16 09:57:03 MainThread @decentralized_fqi_matrix.py:453]   Agent 5 progress: 40% (400/1000)
[12-16 09:57:03 MainThread @decentralized_fqi_matrix.py:453]   Agent 5 progress: 50% (500/1000)
[12-16 09:57:03 MainThread @decentralized_fqi_matrix.py:453]   Agent 5 progress: 60% (600/1000)
[12-16 09:57:03 MainThread @decentralized_fqi_matrix.py:453]   Agent 5 progress: 70% (700/1000)
[12-16 09:57:03 MainThread @decentralized_fqi_matrix.py:453]   Agent 5 progress: 80% (800/1000)
[12-16 09:57:03 MainThread @decentralized_fqi_matrix.py:453]   Agent 5 progress: 90% (900/1000)
[12-16 09:57:03 MainThread @decentralized_fqi_matrix.py:486]   Agent 5 completed: avg Nash time=0.00ms
[12-16 09:57:03 MainThread @decentralized_fqi_matrix.py:379] Computing targets for agent 6/6...
[12-16 09:57:03 MainThread @decentralized_fqi_matrix.py:453]   Agent 6 progress: 10% (100/1000)
[12-16 09:57:03 MainThread @decentralized_fqi_matrix.py:453]   Agent 6 progress: 20% (200/1000)
[12-16 09:57:03 MainThread @decentralized_fqi_matrix.py:453]   Agent 6 progress: 30% (300/1000)
[12-16 09:57:03 MainThread @decentralized_fqi_matrix.py:453]   Agent 6 progress: 40% (400/1000)
[12-16 09:57:03 MainThread @decentralized_fqi_matrix.py:453]   Agent 6 progress: 50% (500/1000)
[12-16 09:57:03 MainThread @decentralized_fqi_matrix.py:453]   Agent 6 progress: 60% (600/1000)
[12-16 09:57:03 MainThread @decentralized_fqi_matrix.py:453]   Agent 6 progress: 70% (700/1000)
[12-16 09:57:03 MainThread @decentralized_fqi_matrix.py:453]   Agent 6 progress: 80% (800/1000)
[12-16 09:57:03 MainThread @decentralized_fqi_matrix.py:453]   Agent 6 progress: 90% (900/1000)
[12-16 09:57:03 MainThread @decentralized_fqi_matrix.py:486]   Agent 6 completed: avg Nash time=0.00ms
[12-16 09:57:03 MainThread @decentralized_fqi_matrix.py:389] Mean Nash solving time: 0.0000s
[12-16 09:57:03 MainThread @decentralized_fqi_matrix.py:393] Nash cache: 0.0% hit rate (0 hits, 6 misses, 6 cached)
[12-16 09:57:03 MainThread @decentralized_fqi_matrix.py:398] Solving (4) by DIGing decentralized optimization...
[12-16 09:57:05 MainThread @decentralized_fqi_matrix.py:417] Iteration 25 completed: loss=0.4595, td_error=0.5287, consensus_error=0.000866
[12-16 09:57:05 MainThread @decentralized_fqi_matrix.py:573]   [收敛检测] Loss趋势: +0.0023, 波动std: 0.0008
[12-16 09:57:05 MainThread @decentralized_fqi_matrix.py:581]   ✓ Loss已稳定(std=0.0008), 可能已收敛
[12-16 09:57:05 MainThread @decentralized_fqi_matrix.py:369] 
=== Fitted Q-Iteration 26/100 ===
[12-16 09:57:05 MainThread @decentralized_fqi_matrix.py:379] Computing targets for agent 1/6...
[12-16 09:57:05 MainThread @decentralized_fqi_matrix.py:453]   Agent 1 progress: 10% (100/1000)
[12-16 09:57:05 MainThread @decentralized_fqi_matrix.py:453]   Agent 1 progress: 20% (200/1000)
[12-16 09:57:05 MainThread @decentralized_fqi_matrix.py:453]   Agent 1 progress: 30% (300/1000)
[12-16 09:57:05 MainThread @decentralized_fqi_matrix.py:453]   Agent 1 progress: 40% (400/1000)
[12-16 09:57:05 MainThread @decentralized_fqi_matrix.py:453]   Agent 1 progress: 50% (500/1000)
[12-16 09:57:05 MainThread @decentralized_fqi_matrix.py:453]   Agent 1 progress: 60% (600/1000)
[12-16 09:57:05 MainThread @decentralized_fqi_matrix.py:453]   Agent 1 progress: 70% (700/1000)
[12-16 09:57:05 MainThread @decentralized_fqi_matrix.py:453]   Agent 1 progress: 80% (800/1000)
[12-16 09:57:05 MainThread @decentralized_fqi_matrix.py:453]   Agent 1 progress: 90% (900/1000)
[12-16 09:57:05 MainThread @decentralized_fqi_matrix.py:486]   Agent 1 completed: avg Nash time=0.00ms
[12-16 09:57:05 MainThread @decentralized_fqi_matrix.py:379] Computing targets for agent 2/6...
[12-16 09:57:05 MainThread @decentralized_fqi_matrix.py:453]   Agent 2 progress: 10% (100/1000)
[12-16 09:57:05 MainThread @decentralized_fqi_matrix.py:453]   Agent 2 progress: 20% (200/1000)
[12-16 09:57:05 MainThread @decentralized_fqi_matrix.py:453]   Agent 2 progress: 30% (300/1000)
[12-16 09:57:05 MainThread @decentralized_fqi_matrix.py:453]   Agent 2 progress: 40% (400/1000)
[12-16 09:57:05 MainThread @decentralized_fqi_matrix.py:453]   Agent 2 progress: 50% (500/1000)
[12-16 09:57:05 MainThread @decentralized_fqi_matrix.py:453]   Agent 2 progress: 60% (600/1000)
[12-16 09:57:05 MainThread @decentralized_fqi_matrix.py:453]   Agent 2 progress: 70% (700/1000)
[12-16 09:57:05 MainThread @decentralized_fqi_matrix.py:453]   Agent 2 progress: 80% (800/1000)
[12-16 09:57:05 MainThread @decentralized_fqi_matrix.py:453]   Agent 2 progress: 90% (900/1000)
[12-16 09:57:05 MainThread @decentralized_fqi_matrix.py:486]   Agent 2 completed: avg Nash time=0.00ms
[12-16 09:57:05 MainThread @decentralized_fqi_matrix.py:379] Computing targets for agent 3/6...
[12-16 09:57:05 MainThread @decentralized_fqi_matrix.py:453]   Agent 3 progress: 10% (100/1000)
[12-16 09:57:05 MainThread @decentralized_fqi_matrix.py:453]   Agent 3 progress: 20% (200/1000)
[12-16 09:57:05 MainThread @decentralized_fqi_matrix.py:453]   Agent 3 progress: 30% (300/1000)
[12-16 09:57:05 MainThread @decentralized_fqi_matrix.py:453]   Agent 3 progress: 40% (400/1000)
[12-16 09:57:05 MainThread @decentralized_fqi_matrix.py:453]   Agent 3 progress: 50% (500/1000)
[12-16 09:57:05 MainThread @decentralized_fqi_matrix.py:453]   Agent 3 progress: 60% (600/1000)
[12-16 09:57:05 MainThread @decentralized_fqi_matrix.py:453]   Agent 3 progress: 70% (700/1000)
[12-16 09:57:05 MainThread @decentralized_fqi_matrix.py:453]   Agent 3 progress: 80% (800/1000)
[12-16 09:57:05 MainThread @decentralized_fqi_matrix.py:453]   Agent 3 progress: 90% (900/1000)
[12-16 09:57:05 MainThread @decentralized_fqi_matrix.py:486]   Agent 3 completed: avg Nash time=0.00ms
[12-16 09:57:05 MainThread @decentralized_fqi_matrix.py:379] Computing targets for agent 4/6...
[12-16 09:57:05 MainThread @decentralized_fqi_matrix.py:453]   Agent 4 progress: 10% (100/1000)
[12-16 09:57:05 MainThread @decentralized_fqi_matrix.py:453]   Agent 4 progress: 20% (200/1000)
[12-16 09:57:05 MainThread @decentralized_fqi_matrix.py:453]   Agent 4 progress: 30% (300/1000)
[12-16 09:57:05 MainThread @decentralized_fqi_matrix.py:453]   Agent 4 progress: 40% (400/1000)
[12-16 09:57:05 MainThread @decentralized_fqi_matrix.py:453]   Agent 4 progress: 50% (500/1000)
[12-16 09:57:05 MainThread @decentralized_fqi_matrix.py:453]   Agent 4 progress: 60% (600/1000)
[12-16 09:57:05 MainThread @decentralized_fqi_matrix.py:453]   Agent 4 progress: 70% (700/1000)
[12-16 09:57:05 MainThread @decentralized_fqi_matrix.py:453]   Agent 4 progress: 80% (800/1000)
[12-16 09:57:05 MainThread @decentralized_fqi_matrix.py:453]   Agent 4 progress: 90% (900/1000)
[12-16 09:57:05 MainThread @decentralized_fqi_matrix.py:486]   Agent 4 completed: avg Nash time=0.00ms
[12-16 09:57:05 MainThread @decentralized_fqi_matrix.py:379] Computing targets for agent 5/6...
[12-16 09:57:05 MainThread @decentralized_fqi_matrix.py:453]   Agent 5 progress: 10% (100/1000)
[12-16 09:57:05 MainThread @decentralized_fqi_matrix.py:453]   Agent 5 progress: 20% (200/1000)
[12-16 09:57:05 MainThread @decentralized_fqi_matrix.py:453]   Agent 5 progress: 30% (300/1000)
[12-16 09:57:05 MainThread @decentralized_fqi_matrix.py:453]   Agent 5 progress: 40% (400/1000)
[12-16 09:57:05 MainThread @decentralized_fqi_matrix.py:453]   Agent 5 progress: 50% (500/1000)
[12-16 09:57:05 MainThread @decentralized_fqi_matrix.py:453]   Agent 5 progress: 60% (600/1000)
[12-16 09:57:05 MainThread @decentralized_fqi_matrix.py:453]   Agent 5 progress: 70% (700/1000)
[12-16 09:57:05 MainThread @decentralized_fqi_matrix.py:453]   Agent 5 progress: 80% (800/1000)
[12-16 09:57:05 MainThread @decentralized_fqi_matrix.py:453]   Agent 5 progress: 90% (900/1000)
[12-16 09:57:05 MainThread @decentralized_fqi_matrix.py:486]   Agent 5 completed: avg Nash time=0.00ms
[12-16 09:57:05 MainThread @decentralized_fqi_matrix.py:379] Computing targets for agent 6/6...
[12-16 09:57:05 MainThread @decentralized_fqi_matrix.py:453]   Agent 6 progress: 10% (100/1000)
[12-16 09:57:05 MainThread @decentralized_fqi_matrix.py:453]   Agent 6 progress: 20% (200/1000)
[12-16 09:57:05 MainThread @decentralized_fqi_matrix.py:453]   Agent 6 progress: 30% (300/1000)
[12-16 09:57:05 MainThread @decentralized_fqi_matrix.py:453]   Agent 6 progress: 40% (400/1000)
[12-16 09:57:05 MainThread @decentralized_fqi_matrix.py:453]   Agent 6 progress: 50% (500/1000)
[12-16 09:57:05 MainThread @decentralized_fqi_matrix.py:453]   Agent 6 progress: 60% (600/1000)
[12-16 09:57:05 MainThread @decentralized_fqi_matrix.py:453]   Agent 6 progress: 70% (700/1000)
[12-16 09:57:05 MainThread @decentralized_fqi_matrix.py:453]   Agent 6 progress: 80% (800/1000)
[12-16 09:57:05 MainThread @decentralized_fqi_matrix.py:453]   Agent 6 progress: 90% (900/1000)
[12-16 09:57:05 MainThread @decentralized_fqi_matrix.py:486]   Agent 6 completed: avg Nash time=0.00ms
[12-16 09:57:05 MainThread @decentralized_fqi_matrix.py:389] Mean Nash solving time: 0.0000s
[12-16 09:57:05 MainThread @decentralized_fqi_matrix.py:393] Nash cache: 0.0% hit rate (0 hits, 6 misses, 6 cached)
[12-16 09:57:05 MainThread @decentralized_fqi_matrix.py:398] Solving (4) by DIGing decentralized optimization...
[12-16 09:57:07 MainThread @decentralized_fqi_matrix.py:417] Iteration 26 completed: loss=0.4590, td_error=0.5296, consensus_error=0.000434
[12-16 09:57:07 MainThread @decentralized_fqi_matrix.py:573]   [收敛检测] Loss趋势: +0.0023, 波动std: 0.0008
[12-16 09:57:07 MainThread @decentralized_fqi_matrix.py:581]   ✓ Loss已稳定(std=0.0008), 可能已收敛
[12-16 09:57:07 MainThread @decentralized_fqi_matrix.py:369] 
=== Fitted Q-Iteration 27/100 ===
[12-16 09:57:07 MainThread @decentralized_fqi_matrix.py:379] Computing targets for agent 1/6...
[12-16 09:57:07 MainThread @decentralized_fqi_matrix.py:453]   Agent 1 progress: 10% (100/1000)
[12-16 09:57:07 MainThread @decentralized_fqi_matrix.py:453]   Agent 1 progress: 20% (200/1000)
[12-16 09:57:07 MainThread @decentralized_fqi_matrix.py:453]   Agent 1 progress: 30% (300/1000)
[12-16 09:57:07 MainThread @decentralized_fqi_matrix.py:453]   Agent 1 progress: 40% (400/1000)
[12-16 09:57:07 MainThread @decentralized_fqi_matrix.py:453]   Agent 1 progress: 50% (500/1000)
[12-16 09:57:07 MainThread @decentralized_fqi_matrix.py:453]   Agent 1 progress: 60% (600/1000)
[12-16 09:57:07 MainThread @decentralized_fqi_matrix.py:453]   Agent 1 progress: 70% (700/1000)
[12-16 09:57:07 MainThread @decentralized_fqi_matrix.py:453]   Agent 1 progress: 80% (800/1000)
[12-16 09:57:07 MainThread @decentralized_fqi_matrix.py:453]   Agent 1 progress: 90% (900/1000)
[12-16 09:57:07 MainThread @decentralized_fqi_matrix.py:486]   Agent 1 completed: avg Nash time=0.00ms
[12-16 09:57:07 MainThread @decentralized_fqi_matrix.py:379] Computing targets for agent 2/6...
[12-16 09:57:07 MainThread @decentralized_fqi_matrix.py:453]   Agent 2 progress: 10% (100/1000)
[12-16 09:57:07 MainThread @decentralized_fqi_matrix.py:453]   Agent 2 progress: 20% (200/1000)
[12-16 09:57:07 MainThread @decentralized_fqi_matrix.py:453]   Agent 2 progress: 30% (300/1000)
[12-16 09:57:07 MainThread @decentralized_fqi_matrix.py:453]   Agent 2 progress: 40% (400/1000)
[12-16 09:57:07 MainThread @decentralized_fqi_matrix.py:453]   Agent 2 progress: 50% (500/1000)
[12-16 09:57:07 MainThread @decentralized_fqi_matrix.py:453]   Agent 2 progress: 60% (600/1000)
[12-16 09:57:07 MainThread @decentralized_fqi_matrix.py:453]   Agent 2 progress: 70% (700/1000)
[12-16 09:57:07 MainThread @decentralized_fqi_matrix.py:453]   Agent 2 progress: 80% (800/1000)
[12-16 09:57:07 MainThread @decentralized_fqi_matrix.py:453]   Agent 2 progress: 90% (900/1000)
[12-16 09:57:07 MainThread @decentralized_fqi_matrix.py:486]   Agent 2 completed: avg Nash time=0.00ms
[12-16 09:57:07 MainThread @decentralized_fqi_matrix.py:379] Computing targets for agent 3/6...
[12-16 09:57:07 MainThread @decentralized_fqi_matrix.py:453]   Agent 3 progress: 10% (100/1000)
[12-16 09:57:07 MainThread @decentralized_fqi_matrix.py:453]   Agent 3 progress: 20% (200/1000)
[12-16 09:57:07 MainThread @decentralized_fqi_matrix.py:453]   Agent 3 progress: 30% (300/1000)
[12-16 09:57:07 MainThread @decentralized_fqi_matrix.py:453]   Agent 3 progress: 40% (400/1000)
[12-16 09:57:07 MainThread @decentralized_fqi_matrix.py:453]   Agent 3 progress: 50% (500/1000)
[12-16 09:57:07 MainThread @decentralized_fqi_matrix.py:453]   Agent 3 progress: 60% (600/1000)
[12-16 09:57:07 MainThread @decentralized_fqi_matrix.py:453]   Agent 3 progress: 70% (700/1000)
[12-16 09:57:07 MainThread @decentralized_fqi_matrix.py:453]   Agent 3 progress: 80% (800/1000)
[12-16 09:57:07 MainThread @decentralized_fqi_matrix.py:453]   Agent 3 progress: 90% (900/1000)
[12-16 09:57:07 MainThread @decentralized_fqi_matrix.py:486]   Agent 3 completed: avg Nash time=0.00ms
[12-16 09:57:07 MainThread @decentralized_fqi_matrix.py:379] Computing targets for agent 4/6...
[12-16 09:57:07 MainThread @decentralized_fqi_matrix.py:453]   Agent 4 progress: 10% (100/1000)
[12-16 09:57:07 MainThread @decentralized_fqi_matrix.py:453]   Agent 4 progress: 20% (200/1000)
[12-16 09:57:07 MainThread @decentralized_fqi_matrix.py:453]   Agent 4 progress: 30% (300/1000)
[12-16 09:57:07 MainThread @decentralized_fqi_matrix.py:453]   Agent 4 progress: 40% (400/1000)
[12-16 09:57:07 MainThread @decentralized_fqi_matrix.py:453]   Agent 4 progress: 50% (500/1000)
[12-16 09:57:07 MainThread @decentralized_fqi_matrix.py:453]   Agent 4 progress: 60% (600/1000)
[12-16 09:57:07 MainThread @decentralized_fqi_matrix.py:453]   Agent 4 progress: 70% (700/1000)
[12-16 09:57:07 MainThread @decentralized_fqi_matrix.py:453]   Agent 4 progress: 80% (800/1000)
[12-16 09:57:07 MainThread @decentralized_fqi_matrix.py:453]   Agent 4 progress: 90% (900/1000)
[12-16 09:57:07 MainThread @decentralized_fqi_matrix.py:486]   Agent 4 completed: avg Nash time=0.00ms
[12-16 09:57:07 MainThread @decentralized_fqi_matrix.py:379] Computing targets for agent 5/6...
[12-16 09:57:07 MainThread @decentralized_fqi_matrix.py:453]   Agent 5 progress: 10% (100/1000)
[12-16 09:57:07 MainThread @decentralized_fqi_matrix.py:453]   Agent 5 progress: 20% (200/1000)
[12-16 09:57:07 MainThread @decentralized_fqi_matrix.py:453]   Agent 5 progress: 30% (300/1000)
[12-16 09:57:07 MainThread @decentralized_fqi_matrix.py:453]   Agent 5 progress: 40% (400/1000)
[12-16 09:57:07 MainThread @decentralized_fqi_matrix.py:453]   Agent 5 progress: 50% (500/1000)
[12-16 09:57:07 MainThread @decentralized_fqi_matrix.py:453]   Agent 5 progress: 60% (600/1000)
[12-16 09:57:07 MainThread @decentralized_fqi_matrix.py:453]   Agent 5 progress: 70% (700/1000)
[12-16 09:57:07 MainThread @decentralized_fqi_matrix.py:453]   Agent 5 progress: 80% (800/1000)
[12-16 09:57:07 MainThread @decentralized_fqi_matrix.py:453]   Agent 5 progress: 90% (900/1000)
[12-16 09:57:07 MainThread @decentralized_fqi_matrix.py:486]   Agent 5 completed: avg Nash time=0.00ms
[12-16 09:57:07 MainThread @decentralized_fqi_matrix.py:379] Computing targets for agent 6/6...
[12-16 09:57:07 MainThread @decentralized_fqi_matrix.py:453]   Agent 6 progress: 10% (100/1000)
[12-16 09:57:07 MainThread @decentralized_fqi_matrix.py:453]   Agent 6 progress: 20% (200/1000)
[12-16 09:57:07 MainThread @decentralized_fqi_matrix.py:453]   Agent 6 progress: 30% (300/1000)
[12-16 09:57:07 MainThread @decentralized_fqi_matrix.py:453]   Agent 6 progress: 40% (400/1000)
[12-16 09:57:07 MainThread @decentralized_fqi_matrix.py:453]   Agent 6 progress: 50% (500/1000)
[12-16 09:57:07 MainThread @decentralized_fqi_matrix.py:453]   Agent 6 progress: 60% (600/1000)
[12-16 09:57:07 MainThread @decentralized_fqi_matrix.py:453]   Agent 6 progress: 70% (700/1000)
[12-16 09:57:07 MainThread @decentralized_fqi_matrix.py:453]   Agent 6 progress: 80% (800/1000)
[12-16 09:57:07 MainThread @decentralized_fqi_matrix.py:453]   Agent 6 progress: 90% (900/1000)
[12-16 09:57:07 MainThread @decentralized_fqi_matrix.py:486]   Agent 6 completed: avg Nash time=0.00ms
[12-16 09:57:07 MainThread @decentralized_fqi_matrix.py:389] Mean Nash solving time: 0.0000s
[12-16 09:57:07 MainThread @decentralized_fqi_matrix.py:393] Nash cache: 0.0% hit rate (0 hits, 6 misses, 6 cached)
[12-16 09:57:07 MainThread @decentralized_fqi_matrix.py:398] Solving (4) by DIGing decentralized optimization...
[12-16 09:57:09 MainThread @decentralized_fqi_matrix.py:417] Iteration 27 completed: loss=0.4591, td_error=0.5308, consensus_error=0.000224
[12-16 09:57:09 MainThread @decentralized_fqi_matrix.py:573]   [收敛检测] Loss趋势: +0.0017, 波动std: 0.0007
[12-16 09:57:09 MainThread @decentralized_fqi_matrix.py:581]   ✓ Loss已稳定(std=0.0007), 可能已收敛
[12-16 09:57:09 MainThread @decentralized_fqi_matrix.py:369] 
=== Fitted Q-Iteration 28/100 ===
[12-16 09:57:09 MainThread @decentralized_fqi_matrix.py:379] Computing targets for agent 1/6...
[12-16 09:57:09 MainThread @decentralized_fqi_matrix.py:453]   Agent 1 progress: 10% (100/1000)
[12-16 09:57:09 MainThread @decentralized_fqi_matrix.py:453]   Agent 1 progress: 20% (200/1000)
[12-16 09:57:09 MainThread @decentralized_fqi_matrix.py:453]   Agent 1 progress: 30% (300/1000)
[12-16 09:57:09 MainThread @decentralized_fqi_matrix.py:453]   Agent 1 progress: 40% (400/1000)
[12-16 09:57:09 MainThread @decentralized_fqi_matrix.py:453]   Agent 1 progress: 50% (500/1000)
[12-16 09:57:09 MainThread @decentralized_fqi_matrix.py:453]   Agent 1 progress: 60% (600/1000)
[12-16 09:57:09 MainThread @decentralized_fqi_matrix.py:453]   Agent 1 progress: 70% (700/1000)
[12-16 09:57:09 MainThread @decentralized_fqi_matrix.py:453]   Agent 1 progress: 80% (800/1000)
[12-16 09:57:09 MainThread @decentralized_fqi_matrix.py:453]   Agent 1 progress: 90% (900/1000)
[12-16 09:57:09 MainThread @decentralized_fqi_matrix.py:486]   Agent 1 completed: avg Nash time=0.00ms
[12-16 09:57:09 MainThread @decentralized_fqi_matrix.py:379] Computing targets for agent 2/6...
[12-16 09:57:09 MainThread @decentralized_fqi_matrix.py:453]   Agent 2 progress: 10% (100/1000)
[12-16 09:57:09 MainThread @decentralized_fqi_matrix.py:453]   Agent 2 progress: 20% (200/1000)
[12-16 09:57:09 MainThread @decentralized_fqi_matrix.py:453]   Agent 2 progress: 30% (300/1000)
[12-16 09:57:09 MainThread @decentralized_fqi_matrix.py:453]   Agent 2 progress: 40% (400/1000)
[12-16 09:57:09 MainThread @decentralized_fqi_matrix.py:453]   Agent 2 progress: 50% (500/1000)
[12-16 09:57:09 MainThread @decentralized_fqi_matrix.py:453]   Agent 2 progress: 60% (600/1000)
[12-16 09:57:09 MainThread @decentralized_fqi_matrix.py:453]   Agent 2 progress: 70% (700/1000)
[12-16 09:57:09 MainThread @decentralized_fqi_matrix.py:453]   Agent 2 progress: 80% (800/1000)
[12-16 09:57:09 MainThread @decentralized_fqi_matrix.py:453]   Agent 2 progress: 90% (900/1000)
[12-16 09:57:09 MainThread @decentralized_fqi_matrix.py:486]   Agent 2 completed: avg Nash time=0.00ms
[12-16 09:57:09 MainThread @decentralized_fqi_matrix.py:379] Computing targets for agent 3/6...
[12-16 09:57:09 MainThread @decentralized_fqi_matrix.py:453]   Agent 3 progress: 10% (100/1000)
[12-16 09:57:09 MainThread @decentralized_fqi_matrix.py:453]   Agent 3 progress: 20% (200/1000)
[12-16 09:57:09 MainThread @decentralized_fqi_matrix.py:453]   Agent 3 progress: 30% (300/1000)
[12-16 09:57:09 MainThread @decentralized_fqi_matrix.py:453]   Agent 3 progress: 40% (400/1000)
[12-16 09:57:09 MainThread @decentralized_fqi_matrix.py:453]   Agent 3 progress: 50% (500/1000)
[12-16 09:57:09 MainThread @decentralized_fqi_matrix.py:453]   Agent 3 progress: 60% (600/1000)
[12-16 09:57:09 MainThread @decentralized_fqi_matrix.py:453]   Agent 3 progress: 70% (700/1000)
[12-16 09:57:09 MainThread @decentralized_fqi_matrix.py:453]   Agent 3 progress: 80% (800/1000)
[12-16 09:57:09 MainThread @decentralized_fqi_matrix.py:453]   Agent 3 progress: 90% (900/1000)
[12-16 09:57:09 MainThread @decentralized_fqi_matrix.py:486]   Agent 3 completed: avg Nash time=0.00ms
[12-16 09:57:09 MainThread @decentralized_fqi_matrix.py:379] Computing targets for agent 4/6...
[12-16 09:57:09 MainThread @decentralized_fqi_matrix.py:453]   Agent 4 progress: 10% (100/1000)
[12-16 09:57:09 MainThread @decentralized_fqi_matrix.py:453]   Agent 4 progress: 20% (200/1000)
[12-16 09:57:09 MainThread @decentralized_fqi_matrix.py:453]   Agent 4 progress: 30% (300/1000)
[12-16 09:57:09 MainThread @decentralized_fqi_matrix.py:453]   Agent 4 progress: 40% (400/1000)
[12-16 09:57:09 MainThread @decentralized_fqi_matrix.py:453]   Agent 4 progress: 50% (500/1000)
[12-16 09:57:09 MainThread @decentralized_fqi_matrix.py:453]   Agent 4 progress: 60% (600/1000)
[12-16 09:57:09 MainThread @decentralized_fqi_matrix.py:453]   Agent 4 progress: 70% (700/1000)
[12-16 09:57:09 MainThread @decentralized_fqi_matrix.py:453]   Agent 4 progress: 80% (800/1000)
[12-16 09:57:09 MainThread @decentralized_fqi_matrix.py:453]   Agent 4 progress: 90% (900/1000)
[12-16 09:57:09 MainThread @decentralized_fqi_matrix.py:486]   Agent 4 completed: avg Nash time=0.00ms
[12-16 09:57:09 MainThread @decentralized_fqi_matrix.py:379] Computing targets for agent 5/6...
[12-16 09:57:09 MainThread @decentralized_fqi_matrix.py:453]   Agent 5 progress: 10% (100/1000)
[12-16 09:57:09 MainThread @decentralized_fqi_matrix.py:453]   Agent 5 progress: 20% (200/1000)
[12-16 09:57:09 MainThread @decentralized_fqi_matrix.py:453]   Agent 5 progress: 30% (300/1000)
[12-16 09:57:09 MainThread @decentralized_fqi_matrix.py:453]   Agent 5 progress: 40% (400/1000)
[12-16 09:57:09 MainThread @decentralized_fqi_matrix.py:453]   Agent 5 progress: 50% (500/1000)
[12-16 09:57:09 MainThread @decentralized_fqi_matrix.py:453]   Agent 5 progress: 60% (600/1000)
[12-16 09:57:09 MainThread @decentralized_fqi_matrix.py:453]   Agent 5 progress: 70% (700/1000)
[12-16 09:57:09 MainThread @decentralized_fqi_matrix.py:453]   Agent 5 progress: 80% (800/1000)
[12-16 09:57:09 MainThread @decentralized_fqi_matrix.py:453]   Agent 5 progress: 90% (900/1000)
[12-16 09:57:09 MainThread @decentralized_fqi_matrix.py:486]   Agent 5 completed: avg Nash time=0.00ms
[12-16 09:57:09 MainThread @decentralized_fqi_matrix.py:379] Computing targets for agent 6/6...
[12-16 09:57:09 MainThread @decentralized_fqi_matrix.py:453]   Agent 6 progress: 10% (100/1000)
[12-16 09:57:09 MainThread @decentralized_fqi_matrix.py:453]   Agent 6 progress: 20% (200/1000)
[12-16 09:57:09 MainThread @decentralized_fqi_matrix.py:453]   Agent 6 progress: 30% (300/1000)
[12-16 09:57:09 MainThread @decentralized_fqi_matrix.py:453]   Agent 6 progress: 40% (400/1000)
[12-16 09:57:09 MainThread @decentralized_fqi_matrix.py:453]   Agent 6 progress: 50% (500/1000)
[12-16 09:57:09 MainThread @decentralized_fqi_matrix.py:453]   Agent 6 progress: 60% (600/1000)
[12-16 09:57:09 MainThread @decentralized_fqi_matrix.py:453]   Agent 6 progress: 70% (700/1000)
[12-16 09:57:09 MainThread @decentralized_fqi_matrix.py:453]   Agent 6 progress: 80% (800/1000)
[12-16 09:57:09 MainThread @decentralized_fqi_matrix.py:453]   Agent 6 progress: 90% (900/1000)
[12-16 09:57:09 MainThread @decentralized_fqi_matrix.py:486]   Agent 6 completed: avg Nash time=0.00ms
[12-16 09:57:09 MainThread @decentralized_fqi_matrix.py:389] Mean Nash solving time: 0.0000s
[12-16 09:57:09 MainThread @decentralized_fqi_matrix.py:393] Nash cache: 0.0% hit rate (0 hits, 6 misses, 6 cached)
[12-16 09:57:09 MainThread @decentralized_fqi_matrix.py:398] Solving (4) by DIGing decentralized optimization...
[12-16 09:57:11 MainThread @decentralized_fqi_matrix.py:417] Iteration 28 completed: loss=0.4593, td_error=0.5316, consensus_error=0.000657
[12-16 09:57:11 MainThread @decentralized_fqi_matrix.py:573]   [收敛检测] Loss趋势: +0.0007, 波动std: 0.0004
[12-16 09:57:11 MainThread @decentralized_fqi_matrix.py:581]   ✓ Loss已稳定(std=0.0004), 可能已收敛
[12-16 09:57:11 MainThread @decentralized_fqi_matrix.py:369] 
=== Fitted Q-Iteration 29/100 ===
[12-16 09:57:11 MainThread @decentralized_fqi_matrix.py:379] Computing targets for agent 1/6...
[12-16 09:57:11 MainThread @decentralized_fqi_matrix.py:453]   Agent 1 progress: 10% (100/1000)
[12-16 09:57:11 MainThread @decentralized_fqi_matrix.py:453]   Agent 1 progress: 20% (200/1000)
[12-16 09:57:11 MainThread @decentralized_fqi_matrix.py:453]   Agent 1 progress: 30% (300/1000)
[12-16 09:57:11 MainThread @decentralized_fqi_matrix.py:453]   Agent 1 progress: 40% (400/1000)
[12-16 09:57:11 MainThread @decentralized_fqi_matrix.py:453]   Agent 1 progress: 50% (500/1000)
[12-16 09:57:11 MainThread @decentralized_fqi_matrix.py:453]   Agent 1 progress: 60% (600/1000)
[12-16 09:57:11 MainThread @decentralized_fqi_matrix.py:453]   Agent 1 progress: 70% (700/1000)
[12-16 09:57:11 MainThread @decentralized_fqi_matrix.py:453]   Agent 1 progress: 80% (800/1000)
[12-16 09:57:11 MainThread @decentralized_fqi_matrix.py:453]   Agent 1 progress: 90% (900/1000)
[12-16 09:57:11 MainThread @decentralized_fqi_matrix.py:486]   Agent 1 completed: avg Nash time=0.00ms
[12-16 09:57:11 MainThread @decentralized_fqi_matrix.py:379] Computing targets for agent 2/6...
[12-16 09:57:11 MainThread @decentralized_fqi_matrix.py:453]   Agent 2 progress: 10% (100/1000)
[12-16 09:57:11 MainThread @decentralized_fqi_matrix.py:453]   Agent 2 progress: 20% (200/1000)
[12-16 09:57:11 MainThread @decentralized_fqi_matrix.py:453]   Agent 2 progress: 30% (300/1000)
[12-16 09:57:11 MainThread @decentralized_fqi_matrix.py:453]   Agent 2 progress: 40% (400/1000)
[12-16 09:57:11 MainThread @decentralized_fqi_matrix.py:453]   Agent 2 progress: 50% (500/1000)
[12-16 09:57:11 MainThread @decentralized_fqi_matrix.py:453]   Agent 2 progress: 60% (600/1000)
[12-16 09:57:11 MainThread @decentralized_fqi_matrix.py:453]   Agent 2 progress: 70% (700/1000)
[12-16 09:57:11 MainThread @decentralized_fqi_matrix.py:453]   Agent 2 progress: 80% (800/1000)
[12-16 09:57:11 MainThread @decentralized_fqi_matrix.py:453]   Agent 2 progress: 90% (900/1000)
[12-16 09:57:11 MainThread @decentralized_fqi_matrix.py:486]   Agent 2 completed: avg Nash time=0.00ms
[12-16 09:57:11 MainThread @decentralized_fqi_matrix.py:379] Computing targets for agent 3/6...
[12-16 09:57:11 MainThread @decentralized_fqi_matrix.py:453]   Agent 3 progress: 10% (100/1000)
[12-16 09:57:11 MainThread @decentralized_fqi_matrix.py:453]   Agent 3 progress: 20% (200/1000)
[12-16 09:57:11 MainThread @decentralized_fqi_matrix.py:453]   Agent 3 progress: 30% (300/1000)
[12-16 09:57:11 MainThread @decentralized_fqi_matrix.py:453]   Agent 3 progress: 40% (400/1000)
[12-16 09:57:11 MainThread @decentralized_fqi_matrix.py:453]   Agent 3 progress: 50% (500/1000)
[12-16 09:57:11 MainThread @decentralized_fqi_matrix.py:453]   Agent 3 progress: 60% (600/1000)
[12-16 09:57:11 MainThread @decentralized_fqi_matrix.py:453]   Agent 3 progress: 70% (700/1000)
[12-16 09:57:11 MainThread @decentralized_fqi_matrix.py:453]   Agent 3 progress: 80% (800/1000)
[12-16 09:57:11 MainThread @decentralized_fqi_matrix.py:453]   Agent 3 progress: 90% (900/1000)
[12-16 09:57:11 MainThread @decentralized_fqi_matrix.py:486]   Agent 3 completed: avg Nash time=0.00ms
[12-16 09:57:11 MainThread @decentralized_fqi_matrix.py:379] Computing targets for agent 4/6...
[12-16 09:57:11 MainThread @decentralized_fqi_matrix.py:453]   Agent 4 progress: 10% (100/1000)
[12-16 09:57:11 MainThread @decentralized_fqi_matrix.py:453]   Agent 4 progress: 20% (200/1000)
[12-16 09:57:11 MainThread @decentralized_fqi_matrix.py:453]   Agent 4 progress: 30% (300/1000)
[12-16 09:57:11 MainThread @decentralized_fqi_matrix.py:453]   Agent 4 progress: 40% (400/1000)
[12-16 09:57:11 MainThread @decentralized_fqi_matrix.py:453]   Agent 4 progress: 50% (500/1000)
[12-16 09:57:11 MainThread @decentralized_fqi_matrix.py:453]   Agent 4 progress: 60% (600/1000)
[12-16 09:57:11 MainThread @decentralized_fqi_matrix.py:453]   Agent 4 progress: 70% (700/1000)
[12-16 09:57:11 MainThread @decentralized_fqi_matrix.py:453]   Agent 4 progress: 80% (800/1000)
[12-16 09:57:11 MainThread @decentralized_fqi_matrix.py:453]   Agent 4 progress: 90% (900/1000)
[12-16 09:57:11 MainThread @decentralized_fqi_matrix.py:486]   Agent 4 completed: avg Nash time=0.00ms
[12-16 09:57:11 MainThread @decentralized_fqi_matrix.py:379] Computing targets for agent 5/6...
[12-16 09:57:11 MainThread @decentralized_fqi_matrix.py:453]   Agent 5 progress: 10% (100/1000)
[12-16 09:57:11 MainThread @decentralized_fqi_matrix.py:453]   Agent 5 progress: 20% (200/1000)
[12-16 09:57:11 MainThread @decentralized_fqi_matrix.py:453]   Agent 5 progress: 30% (300/1000)
[12-16 09:57:11 MainThread @decentralized_fqi_matrix.py:453]   Agent 5 progress: 40% (400/1000)
[12-16 09:57:11 MainThread @decentralized_fqi_matrix.py:453]   Agent 5 progress: 50% (500/1000)
[12-16 09:57:11 MainThread @decentralized_fqi_matrix.py:453]   Agent 5 progress: 60% (600/1000)
[12-16 09:57:11 MainThread @decentralized_fqi_matrix.py:453]   Agent 5 progress: 70% (700/1000)
[12-16 09:57:11 MainThread @decentralized_fqi_matrix.py:453]   Agent 5 progress: 80% (800/1000)
[12-16 09:57:11 MainThread @decentralized_fqi_matrix.py:453]   Agent 5 progress: 90% (900/1000)
[12-16 09:57:11 MainThread @decentralized_fqi_matrix.py:486]   Agent 5 completed: avg Nash time=0.00ms
[12-16 09:57:11 MainThread @decentralized_fqi_matrix.py:379] Computing targets for agent 6/6...
[12-16 09:57:11 MainThread @decentralized_fqi_matrix.py:453]   Agent 6 progress: 10% (100/1000)
[12-16 09:57:11 MainThread @decentralized_fqi_matrix.py:453]   Agent 6 progress: 20% (200/1000)
[12-16 09:57:11 MainThread @decentralized_fqi_matrix.py:453]   Agent 6 progress: 30% (300/1000)
[12-16 09:57:11 MainThread @decentralized_fqi_matrix.py:453]   Agent 6 progress: 40% (400/1000)
[12-16 09:57:11 MainThread @decentralized_fqi_matrix.py:453]   Agent 6 progress: 50% (500/1000)
[12-16 09:57:11 MainThread @decentralized_fqi_matrix.py:453]   Agent 6 progress: 60% (600/1000)
[12-16 09:57:11 MainThread @decentralized_fqi_matrix.py:453]   Agent 6 progress: 70% (700/1000)
[12-16 09:57:11 MainThread @decentralized_fqi_matrix.py:453]   Agent 6 progress: 80% (800/1000)
[12-16 09:57:11 MainThread @decentralized_fqi_matrix.py:453]   Agent 6 progress: 90% (900/1000)
[12-16 09:57:11 MainThread @decentralized_fqi_matrix.py:486]   Agent 6 completed: avg Nash time=0.00ms
[12-16 09:57:11 MainThread @decentralized_fqi_matrix.py:389] Mean Nash solving time: 0.0000s
[12-16 09:57:11 MainThread @decentralized_fqi_matrix.py:393] Nash cache: 0.0% hit rate (0 hits, 6 misses, 6 cached)
[12-16 09:57:11 MainThread @decentralized_fqi_matrix.py:398] Solving (4) by DIGing decentralized optimization...
[12-16 09:57:13 MainThread @decentralized_fqi_matrix.py:417] Iteration 29 completed: loss=0.4583, td_error=0.5312, consensus_error=0.000308
[12-16 09:57:13 MainThread @decentralized_fqi_matrix.py:573]   [收敛检测] Loss趋势: +0.0013, 波动std: 0.0004
[12-16 09:57:13 MainThread @decentralized_fqi_matrix.py:581]   ✓ Loss已稳定(std=0.0004), 可能已收敛
[12-16 09:57:13 MainThread @decentralized_fqi_matrix.py:369] 
=== Fitted Q-Iteration 30/100 ===
[12-16 09:57:13 MainThread @decentralized_fqi_matrix.py:379] Computing targets for agent 1/6...
[12-16 09:57:13 MainThread @decentralized_fqi_matrix.py:453]   Agent 1 progress: 10% (100/1000)
[12-16 09:57:13 MainThread @decentralized_fqi_matrix.py:453]   Agent 1 progress: 20% (200/1000)
[12-16 09:57:13 MainThread @decentralized_fqi_matrix.py:453]   Agent 1 progress: 30% (300/1000)
[12-16 09:57:13 MainThread @decentralized_fqi_matrix.py:453]   Agent 1 progress: 40% (400/1000)
[12-16 09:57:13 MainThread @decentralized_fqi_matrix.py:453]   Agent 1 progress: 50% (500/1000)
[12-16 09:57:13 MainThread @decentralized_fqi_matrix.py:453]   Agent 1 progress: 60% (600/1000)
[12-16 09:57:13 MainThread @decentralized_fqi_matrix.py:453]   Agent 1 progress: 70% (700/1000)
[12-16 09:57:13 MainThread @decentralized_fqi_matrix.py:453]   Agent 1 progress: 80% (800/1000)
[12-16 09:57:13 MainThread @decentralized_fqi_matrix.py:453]   Agent 1 progress: 90% (900/1000)
[12-16 09:57:13 MainThread @decentralized_fqi_matrix.py:486]   Agent 1 completed: avg Nash time=0.00ms
[12-16 09:57:13 MainThread @decentralized_fqi_matrix.py:379] Computing targets for agent 2/6...
[12-16 09:57:13 MainThread @decentralized_fqi_matrix.py:453]   Agent 2 progress: 10% (100/1000)
[12-16 09:57:13 MainThread @decentralized_fqi_matrix.py:453]   Agent 2 progress: 20% (200/1000)
[12-16 09:57:13 MainThread @decentralized_fqi_matrix.py:453]   Agent 2 progress: 30% (300/1000)
[12-16 09:57:13 MainThread @decentralized_fqi_matrix.py:453]   Agent 2 progress: 40% (400/1000)
[12-16 09:57:13 MainThread @decentralized_fqi_matrix.py:453]   Agent 2 progress: 50% (500/1000)
[12-16 09:57:13 MainThread @decentralized_fqi_matrix.py:453]   Agent 2 progress: 60% (600/1000)
[12-16 09:57:13 MainThread @decentralized_fqi_matrix.py:453]   Agent 2 progress: 70% (700/1000)
[12-16 09:57:13 MainThread @decentralized_fqi_matrix.py:453]   Agent 2 progress: 80% (800/1000)
[12-16 09:57:13 MainThread @decentralized_fqi_matrix.py:453]   Agent 2 progress: 90% (900/1000)
[12-16 09:57:13 MainThread @decentralized_fqi_matrix.py:486]   Agent 2 completed: avg Nash time=0.00ms
[12-16 09:57:13 MainThread @decentralized_fqi_matrix.py:379] Computing targets for agent 3/6...
[12-16 09:57:13 MainThread @decentralized_fqi_matrix.py:453]   Agent 3 progress: 10% (100/1000)
[12-16 09:57:13 MainThread @decentralized_fqi_matrix.py:453]   Agent 3 progress: 20% (200/1000)
[12-16 09:57:13 MainThread @decentralized_fqi_matrix.py:453]   Agent 3 progress: 30% (300/1000)
[12-16 09:57:13 MainThread @decentralized_fqi_matrix.py:453]   Agent 3 progress: 40% (400/1000)
[12-16 09:57:13 MainThread @decentralized_fqi_matrix.py:453]   Agent 3 progress: 50% (500/1000)
[12-16 09:57:13 MainThread @decentralized_fqi_matrix.py:453]   Agent 3 progress: 60% (600/1000)
[12-16 09:57:13 MainThread @decentralized_fqi_matrix.py:453]   Agent 3 progress: 70% (700/1000)
[12-16 09:57:13 MainThread @decentralized_fqi_matrix.py:453]   Agent 3 progress: 80% (800/1000)
[12-16 09:57:13 MainThread @decentralized_fqi_matrix.py:453]   Agent 3 progress: 90% (900/1000)
[12-16 09:57:13 MainThread @decentralized_fqi_matrix.py:486]   Agent 3 completed: avg Nash time=0.00ms
[12-16 09:57:13 MainThread @decentralized_fqi_matrix.py:379] Computing targets for agent 4/6...
[12-16 09:57:13 MainThread @decentralized_fqi_matrix.py:453]   Agent 4 progress: 10% (100/1000)
[12-16 09:57:13 MainThread @decentralized_fqi_matrix.py:453]   Agent 4 progress: 20% (200/1000)
[12-16 09:57:13 MainThread @decentralized_fqi_matrix.py:453]   Agent 4 progress: 30% (300/1000)
[12-16 09:57:13 MainThread @decentralized_fqi_matrix.py:453]   Agent 4 progress: 40% (400/1000)
[12-16 09:57:13 MainThread @decentralized_fqi_matrix.py:453]   Agent 4 progress: 50% (500/1000)
[12-16 09:57:13 MainThread @decentralized_fqi_matrix.py:453]   Agent 4 progress: 60% (600/1000)
[12-16 09:57:13 MainThread @decentralized_fqi_matrix.py:453]   Agent 4 progress: 70% (700/1000)
[12-16 09:57:13 MainThread @decentralized_fqi_matrix.py:453]   Agent 4 progress: 80% (800/1000)
[12-16 09:57:13 MainThread @decentralized_fqi_matrix.py:453]   Agent 4 progress: 90% (900/1000)
[12-16 09:57:13 MainThread @decentralized_fqi_matrix.py:486]   Agent 4 completed: avg Nash time=0.00ms
[12-16 09:57:13 MainThread @decentralized_fqi_matrix.py:379] Computing targets for agent 5/6...
[12-16 09:57:13 MainThread @decentralized_fqi_matrix.py:453]   Agent 5 progress: 10% (100/1000)
[12-16 09:57:13 MainThread @decentralized_fqi_matrix.py:453]   Agent 5 progress: 20% (200/1000)
[12-16 09:57:13 MainThread @decentralized_fqi_matrix.py:453]   Agent 5 progress: 30% (300/1000)
[12-16 09:57:13 MainThread @decentralized_fqi_matrix.py:453]   Agent 5 progress: 40% (400/1000)
[12-16 09:57:13 MainThread @decentralized_fqi_matrix.py:453]   Agent 5 progress: 50% (500/1000)
[12-16 09:57:13 MainThread @decentralized_fqi_matrix.py:453]   Agent 5 progress: 60% (600/1000)
[12-16 09:57:13 MainThread @decentralized_fqi_matrix.py:453]   Agent 5 progress: 70% (700/1000)
[12-16 09:57:13 MainThread @decentralized_fqi_matrix.py:453]   Agent 5 progress: 80% (800/1000)
[12-16 09:57:13 MainThread @decentralized_fqi_matrix.py:453]   Agent 5 progress: 90% (900/1000)
[12-16 09:57:13 MainThread @decentralized_fqi_matrix.py:486]   Agent 5 completed: avg Nash time=0.00ms
[12-16 09:57:13 MainThread @decentralized_fqi_matrix.py:379] Computing targets for agent 6/6...
[12-16 09:57:13 MainThread @decentralized_fqi_matrix.py:453]   Agent 6 progress: 10% (100/1000)
[12-16 09:57:13 MainThread @decentralized_fqi_matrix.py:453]   Agent 6 progress: 20% (200/1000)
[12-16 09:57:13 MainThread @decentralized_fqi_matrix.py:453]   Agent 6 progress: 30% (300/1000)
[12-16 09:57:13 MainThread @decentralized_fqi_matrix.py:453]   Agent 6 progress: 40% (400/1000)
[12-16 09:57:13 MainThread @decentralized_fqi_matrix.py:453]   Agent 6 progress: 50% (500/1000)
[12-16 09:57:13 MainThread @decentralized_fqi_matrix.py:453]   Agent 6 progress: 60% (600/1000)
[12-16 09:57:13 MainThread @decentralized_fqi_matrix.py:453]   Agent 6 progress: 70% (700/1000)
[12-16 09:57:13 MainThread @decentralized_fqi_matrix.py:453]   Agent 6 progress: 80% (800/1000)
[12-16 09:57:13 MainThread @decentralized_fqi_matrix.py:453]   Agent 6 progress: 90% (900/1000)
[12-16 09:57:13 MainThread @decentralized_fqi_matrix.py:486]   Agent 6 completed: avg Nash time=0.00ms
[12-16 09:57:13 MainThread @decentralized_fqi_matrix.py:389] Mean Nash solving time: 0.0000s
[12-16 09:57:13 MainThread @decentralized_fqi_matrix.py:393] Nash cache: 0.0% hit rate (0 hits, 6 misses, 6 cached)
[12-16 09:57:13 MainThread @decentralized_fqi_matrix.py:398] Solving (4) by DIGing decentralized optimization...
[12-16 09:57:15 MainThread @decentralized_fqi_matrix.py:417] Iteration 30 completed: loss=0.4576, td_error=0.5309, consensus_error=0.000312
[12-16 09:57:15 MainThread @decentralized_fqi_matrix.py:573]   [收敛检测] Loss趋势: +0.0014, 波动std: 0.0006
[12-16 09:57:15 MainThread @decentralized_fqi_matrix.py:581]   ✓ Loss已稳定(std=0.0006), 可能已收敛
[12-16 09:57:15 MainThread @train_matrix.py:293] 
=== Evaluation at Iteration 30 ===
[12-16 09:57:15 MainThread @train_matrix.py:294]   Nash distance: 0.816497
[12-16 09:57:15 MainThread @train_matrix.py:295]   Learned Nash value: 0.1564 (True: -0.0000)
[12-16 09:57:15 MainThread @train_matrix.py:297]   Value error: 0.156414

[12-16 09:57:15 MainThread @decentralized_fqi_matrix.py:369] 
=== Fitted Q-Iteration 31/100 ===
[12-16 09:57:15 MainThread @decentralized_fqi_matrix.py:379] Computing targets for agent 1/6...
[12-16 09:57:15 MainThread @decentralized_fqi_matrix.py:453]   Agent 1 progress: 10% (100/1000)
[12-16 09:57:15 MainThread @decentralized_fqi_matrix.py:453]   Agent 1 progress: 20% (200/1000)
[12-16 09:57:15 MainThread @decentralized_fqi_matrix.py:453]   Agent 1 progress: 30% (300/1000)
[12-16 09:57:15 MainThread @decentralized_fqi_matrix.py:453]   Agent 1 progress: 40% (400/1000)
[12-16 09:57:15 MainThread @decentralized_fqi_matrix.py:453]   Agent 1 progress: 50% (500/1000)
[12-16 09:57:15 MainThread @decentralized_fqi_matrix.py:453]   Agent 1 progress: 60% (600/1000)
[12-16 09:57:15 MainThread @decentralized_fqi_matrix.py:453]   Agent 1 progress: 70% (700/1000)
[12-16 09:57:15 MainThread @decentralized_fqi_matrix.py:453]   Agent 1 progress: 80% (800/1000)
[12-16 09:57:15 MainThread @decentralized_fqi_matrix.py:453]   Agent 1 progress: 90% (900/1000)
[12-16 09:57:15 MainThread @decentralized_fqi_matrix.py:486]   Agent 1 completed: avg Nash time=0.00ms
[12-16 09:57:15 MainThread @decentralized_fqi_matrix.py:379] Computing targets for agent 2/6...
[12-16 09:57:15 MainThread @decentralized_fqi_matrix.py:453]   Agent 2 progress: 10% (100/1000)
[12-16 09:57:15 MainThread @decentralized_fqi_matrix.py:453]   Agent 2 progress: 20% (200/1000)
[12-16 09:57:15 MainThread @decentralized_fqi_matrix.py:453]   Agent 2 progress: 30% (300/1000)
[12-16 09:57:15 MainThread @decentralized_fqi_matrix.py:453]   Agent 2 progress: 40% (400/1000)
[12-16 09:57:15 MainThread @decentralized_fqi_matrix.py:453]   Agent 2 progress: 50% (500/1000)
[12-16 09:57:15 MainThread @decentralized_fqi_matrix.py:453]   Agent 2 progress: 60% (600/1000)
[12-16 09:57:15 MainThread @decentralized_fqi_matrix.py:453]   Agent 2 progress: 70% (700/1000)
[12-16 09:57:15 MainThread @decentralized_fqi_matrix.py:453]   Agent 2 progress: 80% (800/1000)
[12-16 09:57:15 MainThread @decentralized_fqi_matrix.py:453]   Agent 2 progress: 90% (900/1000)
[12-16 09:57:15 MainThread @decentralized_fqi_matrix.py:486]   Agent 2 completed: avg Nash time=0.00ms
[12-16 09:57:15 MainThread @decentralized_fqi_matrix.py:379] Computing targets for agent 3/6...
[12-16 09:57:15 MainThread @decentralized_fqi_matrix.py:453]   Agent 3 progress: 10% (100/1000)
[12-16 09:57:15 MainThread @decentralized_fqi_matrix.py:453]   Agent 3 progress: 20% (200/1000)
[12-16 09:57:15 MainThread @decentralized_fqi_matrix.py:453]   Agent 3 progress: 30% (300/1000)
[12-16 09:57:15 MainThread @decentralized_fqi_matrix.py:453]   Agent 3 progress: 40% (400/1000)
[12-16 09:57:15 MainThread @decentralized_fqi_matrix.py:453]   Agent 3 progress: 50% (500/1000)
[12-16 09:57:15 MainThread @decentralized_fqi_matrix.py:453]   Agent 3 progress: 60% (600/1000)
[12-16 09:57:15 MainThread @decentralized_fqi_matrix.py:453]   Agent 3 progress: 70% (700/1000)
[12-16 09:57:15 MainThread @decentralized_fqi_matrix.py:453]   Agent 3 progress: 80% (800/1000)
[12-16 09:57:15 MainThread @decentralized_fqi_matrix.py:453]   Agent 3 progress: 90% (900/1000)
[12-16 09:57:15 MainThread @decentralized_fqi_matrix.py:486]   Agent 3 completed: avg Nash time=0.00ms
[12-16 09:57:15 MainThread @decentralized_fqi_matrix.py:379] Computing targets for agent 4/6...
[12-16 09:57:15 MainThread @decentralized_fqi_matrix.py:453]   Agent 4 progress: 10% (100/1000)
[12-16 09:57:15 MainThread @decentralized_fqi_matrix.py:453]   Agent 4 progress: 20% (200/1000)
[12-16 09:57:15 MainThread @decentralized_fqi_matrix.py:453]   Agent 4 progress: 30% (300/1000)
[12-16 09:57:15 MainThread @decentralized_fqi_matrix.py:453]   Agent 4 progress: 40% (400/1000)
[12-16 09:57:15 MainThread @decentralized_fqi_matrix.py:453]   Agent 4 progress: 50% (500/1000)
[12-16 09:57:15 MainThread @decentralized_fqi_matrix.py:453]   Agent 4 progress: 60% (600/1000)
[12-16 09:57:15 MainThread @decentralized_fqi_matrix.py:453]   Agent 4 progress: 70% (700/1000)
[12-16 09:57:15 MainThread @decentralized_fqi_matrix.py:453]   Agent 4 progress: 80% (800/1000)
[12-16 09:57:15 MainThread @decentralized_fqi_matrix.py:453]   Agent 4 progress: 90% (900/1000)
[12-16 09:57:15 MainThread @decentralized_fqi_matrix.py:486]   Agent 4 completed: avg Nash time=0.00ms
[12-16 09:57:15 MainThread @decentralized_fqi_matrix.py:379] Computing targets for agent 5/6...
[12-16 09:57:15 MainThread @decentralized_fqi_matrix.py:453]   Agent 5 progress: 10% (100/1000)
[12-16 09:57:15 MainThread @decentralized_fqi_matrix.py:453]   Agent 5 progress: 20% (200/1000)
[12-16 09:57:15 MainThread @decentralized_fqi_matrix.py:453]   Agent 5 progress: 30% (300/1000)
[12-16 09:57:15 MainThread @decentralized_fqi_matrix.py:453]   Agent 5 progress: 40% (400/1000)
[12-16 09:57:15 MainThread @decentralized_fqi_matrix.py:453]   Agent 5 progress: 50% (500/1000)
[12-16 09:57:15 MainThread @decentralized_fqi_matrix.py:453]   Agent 5 progress: 60% (600/1000)
[12-16 09:57:15 MainThread @decentralized_fqi_matrix.py:453]   Agent 5 progress: 70% (700/1000)
[12-16 09:57:15 MainThread @decentralized_fqi_matrix.py:453]   Agent 5 progress: 80% (800/1000)
[12-16 09:57:15 MainThread @decentralized_fqi_matrix.py:453]   Agent 5 progress: 90% (900/1000)
[12-16 09:57:15 MainThread @decentralized_fqi_matrix.py:486]   Agent 5 completed: avg Nash time=0.00ms
[12-16 09:57:15 MainThread @decentralized_fqi_matrix.py:379] Computing targets for agent 6/6...
[12-16 09:57:15 MainThread @decentralized_fqi_matrix.py:453]   Agent 6 progress: 10% (100/1000)
[12-16 09:57:15 MainThread @decentralized_fqi_matrix.py:453]   Agent 6 progress: 20% (200/1000)
[12-16 09:57:15 MainThread @decentralized_fqi_matrix.py:453]   Agent 6 progress: 30% (300/1000)
[12-16 09:57:15 MainThread @decentralized_fqi_matrix.py:453]   Agent 6 progress: 40% (400/1000)
[12-16 09:57:15 MainThread @decentralized_fqi_matrix.py:453]   Agent 6 progress: 50% (500/1000)
[12-16 09:57:15 MainThread @decentralized_fqi_matrix.py:453]   Agent 6 progress: 60% (600/1000)
[12-16 09:57:15 MainThread @decentralized_fqi_matrix.py:453]   Agent 6 progress: 70% (700/1000)
[12-16 09:57:15 MainThread @decentralized_fqi_matrix.py:453]   Agent 6 progress: 80% (800/1000)
[12-16 09:57:15 MainThread @decentralized_fqi_matrix.py:453]   Agent 6 progress: 90% (900/1000)
[12-16 09:57:15 MainThread @decentralized_fqi_matrix.py:486]   Agent 6 completed: avg Nash time=0.00ms
[12-16 09:57:15 MainThread @decentralized_fqi_matrix.py:389] Mean Nash solving time: 0.0000s
[12-16 09:57:15 MainThread @decentralized_fqi_matrix.py:393] Nash cache: 0.0% hit rate (0 hits, 9 misses, 9 cached)
[12-16 09:57:15 MainThread @decentralized_fqi_matrix.py:398] Solving (4) by DIGing decentralized optimization...
[12-16 09:57:17 MainThread @decentralized_fqi_matrix.py:417] Iteration 31 completed: loss=0.4583, td_error=0.5318, consensus_error=0.000377
[12-16 09:57:17 MainThread @decentralized_fqi_matrix.py:573]   [收敛检测] Loss趋势: +0.0008, 波动std: 0.0006
[12-16 09:57:17 MainThread @decentralized_fqi_matrix.py:581]   ✓ Loss已稳定(std=0.0006), 可能已收敛
[12-16 09:57:17 MainThread @decentralized_fqi_matrix.py:369] 
=== Fitted Q-Iteration 32/100 ===
[12-16 09:57:17 MainThread @decentralized_fqi_matrix.py:379] Computing targets for agent 1/6...
[12-16 09:57:17 MainThread @decentralized_fqi_matrix.py:453]   Agent 1 progress: 10% (100/1000)
[12-16 09:57:17 MainThread @decentralized_fqi_matrix.py:453]   Agent 1 progress: 20% (200/1000)
[12-16 09:57:17 MainThread @decentralized_fqi_matrix.py:453]   Agent 1 progress: 30% (300/1000)
[12-16 09:57:17 MainThread @decentralized_fqi_matrix.py:453]   Agent 1 progress: 40% (400/1000)
[12-16 09:57:17 MainThread @decentralized_fqi_matrix.py:453]   Agent 1 progress: 50% (500/1000)
[12-16 09:57:17 MainThread @decentralized_fqi_matrix.py:453]   Agent 1 progress: 60% (600/1000)
[12-16 09:57:17 MainThread @decentralized_fqi_matrix.py:453]   Agent 1 progress: 70% (700/1000)
[12-16 09:57:17 MainThread @decentralized_fqi_matrix.py:453]   Agent 1 progress: 80% (800/1000)
[12-16 09:57:17 MainThread @decentralized_fqi_matrix.py:453]   Agent 1 progress: 90% (900/1000)
[12-16 09:57:17 MainThread @decentralized_fqi_matrix.py:486]   Agent 1 completed: avg Nash time=0.00ms
[12-16 09:57:17 MainThread @decentralized_fqi_matrix.py:379] Computing targets for agent 2/6...
[12-16 09:57:17 MainThread @decentralized_fqi_matrix.py:453]   Agent 2 progress: 10% (100/1000)
[12-16 09:57:17 MainThread @decentralized_fqi_matrix.py:453]   Agent 2 progress: 20% (200/1000)
[12-16 09:57:17 MainThread @decentralized_fqi_matrix.py:453]   Agent 2 progress: 30% (300/1000)
[12-16 09:57:17 MainThread @decentralized_fqi_matrix.py:453]   Agent 2 progress: 40% (400/1000)
[12-16 09:57:17 MainThread @decentralized_fqi_matrix.py:453]   Agent 2 progress: 50% (500/1000)
[12-16 09:57:17 MainThread @decentralized_fqi_matrix.py:453]   Agent 2 progress: 60% (600/1000)
[12-16 09:57:17 MainThread @decentralized_fqi_matrix.py:453]   Agent 2 progress: 70% (700/1000)
[12-16 09:57:17 MainThread @decentralized_fqi_matrix.py:453]   Agent 2 progress: 80% (800/1000)
[12-16 09:57:17 MainThread @decentralized_fqi_matrix.py:453]   Agent 2 progress: 90% (900/1000)
[12-16 09:57:17 MainThread @decentralized_fqi_matrix.py:486]   Agent 2 completed: avg Nash time=0.00ms
[12-16 09:57:17 MainThread @decentralized_fqi_matrix.py:379] Computing targets for agent 3/6...
[12-16 09:57:17 MainThread @decentralized_fqi_matrix.py:453]   Agent 3 progress: 10% (100/1000)
[12-16 09:57:17 MainThread @decentralized_fqi_matrix.py:453]   Agent 3 progress: 20% (200/1000)
[12-16 09:57:17 MainThread @decentralized_fqi_matrix.py:453]   Agent 3 progress: 30% (300/1000)
[12-16 09:57:17 MainThread @decentralized_fqi_matrix.py:453]   Agent 3 progress: 40% (400/1000)
[12-16 09:57:17 MainThread @decentralized_fqi_matrix.py:453]   Agent 3 progress: 50% (500/1000)
[12-16 09:57:17 MainThread @decentralized_fqi_matrix.py:453]   Agent 3 progress: 60% (600/1000)
[12-16 09:57:17 MainThread @decentralized_fqi_matrix.py:453]   Agent 3 progress: 70% (700/1000)
[12-16 09:57:17 MainThread @decentralized_fqi_matrix.py:453]   Agent 3 progress: 80% (800/1000)
[12-16 09:57:17 MainThread @decentralized_fqi_matrix.py:453]   Agent 3 progress: 90% (900/1000)
[12-16 09:57:17 MainThread @decentralized_fqi_matrix.py:486]   Agent 3 completed: avg Nash time=0.00ms
[12-16 09:57:17 MainThread @decentralized_fqi_matrix.py:379] Computing targets for agent 4/6...
[12-16 09:57:17 MainThread @decentralized_fqi_matrix.py:453]   Agent 4 progress: 10% (100/1000)
[12-16 09:57:17 MainThread @decentralized_fqi_matrix.py:453]   Agent 4 progress: 20% (200/1000)
[12-16 09:57:17 MainThread @decentralized_fqi_matrix.py:453]   Agent 4 progress: 30% (300/1000)
[12-16 09:57:17 MainThread @decentralized_fqi_matrix.py:453]   Agent 4 progress: 40% (400/1000)
[12-16 09:57:17 MainThread @decentralized_fqi_matrix.py:453]   Agent 4 progress: 50% (500/1000)
[12-16 09:57:17 MainThread @decentralized_fqi_matrix.py:453]   Agent 4 progress: 60% (600/1000)
[12-16 09:57:17 MainThread @decentralized_fqi_matrix.py:453]   Agent 4 progress: 70% (700/1000)
[12-16 09:57:17 MainThread @decentralized_fqi_matrix.py:453]   Agent 4 progress: 80% (800/1000)
[12-16 09:57:17 MainThread @decentralized_fqi_matrix.py:453]   Agent 4 progress: 90% (900/1000)
[12-16 09:57:17 MainThread @decentralized_fqi_matrix.py:486]   Agent 4 completed: avg Nash time=0.00ms
[12-16 09:57:17 MainThread @decentralized_fqi_matrix.py:379] Computing targets for agent 5/6...
[12-16 09:57:17 MainThread @decentralized_fqi_matrix.py:453]   Agent 5 progress: 10% (100/1000)
[12-16 09:57:17 MainThread @decentralized_fqi_matrix.py:453]   Agent 5 progress: 20% (200/1000)
[12-16 09:57:17 MainThread @decentralized_fqi_matrix.py:453]   Agent 5 progress: 30% (300/1000)
[12-16 09:57:17 MainThread @decentralized_fqi_matrix.py:453]   Agent 5 progress: 40% (400/1000)
[12-16 09:57:17 MainThread @decentralized_fqi_matrix.py:453]   Agent 5 progress: 50% (500/1000)
[12-16 09:57:17 MainThread @decentralized_fqi_matrix.py:453]   Agent 5 progress: 60% (600/1000)
[12-16 09:57:17 MainThread @decentralized_fqi_matrix.py:453]   Agent 5 progress: 70% (700/1000)
[12-16 09:57:17 MainThread @decentralized_fqi_matrix.py:453]   Agent 5 progress: 80% (800/1000)
[12-16 09:57:17 MainThread @decentralized_fqi_matrix.py:453]   Agent 5 progress: 90% (900/1000)
[12-16 09:57:17 MainThread @decentralized_fqi_matrix.py:486]   Agent 5 completed: avg Nash time=0.00ms
[12-16 09:57:17 MainThread @decentralized_fqi_matrix.py:379] Computing targets for agent 6/6...
[12-16 09:57:17 MainThread @decentralized_fqi_matrix.py:453]   Agent 6 progress: 10% (100/1000)
[12-16 09:57:17 MainThread @decentralized_fqi_matrix.py:453]   Agent 6 progress: 20% (200/1000)
[12-16 09:57:17 MainThread @decentralized_fqi_matrix.py:453]   Agent 6 progress: 30% (300/1000)
[12-16 09:57:17 MainThread @decentralized_fqi_matrix.py:453]   Agent 6 progress: 40% (400/1000)
[12-16 09:57:17 MainThread @decentralized_fqi_matrix.py:453]   Agent 6 progress: 50% (500/1000)
[12-16 09:57:17 MainThread @decentralized_fqi_matrix.py:453]   Agent 6 progress: 60% (600/1000)
[12-16 09:57:17 MainThread @decentralized_fqi_matrix.py:453]   Agent 6 progress: 70% (700/1000)
[12-16 09:57:17 MainThread @decentralized_fqi_matrix.py:453]   Agent 6 progress: 80% (800/1000)
[12-16 09:57:17 MainThread @decentralized_fqi_matrix.py:453]   Agent 6 progress: 90% (900/1000)
[12-16 09:57:17 MainThread @decentralized_fqi_matrix.py:486]   Agent 6 completed: avg Nash time=0.00ms
[12-16 09:57:17 MainThread @decentralized_fqi_matrix.py:389] Mean Nash solving time: 0.0000s
[12-16 09:57:17 MainThread @decentralized_fqi_matrix.py:393] Nash cache: 0.0% hit rate (0 hits, 9 misses, 9 cached)
[12-16 09:57:17 MainThread @decentralized_fqi_matrix.py:398] Solving (4) by DIGing decentralized optimization...
[12-16 09:57:18 MainThread @decentralized_fqi_matrix.py:417] Iteration 32 completed: loss=0.4590, td_error=0.5328, consensus_error=0.000883
[12-16 09:57:18 MainThread @decentralized_fqi_matrix.py:573]   [收敛检测] Loss趋势: +0.0003, 波动std: 0.0006
[12-16 09:57:18 MainThread @decentralized_fqi_matrix.py:581]   ✓ Loss已稳定(std=0.0006), 可能已收敛
[12-16 09:57:18 MainThread @decentralized_fqi_matrix.py:369] 
=== Fitted Q-Iteration 33/100 ===
[12-16 09:57:18 MainThread @decentralized_fqi_matrix.py:379] Computing targets for agent 1/6...
[12-16 09:57:18 MainThread @decentralized_fqi_matrix.py:453]   Agent 1 progress: 10% (100/1000)
[12-16 09:57:18 MainThread @decentralized_fqi_matrix.py:453]   Agent 1 progress: 20% (200/1000)
[12-16 09:57:18 MainThread @decentralized_fqi_matrix.py:453]   Agent 1 progress: 30% (300/1000)
[12-16 09:57:18 MainThread @decentralized_fqi_matrix.py:453]   Agent 1 progress: 40% (400/1000)
[12-16 09:57:18 MainThread @decentralized_fqi_matrix.py:453]   Agent 1 progress: 50% (500/1000)
[12-16 09:57:18 MainThread @decentralized_fqi_matrix.py:453]   Agent 1 progress: 60% (600/1000)
[12-16 09:57:18 MainThread @decentralized_fqi_matrix.py:453]   Agent 1 progress: 70% (700/1000)
[12-16 09:57:18 MainThread @decentralized_fqi_matrix.py:453]   Agent 1 progress: 80% (800/1000)
[12-16 09:57:18 MainThread @decentralized_fqi_matrix.py:453]   Agent 1 progress: 90% (900/1000)
[12-16 09:57:18 MainThread @decentralized_fqi_matrix.py:486]   Agent 1 completed: avg Nash time=0.00ms
[12-16 09:57:18 MainThread @decentralized_fqi_matrix.py:379] Computing targets for agent 2/6...
[12-16 09:57:18 MainThread @decentralized_fqi_matrix.py:453]   Agent 2 progress: 10% (100/1000)
[12-16 09:57:18 MainThread @decentralized_fqi_matrix.py:453]   Agent 2 progress: 20% (200/1000)
[12-16 09:57:18 MainThread @decentralized_fqi_matrix.py:453]   Agent 2 progress: 30% (300/1000)
[12-16 09:57:18 MainThread @decentralized_fqi_matrix.py:453]   Agent 2 progress: 40% (400/1000)
[12-16 09:57:18 MainThread @decentralized_fqi_matrix.py:453]   Agent 2 progress: 50% (500/1000)
[12-16 09:57:18 MainThread @decentralized_fqi_matrix.py:453]   Agent 2 progress: 60% (600/1000)
[12-16 09:57:18 MainThread @decentralized_fqi_matrix.py:453]   Agent 2 progress: 70% (700/1000)
[12-16 09:57:18 MainThread @decentralized_fqi_matrix.py:453]   Agent 2 progress: 80% (800/1000)
[12-16 09:57:18 MainThread @decentralized_fqi_matrix.py:453]   Agent 2 progress: 90% (900/1000)
[12-16 09:57:18 MainThread @decentralized_fqi_matrix.py:486]   Agent 2 completed: avg Nash time=0.00ms
[12-16 09:57:18 MainThread @decentralized_fqi_matrix.py:379] Computing targets for agent 3/6...
[12-16 09:57:18 MainThread @decentralized_fqi_matrix.py:453]   Agent 3 progress: 10% (100/1000)
[12-16 09:57:18 MainThread @decentralized_fqi_matrix.py:453]   Agent 3 progress: 20% (200/1000)
[12-16 09:57:18 MainThread @decentralized_fqi_matrix.py:453]   Agent 3 progress: 30% (300/1000)
[12-16 09:57:18 MainThread @decentralized_fqi_matrix.py:453]   Agent 3 progress: 40% (400/1000)
[12-16 09:57:18 MainThread @decentralized_fqi_matrix.py:453]   Agent 3 progress: 50% (500/1000)
[12-16 09:57:18 MainThread @decentralized_fqi_matrix.py:453]   Agent 3 progress: 60% (600/1000)
[12-16 09:57:18 MainThread @decentralized_fqi_matrix.py:453]   Agent 3 progress: 70% (700/1000)
[12-16 09:57:18 MainThread @decentralized_fqi_matrix.py:453]   Agent 3 progress: 80% (800/1000)
[12-16 09:57:18 MainThread @decentralized_fqi_matrix.py:453]   Agent 3 progress: 90% (900/1000)
[12-16 09:57:18 MainThread @decentralized_fqi_matrix.py:486]   Agent 3 completed: avg Nash time=0.00ms
[12-16 09:57:18 MainThread @decentralized_fqi_matrix.py:379] Computing targets for agent 4/6...
[12-16 09:57:18 MainThread @decentralized_fqi_matrix.py:453]   Agent 4 progress: 10% (100/1000)
[12-16 09:57:18 MainThread @decentralized_fqi_matrix.py:453]   Agent 4 progress: 20% (200/1000)
[12-16 09:57:18 MainThread @decentralized_fqi_matrix.py:453]   Agent 4 progress: 30% (300/1000)
[12-16 09:57:18 MainThread @decentralized_fqi_matrix.py:453]   Agent 4 progress: 40% (400/1000)
[12-16 09:57:18 MainThread @decentralized_fqi_matrix.py:453]   Agent 4 progress: 50% (500/1000)
[12-16 09:57:18 MainThread @decentralized_fqi_matrix.py:453]   Agent 4 progress: 60% (600/1000)
[12-16 09:57:18 MainThread @decentralized_fqi_matrix.py:453]   Agent 4 progress: 70% (700/1000)
[12-16 09:57:18 MainThread @decentralized_fqi_matrix.py:453]   Agent 4 progress: 80% (800/1000)
[12-16 09:57:18 MainThread @decentralized_fqi_matrix.py:453]   Agent 4 progress: 90% (900/1000)
[12-16 09:57:18 MainThread @decentralized_fqi_matrix.py:486]   Agent 4 completed: avg Nash time=0.00ms
[12-16 09:57:18 MainThread @decentralized_fqi_matrix.py:379] Computing targets for agent 5/6...
[12-16 09:57:18 MainThread @decentralized_fqi_matrix.py:453]   Agent 5 progress: 10% (100/1000)
[12-16 09:57:18 MainThread @decentralized_fqi_matrix.py:453]   Agent 5 progress: 20% (200/1000)
[12-16 09:57:18 MainThread @decentralized_fqi_matrix.py:453]   Agent 5 progress: 30% (300/1000)
[12-16 09:57:18 MainThread @decentralized_fqi_matrix.py:453]   Agent 5 progress: 40% (400/1000)
[12-16 09:57:18 MainThread @decentralized_fqi_matrix.py:453]   Agent 5 progress: 50% (500/1000)
[12-16 09:57:18 MainThread @decentralized_fqi_matrix.py:453]   Agent 5 progress: 60% (600/1000)
[12-16 09:57:18 MainThread @decentralized_fqi_matrix.py:453]   Agent 5 progress: 70% (700/1000)
[12-16 09:57:18 MainThread @decentralized_fqi_matrix.py:453]   Agent 5 progress: 80% (800/1000)
[12-16 09:57:18 MainThread @decentralized_fqi_matrix.py:453]   Agent 5 progress: 90% (900/1000)
[12-16 09:57:18 MainThread @decentralized_fqi_matrix.py:486]   Agent 5 completed: avg Nash time=0.00ms
[12-16 09:57:18 MainThread @decentralized_fqi_matrix.py:379] Computing targets for agent 6/6...
[12-16 09:57:18 MainThread @decentralized_fqi_matrix.py:453]   Agent 6 progress: 10% (100/1000)
[12-16 09:57:18 MainThread @decentralized_fqi_matrix.py:453]   Agent 6 progress: 20% (200/1000)
[12-16 09:57:18 MainThread @decentralized_fqi_matrix.py:453]   Agent 6 progress: 30% (300/1000)
[12-16 09:57:18 MainThread @decentralized_fqi_matrix.py:453]   Agent 6 progress: 40% (400/1000)
[12-16 09:57:18 MainThread @decentralized_fqi_matrix.py:453]   Agent 6 progress: 50% (500/1000)
[12-16 09:57:18 MainThread @decentralized_fqi_matrix.py:453]   Agent 6 progress: 60% (600/1000)
[12-16 09:57:18 MainThread @decentralized_fqi_matrix.py:453]   Agent 6 progress: 70% (700/1000)
[12-16 09:57:18 MainThread @decentralized_fqi_matrix.py:453]   Agent 6 progress: 80% (800/1000)
[12-16 09:57:18 MainThread @decentralized_fqi_matrix.py:453]   Agent 6 progress: 90% (900/1000)
[12-16 09:57:18 MainThread @decentralized_fqi_matrix.py:486]   Agent 6 completed: avg Nash time=0.00ms
[12-16 09:57:18 MainThread @decentralized_fqi_matrix.py:389] Mean Nash solving time: 0.0000s
[12-16 09:57:18 MainThread @decentralized_fqi_matrix.py:393] Nash cache: 0.0% hit rate (0 hits, 9 misses, 9 cached)
[12-16 09:57:18 MainThread @decentralized_fqi_matrix.py:398] Solving (4) by DIGing decentralized optimization...
[12-16 09:57:20 MainThread @decentralized_fqi_matrix.py:417] Iteration 33 completed: loss=0.4584, td_error=0.5325, consensus_error=0.000328
[12-16 09:57:20 MainThread @decentralized_fqi_matrix.py:573]   [收敛检测] Loss趋势: -0.0001, 波动std: 0.0004
[12-16 09:57:20 MainThread @decentralized_fqi_matrix.py:581]   ✓ Loss已稳定(std=0.0004), 可能已收敛
[12-16 09:57:20 MainThread @decentralized_fqi_matrix.py:369] 
=== Fitted Q-Iteration 34/100 ===
[12-16 09:57:20 MainThread @decentralized_fqi_matrix.py:379] Computing targets for agent 1/6...
[12-16 09:57:20 MainThread @decentralized_fqi_matrix.py:453]   Agent 1 progress: 10% (100/1000)
[12-16 09:57:20 MainThread @decentralized_fqi_matrix.py:453]   Agent 1 progress: 20% (200/1000)
[12-16 09:57:20 MainThread @decentralized_fqi_matrix.py:453]   Agent 1 progress: 30% (300/1000)
[12-16 09:57:20 MainThread @decentralized_fqi_matrix.py:453]   Agent 1 progress: 40% (400/1000)
[12-16 09:57:20 MainThread @decentralized_fqi_matrix.py:453]   Agent 1 progress: 50% (500/1000)
[12-16 09:57:20 MainThread @decentralized_fqi_matrix.py:453]   Agent 1 progress: 60% (600/1000)
[12-16 09:57:20 MainThread @decentralized_fqi_matrix.py:453]   Agent 1 progress: 70% (700/1000)
[12-16 09:57:20 MainThread @decentralized_fqi_matrix.py:453]   Agent 1 progress: 80% (800/1000)
[12-16 09:57:20 MainThread @decentralized_fqi_matrix.py:453]   Agent 1 progress: 90% (900/1000)
[12-16 09:57:20 MainThread @decentralized_fqi_matrix.py:486]   Agent 1 completed: avg Nash time=0.00ms
[12-16 09:57:20 MainThread @decentralized_fqi_matrix.py:379] Computing targets for agent 2/6...
[12-16 09:57:20 MainThread @decentralized_fqi_matrix.py:453]   Agent 2 progress: 10% (100/1000)
[12-16 09:57:20 MainThread @decentralized_fqi_matrix.py:453]   Agent 2 progress: 20% (200/1000)
[12-16 09:57:20 MainThread @decentralized_fqi_matrix.py:453]   Agent 2 progress: 30% (300/1000)
[12-16 09:57:20 MainThread @decentralized_fqi_matrix.py:453]   Agent 2 progress: 40% (400/1000)
[12-16 09:57:20 MainThread @decentralized_fqi_matrix.py:453]   Agent 2 progress: 50% (500/1000)
[12-16 09:57:20 MainThread @decentralized_fqi_matrix.py:453]   Agent 2 progress: 60% (600/1000)
[12-16 09:57:20 MainThread @decentralized_fqi_matrix.py:453]   Agent 2 progress: 70% (700/1000)
[12-16 09:57:20 MainThread @decentralized_fqi_matrix.py:453]   Agent 2 progress: 80% (800/1000)
[12-16 09:57:20 MainThread @decentralized_fqi_matrix.py:453]   Agent 2 progress: 90% (900/1000)
[12-16 09:57:20 MainThread @decentralized_fqi_matrix.py:486]   Agent 2 completed: avg Nash time=0.00ms
[12-16 09:57:20 MainThread @decentralized_fqi_matrix.py:379] Computing targets for agent 3/6...
[12-16 09:57:20 MainThread @decentralized_fqi_matrix.py:453]   Agent 3 progress: 10% (100/1000)
[12-16 09:57:20 MainThread @decentralized_fqi_matrix.py:453]   Agent 3 progress: 20% (200/1000)
[12-16 09:57:20 MainThread @decentralized_fqi_matrix.py:453]   Agent 3 progress: 30% (300/1000)
[12-16 09:57:20 MainThread @decentralized_fqi_matrix.py:453]   Agent 3 progress: 40% (400/1000)
[12-16 09:57:20 MainThread @decentralized_fqi_matrix.py:453]   Agent 3 progress: 50% (500/1000)
[12-16 09:57:20 MainThread @decentralized_fqi_matrix.py:453]   Agent 3 progress: 60% (600/1000)
[12-16 09:57:20 MainThread @decentralized_fqi_matrix.py:453]   Agent 3 progress: 70% (700/1000)
[12-16 09:57:20 MainThread @decentralized_fqi_matrix.py:453]   Agent 3 progress: 80% (800/1000)
[12-16 09:57:20 MainThread @decentralized_fqi_matrix.py:453]   Agent 3 progress: 90% (900/1000)
[12-16 09:57:20 MainThread @decentralized_fqi_matrix.py:486]   Agent 3 completed: avg Nash time=0.00ms
[12-16 09:57:20 MainThread @decentralized_fqi_matrix.py:379] Computing targets for agent 4/6...
[12-16 09:57:20 MainThread @decentralized_fqi_matrix.py:453]   Agent 4 progress: 10% (100/1000)
[12-16 09:57:20 MainThread @decentralized_fqi_matrix.py:453]   Agent 4 progress: 20% (200/1000)
[12-16 09:57:20 MainThread @decentralized_fqi_matrix.py:453]   Agent 4 progress: 30% (300/1000)
[12-16 09:57:20 MainThread @decentralized_fqi_matrix.py:453]   Agent 4 progress: 40% (400/1000)
[12-16 09:57:20 MainThread @decentralized_fqi_matrix.py:453]   Agent 4 progress: 50% (500/1000)
[12-16 09:57:20 MainThread @decentralized_fqi_matrix.py:453]   Agent 4 progress: 60% (600/1000)
[12-16 09:57:20 MainThread @decentralized_fqi_matrix.py:453]   Agent 4 progress: 70% (700/1000)
[12-16 09:57:20 MainThread @decentralized_fqi_matrix.py:453]   Agent 4 progress: 80% (800/1000)
[12-16 09:57:20 MainThread @decentralized_fqi_matrix.py:453]   Agent 4 progress: 90% (900/1000)
[12-16 09:57:20 MainThread @decentralized_fqi_matrix.py:486]   Agent 4 completed: avg Nash time=0.00ms
[12-16 09:57:20 MainThread @decentralized_fqi_matrix.py:379] Computing targets for agent 5/6...
[12-16 09:57:20 MainThread @decentralized_fqi_matrix.py:453]   Agent 5 progress: 10% (100/1000)
[12-16 09:57:20 MainThread @decentralized_fqi_matrix.py:453]   Agent 5 progress: 20% (200/1000)
[12-16 09:57:20 MainThread @decentralized_fqi_matrix.py:453]   Agent 5 progress: 30% (300/1000)
[12-16 09:57:20 MainThread @decentralized_fqi_matrix.py:453]   Agent 5 progress: 40% (400/1000)
[12-16 09:57:20 MainThread @decentralized_fqi_matrix.py:453]   Agent 5 progress: 50% (500/1000)
[12-16 09:57:20 MainThread @decentralized_fqi_matrix.py:453]   Agent 5 progress: 60% (600/1000)
[12-16 09:57:20 MainThread @decentralized_fqi_matrix.py:453]   Agent 5 progress: 70% (700/1000)
[12-16 09:57:20 MainThread @decentralized_fqi_matrix.py:453]   Agent 5 progress: 80% (800/1000)
[12-16 09:57:20 MainThread @decentralized_fqi_matrix.py:453]   Agent 5 progress: 90% (900/1000)
[12-16 09:57:20 MainThread @decentralized_fqi_matrix.py:486]   Agent 5 completed: avg Nash time=0.00ms
[12-16 09:57:20 MainThread @decentralized_fqi_matrix.py:379] Computing targets for agent 6/6...
[12-16 09:57:20 MainThread @decentralized_fqi_matrix.py:453]   Agent 6 progress: 10% (100/1000)
[12-16 09:57:20 MainThread @decentralized_fqi_matrix.py:453]   Agent 6 progress: 20% (200/1000)
[12-16 09:57:20 MainThread @decentralized_fqi_matrix.py:453]   Agent 6 progress: 30% (300/1000)
[12-16 09:57:20 MainThread @decentralized_fqi_matrix.py:453]   Agent 6 progress: 40% (400/1000)
[12-16 09:57:20 MainThread @decentralized_fqi_matrix.py:453]   Agent 6 progress: 50% (500/1000)
[12-16 09:57:20 MainThread @decentralized_fqi_matrix.py:453]   Agent 6 progress: 60% (600/1000)
[12-16 09:57:20 MainThread @decentralized_fqi_matrix.py:453]   Agent 6 progress: 70% (700/1000)
[12-16 09:57:20 MainThread @decentralized_fqi_matrix.py:453]   Agent 6 progress: 80% (800/1000)
[12-16 09:57:20 MainThread @decentralized_fqi_matrix.py:453]   Agent 6 progress: 90% (900/1000)
[12-16 09:57:20 MainThread @decentralized_fqi_matrix.py:486]   Agent 6 completed: avg Nash time=0.00ms
[12-16 09:57:20 MainThread @decentralized_fqi_matrix.py:389] Mean Nash solving time: 0.0000s
[12-16 09:57:20 MainThread @decentralized_fqi_matrix.py:393] Nash cache: 0.0% hit rate (0 hits, 9 misses, 9 cached)
[12-16 09:57:20 MainThread @decentralized_fqi_matrix.py:398] Solving (4) by DIGing decentralized optimization...
[12-16 09:57:22 MainThread @decentralized_fqi_matrix.py:417] Iteration 34 completed: loss=0.4581, td_error=0.5326, consensus_error=0.000368
[12-16 09:57:22 MainThread @decentralized_fqi_matrix.py:573]   [收敛检测] Loss趋势: -0.0005, 波动std: 0.0005
[12-16 09:57:22 MainThread @decentralized_fqi_matrix.py:581]   ✓ Loss已稳定(std=0.0005), 可能已收敛
[12-16 09:57:22 MainThread @decentralized_fqi_matrix.py:369] 
=== Fitted Q-Iteration 35/100 ===
[12-16 09:57:22 MainThread @decentralized_fqi_matrix.py:379] Computing targets for agent 1/6...
[12-16 09:57:22 MainThread @decentralized_fqi_matrix.py:453]   Agent 1 progress: 10% (100/1000)
[12-16 09:57:22 MainThread @decentralized_fqi_matrix.py:453]   Agent 1 progress: 20% (200/1000)
[12-16 09:57:22 MainThread @decentralized_fqi_matrix.py:453]   Agent 1 progress: 30% (300/1000)
[12-16 09:57:22 MainThread @decentralized_fqi_matrix.py:453]   Agent 1 progress: 40% (400/1000)
[12-16 09:57:22 MainThread @decentralized_fqi_matrix.py:453]   Agent 1 progress: 50% (500/1000)
[12-16 09:57:22 MainThread @decentralized_fqi_matrix.py:453]   Agent 1 progress: 60% (600/1000)
[12-16 09:57:22 MainThread @decentralized_fqi_matrix.py:453]   Agent 1 progress: 70% (700/1000)
[12-16 09:57:22 MainThread @decentralized_fqi_matrix.py:453]   Agent 1 progress: 80% (800/1000)
[12-16 09:57:22 MainThread @decentralized_fqi_matrix.py:453]   Agent 1 progress: 90% (900/1000)
[12-16 09:57:22 MainThread @decentralized_fqi_matrix.py:486]   Agent 1 completed: avg Nash time=0.00ms
[12-16 09:57:22 MainThread @decentralized_fqi_matrix.py:379] Computing targets for agent 2/6...
[12-16 09:57:22 MainThread @decentralized_fqi_matrix.py:453]   Agent 2 progress: 10% (100/1000)
[12-16 09:57:22 MainThread @decentralized_fqi_matrix.py:453]   Agent 2 progress: 20% (200/1000)
[12-16 09:57:22 MainThread @decentralized_fqi_matrix.py:453]   Agent 2 progress: 30% (300/1000)
[12-16 09:57:22 MainThread @decentralized_fqi_matrix.py:453]   Agent 2 progress: 40% (400/1000)
[12-16 09:57:22 MainThread @decentralized_fqi_matrix.py:453]   Agent 2 progress: 50% (500/1000)
[12-16 09:57:22 MainThread @decentralized_fqi_matrix.py:453]   Agent 2 progress: 60% (600/1000)
[12-16 09:57:22 MainThread @decentralized_fqi_matrix.py:453]   Agent 2 progress: 70% (700/1000)
[12-16 09:57:22 MainThread @decentralized_fqi_matrix.py:453]   Agent 2 progress: 80% (800/1000)
[12-16 09:57:22 MainThread @decentralized_fqi_matrix.py:453]   Agent 2 progress: 90% (900/1000)
[12-16 09:57:22 MainThread @decentralized_fqi_matrix.py:486]   Agent 2 completed: avg Nash time=0.00ms
[12-16 09:57:22 MainThread @decentralized_fqi_matrix.py:379] Computing targets for agent 3/6...
[12-16 09:57:22 MainThread @decentralized_fqi_matrix.py:453]   Agent 3 progress: 10% (100/1000)
[12-16 09:57:22 MainThread @decentralized_fqi_matrix.py:453]   Agent 3 progress: 20% (200/1000)
[12-16 09:57:22 MainThread @decentralized_fqi_matrix.py:453]   Agent 3 progress: 30% (300/1000)
[12-16 09:57:22 MainThread @decentralized_fqi_matrix.py:453]   Agent 3 progress: 40% (400/1000)
[12-16 09:57:22 MainThread @decentralized_fqi_matrix.py:453]   Agent 3 progress: 50% (500/1000)
[12-16 09:57:22 MainThread @decentralized_fqi_matrix.py:453]   Agent 3 progress: 60% (600/1000)
[12-16 09:57:22 MainThread @decentralized_fqi_matrix.py:453]   Agent 3 progress: 70% (700/1000)
[12-16 09:57:22 MainThread @decentralized_fqi_matrix.py:453]   Agent 3 progress: 80% (800/1000)
[12-16 09:57:22 MainThread @decentralized_fqi_matrix.py:453]   Agent 3 progress: 90% (900/1000)
[12-16 09:57:22 MainThread @decentralized_fqi_matrix.py:486]   Agent 3 completed: avg Nash time=0.00ms
[12-16 09:57:22 MainThread @decentralized_fqi_matrix.py:379] Computing targets for agent 4/6...
[12-16 09:57:22 MainThread @decentralized_fqi_matrix.py:453]   Agent 4 progress: 10% (100/1000)
[12-16 09:57:22 MainThread @decentralized_fqi_matrix.py:453]   Agent 4 progress: 20% (200/1000)
[12-16 09:57:22 MainThread @decentralized_fqi_matrix.py:453]   Agent 4 progress: 30% (300/1000)
[12-16 09:57:22 MainThread @decentralized_fqi_matrix.py:453]   Agent 4 progress: 40% (400/1000)
[12-16 09:57:22 MainThread @decentralized_fqi_matrix.py:453]   Agent 4 progress: 50% (500/1000)
[12-16 09:57:22 MainThread @decentralized_fqi_matrix.py:453]   Agent 4 progress: 60% (600/1000)
[12-16 09:57:22 MainThread @decentralized_fqi_matrix.py:453]   Agent 4 progress: 70% (700/1000)
[12-16 09:57:22 MainThread @decentralized_fqi_matrix.py:453]   Agent 4 progress: 80% (800/1000)
[12-16 09:57:22 MainThread @decentralized_fqi_matrix.py:453]   Agent 4 progress: 90% (900/1000)
[12-16 09:57:22 MainThread @decentralized_fqi_matrix.py:486]   Agent 4 completed: avg Nash time=0.00ms
[12-16 09:57:22 MainThread @decentralized_fqi_matrix.py:379] Computing targets for agent 5/6...
[12-16 09:57:22 MainThread @decentralized_fqi_matrix.py:453]   Agent 5 progress: 10% (100/1000)
[12-16 09:57:22 MainThread @decentralized_fqi_matrix.py:453]   Agent 5 progress: 20% (200/1000)
[12-16 09:57:22 MainThread @decentralized_fqi_matrix.py:453]   Agent 5 progress: 30% (300/1000)
[12-16 09:57:22 MainThread @decentralized_fqi_matrix.py:453]   Agent 5 progress: 40% (400/1000)
[12-16 09:57:22 MainThread @decentralized_fqi_matrix.py:453]   Agent 5 progress: 50% (500/1000)
[12-16 09:57:22 MainThread @decentralized_fqi_matrix.py:453]   Agent 5 progress: 60% (600/1000)
[12-16 09:57:22 MainThread @decentralized_fqi_matrix.py:453]   Agent 5 progress: 70% (700/1000)
[12-16 09:57:22 MainThread @decentralized_fqi_matrix.py:453]   Agent 5 progress: 80% (800/1000)
[12-16 09:57:22 MainThread @decentralized_fqi_matrix.py:453]   Agent 5 progress: 90% (900/1000)
[12-16 09:57:22 MainThread @decentralized_fqi_matrix.py:486]   Agent 5 completed: avg Nash time=0.00ms
[12-16 09:57:22 MainThread @decentralized_fqi_matrix.py:379] Computing targets for agent 6/6...
[12-16 09:57:22 MainThread @decentralized_fqi_matrix.py:453]   Agent 6 progress: 10% (100/1000)
[12-16 09:57:22 MainThread @decentralized_fqi_matrix.py:453]   Agent 6 progress: 20% (200/1000)
[12-16 09:57:22 MainThread @decentralized_fqi_matrix.py:453]   Agent 6 progress: 30% (300/1000)
[12-16 09:57:22 MainThread @decentralized_fqi_matrix.py:453]   Agent 6 progress: 40% (400/1000)
[12-16 09:57:22 MainThread @decentralized_fqi_matrix.py:453]   Agent 6 progress: 50% (500/1000)
[12-16 09:57:22 MainThread @decentralized_fqi_matrix.py:453]   Agent 6 progress: 60% (600/1000)
[12-16 09:57:22 MainThread @decentralized_fqi_matrix.py:453]   Agent 6 progress: 70% (700/1000)
[12-16 09:57:22 MainThread @decentralized_fqi_matrix.py:453]   Agent 6 progress: 80% (800/1000)
[12-16 09:57:22 MainThread @decentralized_fqi_matrix.py:453]   Agent 6 progress: 90% (900/1000)
[12-16 09:57:22 MainThread @decentralized_fqi_matrix.py:486]   Agent 6 completed: avg Nash time=0.00ms
[12-16 09:57:22 MainThread @decentralized_fqi_matrix.py:389] Mean Nash solving time: 0.0000s
[12-16 09:57:22 MainThread @decentralized_fqi_matrix.py:393] Nash cache: 0.0% hit rate (0 hits, 9 misses, 9 cached)
[12-16 09:57:22 MainThread @decentralized_fqi_matrix.py:398] Solving (4) by DIGing decentralized optimization...
[12-16 09:57:24 MainThread @decentralized_fqi_matrix.py:417] Iteration 35 completed: loss=0.4587, td_error=0.5334, consensus_error=0.000463
[12-16 09:57:24 MainThread @decentralized_fqi_matrix.py:573]   [收敛检测] Loss趋势: -0.0004, 波动std: 0.0003
[12-16 09:57:24 MainThread @decentralized_fqi_matrix.py:581]   ✓ Loss已稳定(std=0.0003), 可能已收敛
[12-16 09:57:24 MainThread @decentralized_fqi_matrix.py:369] 
=== Fitted Q-Iteration 36/100 ===
[12-16 09:57:24 MainThread @decentralized_fqi_matrix.py:379] Computing targets for agent 1/6...
[12-16 09:57:24 MainThread @decentralized_fqi_matrix.py:453]   Agent 1 progress: 10% (100/1000)
[12-16 09:57:24 MainThread @decentralized_fqi_matrix.py:453]   Agent 1 progress: 20% (200/1000)
[12-16 09:57:24 MainThread @decentralized_fqi_matrix.py:453]   Agent 1 progress: 30% (300/1000)
[12-16 09:57:24 MainThread @decentralized_fqi_matrix.py:453]   Agent 1 progress: 40% (400/1000)
[12-16 09:57:24 MainThread @decentralized_fqi_matrix.py:453]   Agent 1 progress: 50% (500/1000)
[12-16 09:57:24 MainThread @decentralized_fqi_matrix.py:453]   Agent 1 progress: 60% (600/1000)
[12-16 09:57:24 MainThread @decentralized_fqi_matrix.py:453]   Agent 1 progress: 70% (700/1000)
[12-16 09:57:24 MainThread @decentralized_fqi_matrix.py:453]   Agent 1 progress: 80% (800/1000)
[12-16 09:57:24 MainThread @decentralized_fqi_matrix.py:453]   Agent 1 progress: 90% (900/1000)
[12-16 09:57:24 MainThread @decentralized_fqi_matrix.py:486]   Agent 1 completed: avg Nash time=0.00ms
[12-16 09:57:24 MainThread @decentralized_fqi_matrix.py:379] Computing targets for agent 2/6...
[12-16 09:57:24 MainThread @decentralized_fqi_matrix.py:453]   Agent 2 progress: 10% (100/1000)
[12-16 09:57:24 MainThread @decentralized_fqi_matrix.py:453]   Agent 2 progress: 20% (200/1000)
[12-16 09:57:24 MainThread @decentralized_fqi_matrix.py:453]   Agent 2 progress: 30% (300/1000)
[12-16 09:57:24 MainThread @decentralized_fqi_matrix.py:453]   Agent 2 progress: 40% (400/1000)
[12-16 09:57:24 MainThread @decentralized_fqi_matrix.py:453]   Agent 2 progress: 50% (500/1000)
[12-16 09:57:24 MainThread @decentralized_fqi_matrix.py:453]   Agent 2 progress: 60% (600/1000)
[12-16 09:57:24 MainThread @decentralized_fqi_matrix.py:453]   Agent 2 progress: 70% (700/1000)
[12-16 09:57:24 MainThread @decentralized_fqi_matrix.py:453]   Agent 2 progress: 80% (800/1000)
[12-16 09:57:24 MainThread @decentralized_fqi_matrix.py:453]   Agent 2 progress: 90% (900/1000)
[12-16 09:57:24 MainThread @decentralized_fqi_matrix.py:486]   Agent 2 completed: avg Nash time=0.00ms
[12-16 09:57:24 MainThread @decentralized_fqi_matrix.py:379] Computing targets for agent 3/6...
[12-16 09:57:24 MainThread @decentralized_fqi_matrix.py:453]   Agent 3 progress: 10% (100/1000)
[12-16 09:57:24 MainThread @decentralized_fqi_matrix.py:453]   Agent 3 progress: 20% (200/1000)
[12-16 09:57:24 MainThread @decentralized_fqi_matrix.py:453]   Agent 3 progress: 30% (300/1000)
[12-16 09:57:24 MainThread @decentralized_fqi_matrix.py:453]   Agent 3 progress: 40% (400/1000)
[12-16 09:57:24 MainThread @decentralized_fqi_matrix.py:453]   Agent 3 progress: 50% (500/1000)
[12-16 09:57:24 MainThread @decentralized_fqi_matrix.py:453]   Agent 3 progress: 60% (600/1000)
[12-16 09:57:24 MainThread @decentralized_fqi_matrix.py:453]   Agent 3 progress: 70% (700/1000)
[12-16 09:57:24 MainThread @decentralized_fqi_matrix.py:453]   Agent 3 progress: 80% (800/1000)
[12-16 09:57:24 MainThread @decentralized_fqi_matrix.py:453]   Agent 3 progress: 90% (900/1000)
[12-16 09:57:24 MainThread @decentralized_fqi_matrix.py:486]   Agent 3 completed: avg Nash time=0.00ms
[12-16 09:57:24 MainThread @decentralized_fqi_matrix.py:379] Computing targets for agent 4/6...
[12-16 09:57:24 MainThread @decentralized_fqi_matrix.py:453]   Agent 4 progress: 10% (100/1000)
[12-16 09:57:24 MainThread @decentralized_fqi_matrix.py:453]   Agent 4 progress: 20% (200/1000)
[12-16 09:57:24 MainThread @decentralized_fqi_matrix.py:453]   Agent 4 progress: 30% (300/1000)
[12-16 09:57:24 MainThread @decentralized_fqi_matrix.py:453]   Agent 4 progress: 40% (400/1000)
[12-16 09:57:24 MainThread @decentralized_fqi_matrix.py:453]   Agent 4 progress: 50% (500/1000)
[12-16 09:57:24 MainThread @decentralized_fqi_matrix.py:453]   Agent 4 progress: 60% (600/1000)
[12-16 09:57:24 MainThread @decentralized_fqi_matrix.py:453]   Agent 4 progress: 70% (700/1000)
[12-16 09:57:24 MainThread @decentralized_fqi_matrix.py:453]   Agent 4 progress: 80% (800/1000)
[12-16 09:57:24 MainThread @decentralized_fqi_matrix.py:453]   Agent 4 progress: 90% (900/1000)
[12-16 09:57:24 MainThread @decentralized_fqi_matrix.py:486]   Agent 4 completed: avg Nash time=0.00ms
[12-16 09:57:24 MainThread @decentralized_fqi_matrix.py:379] Computing targets for agent 5/6...
[12-16 09:57:24 MainThread @decentralized_fqi_matrix.py:453]   Agent 5 progress: 10% (100/1000)
[12-16 09:57:24 MainThread @decentralized_fqi_matrix.py:453]   Agent 5 progress: 20% (200/1000)
[12-16 09:57:24 MainThread @decentralized_fqi_matrix.py:453]   Agent 5 progress: 30% (300/1000)
[12-16 09:57:24 MainThread @decentralized_fqi_matrix.py:453]   Agent 5 progress: 40% (400/1000)
[12-16 09:57:24 MainThread @decentralized_fqi_matrix.py:453]   Agent 5 progress: 50% (500/1000)
[12-16 09:57:24 MainThread @decentralized_fqi_matrix.py:453]   Agent 5 progress: 60% (600/1000)
[12-16 09:57:24 MainThread @decentralized_fqi_matrix.py:453]   Agent 5 progress: 70% (700/1000)
[12-16 09:57:24 MainThread @decentralized_fqi_matrix.py:453]   Agent 5 progress: 80% (800/1000)
[12-16 09:57:24 MainThread @decentralized_fqi_matrix.py:453]   Agent 5 progress: 90% (900/1000)
[12-16 09:57:24 MainThread @decentralized_fqi_matrix.py:486]   Agent 5 completed: avg Nash time=0.00ms
[12-16 09:57:24 MainThread @decentralized_fqi_matrix.py:379] Computing targets for agent 6/6...
[12-16 09:57:24 MainThread @decentralized_fqi_matrix.py:453]   Agent 6 progress: 10% (100/1000)
[12-16 09:57:24 MainThread @decentralized_fqi_matrix.py:453]   Agent 6 progress: 20% (200/1000)
[12-16 09:57:24 MainThread @decentralized_fqi_matrix.py:453]   Agent 6 progress: 30% (300/1000)
[12-16 09:57:24 MainThread @decentralized_fqi_matrix.py:453]   Agent 6 progress: 40% (400/1000)
[12-16 09:57:24 MainThread @decentralized_fqi_matrix.py:453]   Agent 6 progress: 50% (500/1000)
[12-16 09:57:24 MainThread @decentralized_fqi_matrix.py:453]   Agent 6 progress: 60% (600/1000)
[12-16 09:57:24 MainThread @decentralized_fqi_matrix.py:453]   Agent 6 progress: 70% (700/1000)
[12-16 09:57:24 MainThread @decentralized_fqi_matrix.py:453]   Agent 6 progress: 80% (800/1000)
[12-16 09:57:24 MainThread @decentralized_fqi_matrix.py:453]   Agent 6 progress: 90% (900/1000)
[12-16 09:57:24 MainThread @decentralized_fqi_matrix.py:486]   Agent 6 completed: avg Nash time=0.00ms
[12-16 09:57:24 MainThread @decentralized_fqi_matrix.py:389] Mean Nash solving time: 0.0000s
[12-16 09:57:24 MainThread @decentralized_fqi_matrix.py:393] Nash cache: 0.0% hit rate (0 hits, 9 misses, 9 cached)
[12-16 09:57:24 MainThread @decentralized_fqi_matrix.py:398] Solving (4) by DIGing decentralized optimization...
[12-16 09:57:26 MainThread @decentralized_fqi_matrix.py:417] Iteration 36 completed: loss=0.4593, td_error=0.5343, consensus_error=0.001532
[12-16 09:57:26 MainThread @decentralized_fqi_matrix.py:573]   [收敛检测] Loss趋势: -0.0003, 波动std: 0.0004
[12-16 09:57:26 MainThread @decentralized_fqi_matrix.py:581]   ✓ Loss已稳定(std=0.0004), 可能已收敛
[12-16 09:57:26 MainThread @decentralized_fqi_matrix.py:369] 
=== Fitted Q-Iteration 37/100 ===
[12-16 09:57:26 MainThread @decentralized_fqi_matrix.py:379] Computing targets for agent 1/6...
[12-16 09:57:26 MainThread @decentralized_fqi_matrix.py:453]   Agent 1 progress: 10% (100/1000)
[12-16 09:57:26 MainThread @decentralized_fqi_matrix.py:453]   Agent 1 progress: 20% (200/1000)
[12-16 09:57:26 MainThread @decentralized_fqi_matrix.py:453]   Agent 1 progress: 30% (300/1000)
[12-16 09:57:26 MainThread @decentralized_fqi_matrix.py:453]   Agent 1 progress: 40% (400/1000)
[12-16 09:57:26 MainThread @decentralized_fqi_matrix.py:453]   Agent 1 progress: 50% (500/1000)
[12-16 09:57:26 MainThread @decentralized_fqi_matrix.py:453]   Agent 1 progress: 60% (600/1000)
[12-16 09:57:26 MainThread @decentralized_fqi_matrix.py:453]   Agent 1 progress: 70% (700/1000)
[12-16 09:57:26 MainThread @decentralized_fqi_matrix.py:453]   Agent 1 progress: 80% (800/1000)
[12-16 09:57:26 MainThread @decentralized_fqi_matrix.py:453]   Agent 1 progress: 90% (900/1000)
[12-16 09:57:26 MainThread @decentralized_fqi_matrix.py:486]   Agent 1 completed: avg Nash time=0.00ms
[12-16 09:57:26 MainThread @decentralized_fqi_matrix.py:379] Computing targets for agent 2/6...
[12-16 09:57:26 MainThread @decentralized_fqi_matrix.py:453]   Agent 2 progress: 10% (100/1000)
[12-16 09:57:26 MainThread @decentralized_fqi_matrix.py:453]   Agent 2 progress: 20% (200/1000)
[12-16 09:57:26 MainThread @decentralized_fqi_matrix.py:453]   Agent 2 progress: 30% (300/1000)
[12-16 09:57:26 MainThread @decentralized_fqi_matrix.py:453]   Agent 2 progress: 40% (400/1000)
[12-16 09:57:26 MainThread @decentralized_fqi_matrix.py:453]   Agent 2 progress: 50% (500/1000)
[12-16 09:57:26 MainThread @decentralized_fqi_matrix.py:453]   Agent 2 progress: 60% (600/1000)
[12-16 09:57:26 MainThread @decentralized_fqi_matrix.py:453]   Agent 2 progress: 70% (700/1000)
[12-16 09:57:26 MainThread @decentralized_fqi_matrix.py:453]   Agent 2 progress: 80% (800/1000)
[12-16 09:57:26 MainThread @decentralized_fqi_matrix.py:453]   Agent 2 progress: 90% (900/1000)
[12-16 09:57:26 MainThread @decentralized_fqi_matrix.py:486]   Agent 2 completed: avg Nash time=0.00ms
[12-16 09:57:26 MainThread @decentralized_fqi_matrix.py:379] Computing targets for agent 3/6...
[12-16 09:57:26 MainThread @decentralized_fqi_matrix.py:453]   Agent 3 progress: 10% (100/1000)
[12-16 09:57:26 MainThread @decentralized_fqi_matrix.py:453]   Agent 3 progress: 20% (200/1000)
[12-16 09:57:26 MainThread @decentralized_fqi_matrix.py:453]   Agent 3 progress: 30% (300/1000)
[12-16 09:57:26 MainThread @decentralized_fqi_matrix.py:453]   Agent 3 progress: 40% (400/1000)
[12-16 09:57:26 MainThread @decentralized_fqi_matrix.py:453]   Agent 3 progress: 50% (500/1000)
[12-16 09:57:26 MainThread @decentralized_fqi_matrix.py:453]   Agent 3 progress: 60% (600/1000)
[12-16 09:57:26 MainThread @decentralized_fqi_matrix.py:453]   Agent 3 progress: 70% (700/1000)
[12-16 09:57:26 MainThread @decentralized_fqi_matrix.py:453]   Agent 3 progress: 80% (800/1000)
[12-16 09:57:26 MainThread @decentralized_fqi_matrix.py:453]   Agent 3 progress: 90% (900/1000)
[12-16 09:57:26 MainThread @decentralized_fqi_matrix.py:486]   Agent 3 completed: avg Nash time=0.00ms
[12-16 09:57:26 MainThread @decentralized_fqi_matrix.py:379] Computing targets for agent 4/6...
[12-16 09:57:26 MainThread @decentralized_fqi_matrix.py:453]   Agent 4 progress: 10% (100/1000)
[12-16 09:57:26 MainThread @decentralized_fqi_matrix.py:453]   Agent 4 progress: 20% (200/1000)
[12-16 09:57:26 MainThread @decentralized_fqi_matrix.py:453]   Agent 4 progress: 30% (300/1000)
[12-16 09:57:26 MainThread @decentralized_fqi_matrix.py:453]   Agent 4 progress: 40% (400/1000)
[12-16 09:57:26 MainThread @decentralized_fqi_matrix.py:453]   Agent 4 progress: 50% (500/1000)
[12-16 09:57:26 MainThread @decentralized_fqi_matrix.py:453]   Agent 4 progress: 60% (600/1000)
[12-16 09:57:26 MainThread @decentralized_fqi_matrix.py:453]   Agent 4 progress: 70% (700/1000)
[12-16 09:57:26 MainThread @decentralized_fqi_matrix.py:453]   Agent 4 progress: 80% (800/1000)
[12-16 09:57:26 MainThread @decentralized_fqi_matrix.py:453]   Agent 4 progress: 90% (900/1000)
[12-16 09:57:26 MainThread @decentralized_fqi_matrix.py:486]   Agent 4 completed: avg Nash time=0.00ms
[12-16 09:57:26 MainThread @decentralized_fqi_matrix.py:379] Computing targets for agent 5/6...
[12-16 09:57:26 MainThread @decentralized_fqi_matrix.py:453]   Agent 5 progress: 10% (100/1000)
[12-16 09:57:26 MainThread @decentralized_fqi_matrix.py:453]   Agent 5 progress: 20% (200/1000)
[12-16 09:57:26 MainThread @decentralized_fqi_matrix.py:453]   Agent 5 progress: 30% (300/1000)
[12-16 09:57:26 MainThread @decentralized_fqi_matrix.py:453]   Agent 5 progress: 40% (400/1000)
[12-16 09:57:26 MainThread @decentralized_fqi_matrix.py:453]   Agent 5 progress: 50% (500/1000)
[12-16 09:57:26 MainThread @decentralized_fqi_matrix.py:453]   Agent 5 progress: 60% (600/1000)
[12-16 09:57:26 MainThread @decentralized_fqi_matrix.py:453]   Agent 5 progress: 70% (700/1000)
[12-16 09:57:26 MainThread @decentralized_fqi_matrix.py:453]   Agent 5 progress: 80% (800/1000)
[12-16 09:57:26 MainThread @decentralized_fqi_matrix.py:453]   Agent 5 progress: 90% (900/1000)
[12-16 09:57:26 MainThread @decentralized_fqi_matrix.py:486]   Agent 5 completed: avg Nash time=0.00ms
[12-16 09:57:26 MainThread @decentralized_fqi_matrix.py:379] Computing targets for agent 6/6...
[12-16 09:57:26 MainThread @decentralized_fqi_matrix.py:453]   Agent 6 progress: 10% (100/1000)
[12-16 09:57:26 MainThread @decentralized_fqi_matrix.py:453]   Agent 6 progress: 20% (200/1000)
[12-16 09:57:26 MainThread @decentralized_fqi_matrix.py:453]   Agent 6 progress: 30% (300/1000)
[12-16 09:57:26 MainThread @decentralized_fqi_matrix.py:453]   Agent 6 progress: 40% (400/1000)
[12-16 09:57:26 MainThread @decentralized_fqi_matrix.py:453]   Agent 6 progress: 50% (500/1000)
[12-16 09:57:26 MainThread @decentralized_fqi_matrix.py:453]   Agent 6 progress: 60% (600/1000)
[12-16 09:57:26 MainThread @decentralized_fqi_matrix.py:453]   Agent 6 progress: 70% (700/1000)
[12-16 09:57:26 MainThread @decentralized_fqi_matrix.py:453]   Agent 6 progress: 80% (800/1000)
[12-16 09:57:26 MainThread @decentralized_fqi_matrix.py:453]   Agent 6 progress: 90% (900/1000)
[12-16 09:57:26 MainThread @decentralized_fqi_matrix.py:486]   Agent 6 completed: avg Nash time=0.00ms
[12-16 09:57:26 MainThread @decentralized_fqi_matrix.py:389] Mean Nash solving time: 0.0000s
[12-16 09:57:26 MainThread @decentralized_fqi_matrix.py:393] Nash cache: 0.0% hit rate (0 hits, 9 misses, 9 cached)
[12-16 09:57:26 MainThread @decentralized_fqi_matrix.py:398] Solving (4) by DIGing decentralized optimization...
[12-16 09:57:28 MainThread @decentralized_fqi_matrix.py:417] Iteration 37 completed: loss=0.4587, td_error=0.5342, consensus_error=0.000420
[12-16 09:57:28 MainThread @decentralized_fqi_matrix.py:573]   [收敛检测] Loss趋势: -0.0003, 波动std: 0.0004
[12-16 09:57:28 MainThread @decentralized_fqi_matrix.py:581]   ✓ Loss已稳定(std=0.0004), 可能已收敛
[12-16 09:57:28 MainThread @decentralized_fqi_matrix.py:369] 
=== Fitted Q-Iteration 38/100 ===
[12-16 09:57:28 MainThread @decentralized_fqi_matrix.py:379] Computing targets for agent 1/6...
[12-16 09:57:28 MainThread @decentralized_fqi_matrix.py:453]   Agent 1 progress: 10% (100/1000)
[12-16 09:57:28 MainThread @decentralized_fqi_matrix.py:453]   Agent 1 progress: 20% (200/1000)
[12-16 09:57:28 MainThread @decentralized_fqi_matrix.py:453]   Agent 1 progress: 30% (300/1000)
[12-16 09:57:28 MainThread @decentralized_fqi_matrix.py:453]   Agent 1 progress: 40% (400/1000)
[12-16 09:57:28 MainThread @decentralized_fqi_matrix.py:453]   Agent 1 progress: 50% (500/1000)
[12-16 09:57:28 MainThread @decentralized_fqi_matrix.py:453]   Agent 1 progress: 60% (600/1000)
[12-16 09:57:28 MainThread @decentralized_fqi_matrix.py:453]   Agent 1 progress: 70% (700/1000)
[12-16 09:57:28 MainThread @decentralized_fqi_matrix.py:453]   Agent 1 progress: 80% (800/1000)
[12-16 09:57:28 MainThread @decentralized_fqi_matrix.py:453]   Agent 1 progress: 90% (900/1000)
[12-16 09:57:28 MainThread @decentralized_fqi_matrix.py:486]   Agent 1 completed: avg Nash time=0.00ms
[12-16 09:57:28 MainThread @decentralized_fqi_matrix.py:379] Computing targets for agent 2/6...
[12-16 09:57:28 MainThread @decentralized_fqi_matrix.py:453]   Agent 2 progress: 10% (100/1000)
[12-16 09:57:28 MainThread @decentralized_fqi_matrix.py:453]   Agent 2 progress: 20% (200/1000)
[12-16 09:57:28 MainThread @decentralized_fqi_matrix.py:453]   Agent 2 progress: 30% (300/1000)
[12-16 09:57:28 MainThread @decentralized_fqi_matrix.py:453]   Agent 2 progress: 40% (400/1000)
[12-16 09:57:28 MainThread @decentralized_fqi_matrix.py:453]   Agent 2 progress: 50% (500/1000)
[12-16 09:57:28 MainThread @decentralized_fqi_matrix.py:453]   Agent 2 progress: 60% (600/1000)
[12-16 09:57:28 MainThread @decentralized_fqi_matrix.py:453]   Agent 2 progress: 70% (700/1000)
[12-16 09:57:28 MainThread @decentralized_fqi_matrix.py:453]   Agent 2 progress: 80% (800/1000)
[12-16 09:57:28 MainThread @decentralized_fqi_matrix.py:453]   Agent 2 progress: 90% (900/1000)
[12-16 09:57:28 MainThread @decentralized_fqi_matrix.py:486]   Agent 2 completed: avg Nash time=0.00ms
[12-16 09:57:28 MainThread @decentralized_fqi_matrix.py:379] Computing targets for agent 3/6...
[12-16 09:57:28 MainThread @decentralized_fqi_matrix.py:453]   Agent 3 progress: 10% (100/1000)
[12-16 09:57:28 MainThread @decentralized_fqi_matrix.py:453]   Agent 3 progress: 20% (200/1000)
[12-16 09:57:28 MainThread @decentralized_fqi_matrix.py:453]   Agent 3 progress: 30% (300/1000)
[12-16 09:57:28 MainThread @decentralized_fqi_matrix.py:453]   Agent 3 progress: 40% (400/1000)
[12-16 09:57:28 MainThread @decentralized_fqi_matrix.py:453]   Agent 3 progress: 50% (500/1000)
[12-16 09:57:28 MainThread @decentralized_fqi_matrix.py:453]   Agent 3 progress: 60% (600/1000)
[12-16 09:57:28 MainThread @decentralized_fqi_matrix.py:453]   Agent 3 progress: 70% (700/1000)
[12-16 09:57:28 MainThread @decentralized_fqi_matrix.py:453]   Agent 3 progress: 80% (800/1000)
[12-16 09:57:28 MainThread @decentralized_fqi_matrix.py:453]   Agent 3 progress: 90% (900/1000)
[12-16 09:57:28 MainThread @decentralized_fqi_matrix.py:486]   Agent 3 completed: avg Nash time=0.00ms
[12-16 09:57:28 MainThread @decentralized_fqi_matrix.py:379] Computing targets for agent 4/6...
[12-16 09:57:28 MainThread @decentralized_fqi_matrix.py:453]   Agent 4 progress: 10% (100/1000)
[12-16 09:57:28 MainThread @decentralized_fqi_matrix.py:453]   Agent 4 progress: 20% (200/1000)
[12-16 09:57:28 MainThread @decentralized_fqi_matrix.py:453]   Agent 4 progress: 30% (300/1000)
[12-16 09:57:28 MainThread @decentralized_fqi_matrix.py:453]   Agent 4 progress: 40% (400/1000)
[12-16 09:57:28 MainThread @decentralized_fqi_matrix.py:453]   Agent 4 progress: 50% (500/1000)
[12-16 09:57:28 MainThread @decentralized_fqi_matrix.py:453]   Agent 4 progress: 60% (600/1000)
[12-16 09:57:28 MainThread @decentralized_fqi_matrix.py:453]   Agent 4 progress: 70% (700/1000)
[12-16 09:57:28 MainThread @decentralized_fqi_matrix.py:453]   Agent 4 progress: 80% (800/1000)
[12-16 09:57:28 MainThread @decentralized_fqi_matrix.py:453]   Agent 4 progress: 90% (900/1000)
[12-16 09:57:28 MainThread @decentralized_fqi_matrix.py:486]   Agent 4 completed: avg Nash time=0.00ms
[12-16 09:57:28 MainThread @decentralized_fqi_matrix.py:379] Computing targets for agent 5/6...
[12-16 09:57:28 MainThread @decentralized_fqi_matrix.py:453]   Agent 5 progress: 10% (100/1000)
[12-16 09:57:28 MainThread @decentralized_fqi_matrix.py:453]   Agent 5 progress: 20% (200/1000)
[12-16 09:57:28 MainThread @decentralized_fqi_matrix.py:453]   Agent 5 progress: 30% (300/1000)
[12-16 09:57:28 MainThread @decentralized_fqi_matrix.py:453]   Agent 5 progress: 40% (400/1000)
[12-16 09:57:28 MainThread @decentralized_fqi_matrix.py:453]   Agent 5 progress: 50% (500/1000)
[12-16 09:57:28 MainThread @decentralized_fqi_matrix.py:453]   Agent 5 progress: 60% (600/1000)
[12-16 09:57:28 MainThread @decentralized_fqi_matrix.py:453]   Agent 5 progress: 70% (700/1000)
[12-16 09:57:28 MainThread @decentralized_fqi_matrix.py:453]   Agent 5 progress: 80% (800/1000)
[12-16 09:57:28 MainThread @decentralized_fqi_matrix.py:453]   Agent 5 progress: 90% (900/1000)
[12-16 09:57:28 MainThread @decentralized_fqi_matrix.py:486]   Agent 5 completed: avg Nash time=0.00ms
[12-16 09:57:28 MainThread @decentralized_fqi_matrix.py:379] Computing targets for agent 6/6...
[12-16 09:57:28 MainThread @decentralized_fqi_matrix.py:453]   Agent 6 progress: 10% (100/1000)
[12-16 09:57:28 MainThread @decentralized_fqi_matrix.py:453]   Agent 6 progress: 20% (200/1000)
[12-16 09:57:28 MainThread @decentralized_fqi_matrix.py:453]   Agent 6 progress: 30% (300/1000)
[12-16 09:57:28 MainThread @decentralized_fqi_matrix.py:453]   Agent 6 progress: 40% (400/1000)
[12-16 09:57:28 MainThread @decentralized_fqi_matrix.py:453]   Agent 6 progress: 50% (500/1000)
[12-16 09:57:28 MainThread @decentralized_fqi_matrix.py:453]   Agent 6 progress: 60% (600/1000)
[12-16 09:57:28 MainThread @decentralized_fqi_matrix.py:453]   Agent 6 progress: 70% (700/1000)
[12-16 09:57:28 MainThread @decentralized_fqi_matrix.py:453]   Agent 6 progress: 80% (800/1000)
[12-16 09:57:28 MainThread @decentralized_fqi_matrix.py:453]   Agent 6 progress: 90% (900/1000)
[12-16 09:57:28 MainThread @decentralized_fqi_matrix.py:486]   Agent 6 completed: avg Nash time=0.00ms
[12-16 09:57:28 MainThread @decentralized_fqi_matrix.py:389] Mean Nash solving time: 0.0000s
[12-16 09:57:28 MainThread @decentralized_fqi_matrix.py:393] Nash cache: 0.0% hit rate (0 hits, 9 misses, 9 cached)
[12-16 09:57:28 MainThread @decentralized_fqi_matrix.py:398] Solving (4) by DIGing decentralized optimization...
[12-16 09:57:30 MainThread @decentralized_fqi_matrix.py:417] Iteration 38 completed: loss=0.4585, td_error=0.5344, consensus_error=0.000328
[12-16 09:57:30 MainThread @decentralized_fqi_matrix.py:573]   [收敛检测] Loss趋势: -0.0004, 波动std: 0.0004
[12-16 09:57:30 MainThread @decentralized_fqi_matrix.py:581]   ✓ Loss已稳定(std=0.0004), 可能已收敛
[12-16 09:57:30 MainThread @decentralized_fqi_matrix.py:369] 
=== Fitted Q-Iteration 39/100 ===
[12-16 09:57:30 MainThread @decentralized_fqi_matrix.py:379] Computing targets for agent 1/6...
[12-16 09:57:30 MainThread @decentralized_fqi_matrix.py:453]   Agent 1 progress: 10% (100/1000)
[12-16 09:57:30 MainThread @decentralized_fqi_matrix.py:453]   Agent 1 progress: 20% (200/1000)
[12-16 09:57:30 MainThread @decentralized_fqi_matrix.py:453]   Agent 1 progress: 30% (300/1000)
[12-16 09:57:30 MainThread @decentralized_fqi_matrix.py:453]   Agent 1 progress: 40% (400/1000)
[12-16 09:57:30 MainThread @decentralized_fqi_matrix.py:453]   Agent 1 progress: 50% (500/1000)
[12-16 09:57:30 MainThread @decentralized_fqi_matrix.py:453]   Agent 1 progress: 60% (600/1000)
[12-16 09:57:30 MainThread @decentralized_fqi_matrix.py:453]   Agent 1 progress: 70% (700/1000)
[12-16 09:57:30 MainThread @decentralized_fqi_matrix.py:453]   Agent 1 progress: 80% (800/1000)
[12-16 09:57:30 MainThread @decentralized_fqi_matrix.py:453]   Agent 1 progress: 90% (900/1000)
[12-16 09:57:30 MainThread @decentralized_fqi_matrix.py:486]   Agent 1 completed: avg Nash time=0.00ms
[12-16 09:57:30 MainThread @decentralized_fqi_matrix.py:379] Computing targets for agent 2/6...
[12-16 09:57:30 MainThread @decentralized_fqi_matrix.py:453]   Agent 2 progress: 10% (100/1000)
[12-16 09:57:30 MainThread @decentralized_fqi_matrix.py:453]   Agent 2 progress: 20% (200/1000)
[12-16 09:57:30 MainThread @decentralized_fqi_matrix.py:453]   Agent 2 progress: 30% (300/1000)
[12-16 09:57:30 MainThread @decentralized_fqi_matrix.py:453]   Agent 2 progress: 40% (400/1000)
[12-16 09:57:30 MainThread @decentralized_fqi_matrix.py:453]   Agent 2 progress: 50% (500/1000)
[12-16 09:57:30 MainThread @decentralized_fqi_matrix.py:453]   Agent 2 progress: 60% (600/1000)
[12-16 09:57:30 MainThread @decentralized_fqi_matrix.py:453]   Agent 2 progress: 70% (700/1000)
[12-16 09:57:30 MainThread @decentralized_fqi_matrix.py:453]   Agent 2 progress: 80% (800/1000)
[12-16 09:57:30 MainThread @decentralized_fqi_matrix.py:453]   Agent 2 progress: 90% (900/1000)
[12-16 09:57:30 MainThread @decentralized_fqi_matrix.py:486]   Agent 2 completed: avg Nash time=0.00ms
[12-16 09:57:30 MainThread @decentralized_fqi_matrix.py:379] Computing targets for agent 3/6...
[12-16 09:57:30 MainThread @decentralized_fqi_matrix.py:453]   Agent 3 progress: 10% (100/1000)
[12-16 09:57:30 MainThread @decentralized_fqi_matrix.py:453]   Agent 3 progress: 20% (200/1000)
[12-16 09:57:30 MainThread @decentralized_fqi_matrix.py:453]   Agent 3 progress: 30% (300/1000)
[12-16 09:57:30 MainThread @decentralized_fqi_matrix.py:453]   Agent 3 progress: 40% (400/1000)
[12-16 09:57:30 MainThread @decentralized_fqi_matrix.py:453]   Agent 3 progress: 50% (500/1000)
[12-16 09:57:30 MainThread @decentralized_fqi_matrix.py:453]   Agent 3 progress: 60% (600/1000)
[12-16 09:57:30 MainThread @decentralized_fqi_matrix.py:453]   Agent 3 progress: 70% (700/1000)
[12-16 09:57:30 MainThread @decentralized_fqi_matrix.py:453]   Agent 3 progress: 80% (800/1000)
[12-16 09:57:30 MainThread @decentralized_fqi_matrix.py:453]   Agent 3 progress: 90% (900/1000)
[12-16 09:57:30 MainThread @decentralized_fqi_matrix.py:486]   Agent 3 completed: avg Nash time=0.00ms
[12-16 09:57:30 MainThread @decentralized_fqi_matrix.py:379] Computing targets for agent 4/6...
[12-16 09:57:30 MainThread @decentralized_fqi_matrix.py:453]   Agent 4 progress: 10% (100/1000)
[12-16 09:57:30 MainThread @decentralized_fqi_matrix.py:453]   Agent 4 progress: 20% (200/1000)
[12-16 09:57:30 MainThread @decentralized_fqi_matrix.py:453]   Agent 4 progress: 30% (300/1000)
[12-16 09:57:30 MainThread @decentralized_fqi_matrix.py:453]   Agent 4 progress: 40% (400/1000)
[12-16 09:57:30 MainThread @decentralized_fqi_matrix.py:453]   Agent 4 progress: 50% (500/1000)
[12-16 09:57:30 MainThread @decentralized_fqi_matrix.py:453]   Agent 4 progress: 60% (600/1000)
[12-16 09:57:30 MainThread @decentralized_fqi_matrix.py:453]   Agent 4 progress: 70% (700/1000)
[12-16 09:57:30 MainThread @decentralized_fqi_matrix.py:453]   Agent 4 progress: 80% (800/1000)
[12-16 09:57:30 MainThread @decentralized_fqi_matrix.py:453]   Agent 4 progress: 90% (900/1000)
[12-16 09:57:30 MainThread @decentralized_fqi_matrix.py:486]   Agent 4 completed: avg Nash time=0.00ms
[12-16 09:57:30 MainThread @decentralized_fqi_matrix.py:379] Computing targets for agent 5/6...
[12-16 09:57:30 MainThread @decentralized_fqi_matrix.py:453]   Agent 5 progress: 10% (100/1000)
[12-16 09:57:30 MainThread @decentralized_fqi_matrix.py:453]   Agent 5 progress: 20% (200/1000)
[12-16 09:57:30 MainThread @decentralized_fqi_matrix.py:453]   Agent 5 progress: 30% (300/1000)
[12-16 09:57:30 MainThread @decentralized_fqi_matrix.py:453]   Agent 5 progress: 40% (400/1000)
[12-16 09:57:30 MainThread @decentralized_fqi_matrix.py:453]   Agent 5 progress: 50% (500/1000)
[12-16 09:57:30 MainThread @decentralized_fqi_matrix.py:453]   Agent 5 progress: 60% (600/1000)
[12-16 09:57:30 MainThread @decentralized_fqi_matrix.py:453]   Agent 5 progress: 70% (700/1000)
[12-16 09:57:30 MainThread @decentralized_fqi_matrix.py:453]   Agent 5 progress: 80% (800/1000)
[12-16 09:57:30 MainThread @decentralized_fqi_matrix.py:453]   Agent 5 progress: 90% (900/1000)
[12-16 09:57:30 MainThread @decentralized_fqi_matrix.py:486]   Agent 5 completed: avg Nash time=0.00ms
[12-16 09:57:30 MainThread @decentralized_fqi_matrix.py:379] Computing targets for agent 6/6...
[12-16 09:57:30 MainThread @decentralized_fqi_matrix.py:453]   Agent 6 progress: 10% (100/1000)
[12-16 09:57:30 MainThread @decentralized_fqi_matrix.py:453]   Agent 6 progress: 20% (200/1000)
[12-16 09:57:30 MainThread @decentralized_fqi_matrix.py:453]   Agent 6 progress: 30% (300/1000)
[12-16 09:57:30 MainThread @decentralized_fqi_matrix.py:453]   Agent 6 progress: 40% (400/1000)
[12-16 09:57:30 MainThread @decentralized_fqi_matrix.py:453]   Agent 6 progress: 50% (500/1000)
[12-16 09:57:30 MainThread @decentralized_fqi_matrix.py:453]   Agent 6 progress: 60% (600/1000)
[12-16 09:57:30 MainThread @decentralized_fqi_matrix.py:453]   Agent 6 progress: 70% (700/1000)
[12-16 09:57:30 MainThread @decentralized_fqi_matrix.py:453]   Agent 6 progress: 80% (800/1000)
[12-16 09:57:30 MainThread @decentralized_fqi_matrix.py:453]   Agent 6 progress: 90% (900/1000)
[12-16 09:57:30 MainThread @decentralized_fqi_matrix.py:486]   Agent 6 completed: avg Nash time=0.00ms
[12-16 09:57:30 MainThread @decentralized_fqi_matrix.py:389] Mean Nash solving time: 0.0000s
[12-16 09:57:30 MainThread @decentralized_fqi_matrix.py:393] Nash cache: 0.0% hit rate (0 hits, 9 misses, 9 cached)
[12-16 09:57:30 MainThread @decentralized_fqi_matrix.py:398] Solving (4) by DIGing decentralized optimization...
[12-16 09:57:32 MainThread @decentralized_fqi_matrix.py:417] Iteration 39 completed: loss=0.4579, td_error=0.5341, consensus_error=0.000573
[12-16 09:57:32 MainThread @decentralized_fqi_matrix.py:573]   [收敛检测] Loss趋势: +0.0008, 波动std: 0.0005
[12-16 09:57:32 MainThread @decentralized_fqi_matrix.py:581]   ✓ Loss已稳定(std=0.0005), 可能已收敛
[12-16 09:57:32 MainThread @decentralized_fqi_matrix.py:369] 
=== Fitted Q-Iteration 40/100 ===
[12-16 09:57:32 MainThread @decentralized_fqi_matrix.py:379] Computing targets for agent 1/6...
[12-16 09:57:32 MainThread @decentralized_fqi_matrix.py:453]   Agent 1 progress: 10% (100/1000)
[12-16 09:57:32 MainThread @decentralized_fqi_matrix.py:453]   Agent 1 progress: 20% (200/1000)
[12-16 09:57:32 MainThread @decentralized_fqi_matrix.py:453]   Agent 1 progress: 30% (300/1000)
[12-16 09:57:32 MainThread @decentralized_fqi_matrix.py:453]   Agent 1 progress: 40% (400/1000)
[12-16 09:57:32 MainThread @decentralized_fqi_matrix.py:453]   Agent 1 progress: 50% (500/1000)
[12-16 09:57:32 MainThread @decentralized_fqi_matrix.py:453]   Agent 1 progress: 60% (600/1000)
[12-16 09:57:32 MainThread @decentralized_fqi_matrix.py:453]   Agent 1 progress: 70% (700/1000)
[12-16 09:57:32 MainThread @decentralized_fqi_matrix.py:453]   Agent 1 progress: 80% (800/1000)
[12-16 09:57:32 MainThread @decentralized_fqi_matrix.py:453]   Agent 1 progress: 90% (900/1000)
[12-16 09:57:32 MainThread @decentralized_fqi_matrix.py:486]   Agent 1 completed: avg Nash time=0.00ms
[12-16 09:57:32 MainThread @decentralized_fqi_matrix.py:379] Computing targets for agent 2/6...
[12-16 09:57:32 MainThread @decentralized_fqi_matrix.py:453]   Agent 2 progress: 10% (100/1000)
[12-16 09:57:32 MainThread @decentralized_fqi_matrix.py:453]   Agent 2 progress: 20% (200/1000)
[12-16 09:57:32 MainThread @decentralized_fqi_matrix.py:453]   Agent 2 progress: 30% (300/1000)
[12-16 09:57:32 MainThread @decentralized_fqi_matrix.py:453]   Agent 2 progress: 40% (400/1000)
[12-16 09:57:32 MainThread @decentralized_fqi_matrix.py:453]   Agent 2 progress: 50% (500/1000)
[12-16 09:57:32 MainThread @decentralized_fqi_matrix.py:453]   Agent 2 progress: 60% (600/1000)
[12-16 09:57:32 MainThread @decentralized_fqi_matrix.py:453]   Agent 2 progress: 70% (700/1000)
[12-16 09:57:32 MainThread @decentralized_fqi_matrix.py:453]   Agent 2 progress: 80% (800/1000)
[12-16 09:57:32 MainThread @decentralized_fqi_matrix.py:453]   Agent 2 progress: 90% (900/1000)
[12-16 09:57:32 MainThread @decentralized_fqi_matrix.py:486]   Agent 2 completed: avg Nash time=0.00ms
[12-16 09:57:32 MainThread @decentralized_fqi_matrix.py:379] Computing targets for agent 3/6...
[12-16 09:57:32 MainThread @decentralized_fqi_matrix.py:453]   Agent 3 progress: 10% (100/1000)
[12-16 09:57:32 MainThread @decentralized_fqi_matrix.py:453]   Agent 3 progress: 20% (200/1000)
[12-16 09:57:32 MainThread @decentralized_fqi_matrix.py:453]   Agent 3 progress: 30% (300/1000)
[12-16 09:57:32 MainThread @decentralized_fqi_matrix.py:453]   Agent 3 progress: 40% (400/1000)
[12-16 09:57:32 MainThread @decentralized_fqi_matrix.py:453]   Agent 3 progress: 50% (500/1000)
[12-16 09:57:32 MainThread @decentralized_fqi_matrix.py:453]   Agent 3 progress: 60% (600/1000)
[12-16 09:57:32 MainThread @decentralized_fqi_matrix.py:453]   Agent 3 progress: 70% (700/1000)
[12-16 09:57:32 MainThread @decentralized_fqi_matrix.py:453]   Agent 3 progress: 80% (800/1000)
[12-16 09:57:32 MainThread @decentralized_fqi_matrix.py:453]   Agent 3 progress: 90% (900/1000)
[12-16 09:57:32 MainThread @decentralized_fqi_matrix.py:486]   Agent 3 completed: avg Nash time=0.00ms
[12-16 09:57:32 MainThread @decentralized_fqi_matrix.py:379] Computing targets for agent 4/6...
[12-16 09:57:32 MainThread @decentralized_fqi_matrix.py:453]   Agent 4 progress: 10% (100/1000)
[12-16 09:57:32 MainThread @decentralized_fqi_matrix.py:453]   Agent 4 progress: 20% (200/1000)
[12-16 09:57:32 MainThread @decentralized_fqi_matrix.py:453]   Agent 4 progress: 30% (300/1000)
[12-16 09:57:32 MainThread @decentralized_fqi_matrix.py:453]   Agent 4 progress: 40% (400/1000)
[12-16 09:57:32 MainThread @decentralized_fqi_matrix.py:453]   Agent 4 progress: 50% (500/1000)
[12-16 09:57:32 MainThread @decentralized_fqi_matrix.py:453]   Agent 4 progress: 60% (600/1000)
[12-16 09:57:32 MainThread @decentralized_fqi_matrix.py:453]   Agent 4 progress: 70% (700/1000)
[12-16 09:57:32 MainThread @decentralized_fqi_matrix.py:453]   Agent 4 progress: 80% (800/1000)
[12-16 09:57:32 MainThread @decentralized_fqi_matrix.py:453]   Agent 4 progress: 90% (900/1000)
[12-16 09:57:32 MainThread @decentralized_fqi_matrix.py:486]   Agent 4 completed: avg Nash time=0.00ms
[12-16 09:57:32 MainThread @decentralized_fqi_matrix.py:379] Computing targets for agent 5/6...
[12-16 09:57:32 MainThread @decentralized_fqi_matrix.py:453]   Agent 5 progress: 10% (100/1000)
[12-16 09:57:32 MainThread @decentralized_fqi_matrix.py:453]   Agent 5 progress: 20% (200/1000)
[12-16 09:57:32 MainThread @decentralized_fqi_matrix.py:453]   Agent 5 progress: 30% (300/1000)
[12-16 09:57:32 MainThread @decentralized_fqi_matrix.py:453]   Agent 5 progress: 40% (400/1000)
[12-16 09:57:32 MainThread @decentralized_fqi_matrix.py:453]   Agent 5 progress: 50% (500/1000)
[12-16 09:57:32 MainThread @decentralized_fqi_matrix.py:453]   Agent 5 progress: 60% (600/1000)
[12-16 09:57:32 MainThread @decentralized_fqi_matrix.py:453]   Agent 5 progress: 70% (700/1000)
[12-16 09:57:32 MainThread @decentralized_fqi_matrix.py:453]   Agent 5 progress: 80% (800/1000)
[12-16 09:57:32 MainThread @decentralized_fqi_matrix.py:453]   Agent 5 progress: 90% (900/1000)
[12-16 09:57:32 MainThread @decentralized_fqi_matrix.py:486]   Agent 5 completed: avg Nash time=0.00ms
[12-16 09:57:32 MainThread @decentralized_fqi_matrix.py:379] Computing targets for agent 6/6...
[12-16 09:57:32 MainThread @decentralized_fqi_matrix.py:453]   Agent 6 progress: 10% (100/1000)
[12-16 09:57:32 MainThread @decentralized_fqi_matrix.py:453]   Agent 6 progress: 20% (200/1000)
[12-16 09:57:32 MainThread @decentralized_fqi_matrix.py:453]   Agent 6 progress: 30% (300/1000)
[12-16 09:57:32 MainThread @decentralized_fqi_matrix.py:453]   Agent 6 progress: 40% (400/1000)
[12-16 09:57:32 MainThread @decentralized_fqi_matrix.py:453]   Agent 6 progress: 50% (500/1000)
[12-16 09:57:32 MainThread @decentralized_fqi_matrix.py:453]   Agent 6 progress: 60% (600/1000)
[12-16 09:57:32 MainThread @decentralized_fqi_matrix.py:453]   Agent 6 progress: 70% (700/1000)
[12-16 09:57:32 MainThread @decentralized_fqi_matrix.py:453]   Agent 6 progress: 80% (800/1000)
[12-16 09:57:32 MainThread @decentralized_fqi_matrix.py:453]   Agent 6 progress: 90% (900/1000)
[12-16 09:57:32 MainThread @decentralized_fqi_matrix.py:486]   Agent 6 completed: avg Nash time=0.00ms
[12-16 09:57:32 MainThread @decentralized_fqi_matrix.py:389] Mean Nash solving time: 0.0000s
[12-16 09:57:32 MainThread @decentralized_fqi_matrix.py:393] Nash cache: 0.0% hit rate (0 hits, 9 misses, 9 cached)
[12-16 09:57:32 MainThread @decentralized_fqi_matrix.py:398] Solving (4) by DIGing decentralized optimization...
[12-16 09:57:34 MainThread @decentralized_fqi_matrix.py:417] Iteration 40 completed: loss=0.4582, td_error=0.5347, consensus_error=0.000578
[12-16 09:57:34 MainThread @decentralized_fqi_matrix.py:573]   [收敛检测] Loss趋势: +0.0011, 波动std: 0.0005
[12-16 09:57:34 MainThread @decentralized_fqi_matrix.py:581]   ✓ Loss已稳定(std=0.0005), 可能已收敛
[12-16 09:57:34 MainThread @train_matrix.py:293] 
=== Evaluation at Iteration 40 ===
[12-16 09:57:34 MainThread @train_matrix.py:294]   Nash distance: 0.816497
[12-16 09:57:34 MainThread @train_matrix.py:295]   Learned Nash value: 0.1581 (True: -0.0000)
[12-16 09:57:34 MainThread @train_matrix.py:297]   Value error: 0.158085

[12-16 09:57:34 MainThread @decentralized_fqi_matrix.py:626] Models saved to ./matrix_models/train_20251216_095616
[12-16 09:57:34 MainThread @decentralized_fqi_matrix.py:369] 
=== Fitted Q-Iteration 41/100 ===
[12-16 09:57:34 MainThread @decentralized_fqi_matrix.py:379] Computing targets for agent 1/6...
[12-16 09:57:34 MainThread @decentralized_fqi_matrix.py:453]   Agent 1 progress: 10% (100/1000)
[12-16 09:57:34 MainThread @decentralized_fqi_matrix.py:453]   Agent 1 progress: 20% (200/1000)
[12-16 09:57:34 MainThread @decentralized_fqi_matrix.py:453]   Agent 1 progress: 30% (300/1000)
[12-16 09:57:34 MainThread @decentralized_fqi_matrix.py:453]   Agent 1 progress: 40% (400/1000)
[12-16 09:57:34 MainThread @decentralized_fqi_matrix.py:453]   Agent 1 progress: 50% (500/1000)
[12-16 09:57:34 MainThread @decentralized_fqi_matrix.py:453]   Agent 1 progress: 60% (600/1000)
[12-16 09:57:34 MainThread @decentralized_fqi_matrix.py:453]   Agent 1 progress: 70% (700/1000)
[12-16 09:57:34 MainThread @decentralized_fqi_matrix.py:453]   Agent 1 progress: 80% (800/1000)
[12-16 09:57:34 MainThread @decentralized_fqi_matrix.py:453]   Agent 1 progress: 90% (900/1000)
[12-16 09:57:34 MainThread @decentralized_fqi_matrix.py:486]   Agent 1 completed: avg Nash time=0.00ms
[12-16 09:57:34 MainThread @decentralized_fqi_matrix.py:379] Computing targets for agent 2/6...
[12-16 09:57:34 MainThread @decentralized_fqi_matrix.py:453]   Agent 2 progress: 10% (100/1000)
[12-16 09:57:34 MainThread @decentralized_fqi_matrix.py:453]   Agent 2 progress: 20% (200/1000)
[12-16 09:57:34 MainThread @decentralized_fqi_matrix.py:453]   Agent 2 progress: 30% (300/1000)
[12-16 09:57:34 MainThread @decentralized_fqi_matrix.py:453]   Agent 2 progress: 40% (400/1000)
[12-16 09:57:34 MainThread @decentralized_fqi_matrix.py:453]   Agent 2 progress: 50% (500/1000)
[12-16 09:57:34 MainThread @decentralized_fqi_matrix.py:453]   Agent 2 progress: 60% (600/1000)
[12-16 09:57:34 MainThread @decentralized_fqi_matrix.py:453]   Agent 2 progress: 70% (700/1000)
[12-16 09:57:34 MainThread @decentralized_fqi_matrix.py:453]   Agent 2 progress: 80% (800/1000)
[12-16 09:57:34 MainThread @decentralized_fqi_matrix.py:453]   Agent 2 progress: 90% (900/1000)
[12-16 09:57:34 MainThread @decentralized_fqi_matrix.py:486]   Agent 2 completed: avg Nash time=0.00ms
[12-16 09:57:34 MainThread @decentralized_fqi_matrix.py:379] Computing targets for agent 3/6...
[12-16 09:57:34 MainThread @decentralized_fqi_matrix.py:453]   Agent 3 progress: 10% (100/1000)
[12-16 09:57:34 MainThread @decentralized_fqi_matrix.py:453]   Agent 3 progress: 20% (200/1000)
[12-16 09:57:34 MainThread @decentralized_fqi_matrix.py:453]   Agent 3 progress: 30% (300/1000)
[12-16 09:57:34 MainThread @decentralized_fqi_matrix.py:453]   Agent 3 progress: 40% (400/1000)
[12-16 09:57:34 MainThread @decentralized_fqi_matrix.py:453]   Agent 3 progress: 50% (500/1000)
[12-16 09:57:34 MainThread @decentralized_fqi_matrix.py:453]   Agent 3 progress: 60% (600/1000)
[12-16 09:57:34 MainThread @decentralized_fqi_matrix.py:453]   Agent 3 progress: 70% (700/1000)
[12-16 09:57:34 MainThread @decentralized_fqi_matrix.py:453]   Agent 3 progress: 80% (800/1000)
[12-16 09:57:34 MainThread @decentralized_fqi_matrix.py:453]   Agent 3 progress: 90% (900/1000)
[12-16 09:57:34 MainThread @decentralized_fqi_matrix.py:486]   Agent 3 completed: avg Nash time=0.00ms
[12-16 09:57:34 MainThread @decentralized_fqi_matrix.py:379] Computing targets for agent 4/6...
[12-16 09:57:34 MainThread @decentralized_fqi_matrix.py:453]   Agent 4 progress: 10% (100/1000)
[12-16 09:57:34 MainThread @decentralized_fqi_matrix.py:453]   Agent 4 progress: 20% (200/1000)
[12-16 09:57:34 MainThread @decentralized_fqi_matrix.py:453]   Agent 4 progress: 30% (300/1000)
[12-16 09:57:34 MainThread @decentralized_fqi_matrix.py:453]   Agent 4 progress: 40% (400/1000)
[12-16 09:57:34 MainThread @decentralized_fqi_matrix.py:453]   Agent 4 progress: 50% (500/1000)
[12-16 09:57:34 MainThread @decentralized_fqi_matrix.py:453]   Agent 4 progress: 60% (600/1000)
[12-16 09:57:34 MainThread @decentralized_fqi_matrix.py:453]   Agent 4 progress: 70% (700/1000)
[12-16 09:57:34 MainThread @decentralized_fqi_matrix.py:453]   Agent 4 progress: 80% (800/1000)
[12-16 09:57:34 MainThread @decentralized_fqi_matrix.py:453]   Agent 4 progress: 90% (900/1000)
[12-16 09:57:34 MainThread @decentralized_fqi_matrix.py:486]   Agent 4 completed: avg Nash time=0.00ms
[12-16 09:57:34 MainThread @decentralized_fqi_matrix.py:379] Computing targets for agent 5/6...
[12-16 09:57:34 MainThread @decentralized_fqi_matrix.py:453]   Agent 5 progress: 10% (100/1000)
[12-16 09:57:34 MainThread @decentralized_fqi_matrix.py:453]   Agent 5 progress: 20% (200/1000)
[12-16 09:57:34 MainThread @decentralized_fqi_matrix.py:453]   Agent 5 progress: 30% (300/1000)
[12-16 09:57:34 MainThread @decentralized_fqi_matrix.py:453]   Agent 5 progress: 40% (400/1000)
[12-16 09:57:34 MainThread @decentralized_fqi_matrix.py:453]   Agent 5 progress: 50% (500/1000)
[12-16 09:57:34 MainThread @decentralized_fqi_matrix.py:453]   Agent 5 progress: 60% (600/1000)
[12-16 09:57:34 MainThread @decentralized_fqi_matrix.py:453]   Agent 5 progress: 70% (700/1000)
[12-16 09:57:34 MainThread @decentralized_fqi_matrix.py:453]   Agent 5 progress: 80% (800/1000)
[12-16 09:57:34 MainThread @decentralized_fqi_matrix.py:453]   Agent 5 progress: 90% (900/1000)
[12-16 09:57:34 MainThread @decentralized_fqi_matrix.py:486]   Agent 5 completed: avg Nash time=0.00ms
[12-16 09:57:34 MainThread @decentralized_fqi_matrix.py:379] Computing targets for agent 6/6...
[12-16 09:57:34 MainThread @decentralized_fqi_matrix.py:453]   Agent 6 progress: 10% (100/1000)
[12-16 09:57:34 MainThread @decentralized_fqi_matrix.py:453]   Agent 6 progress: 20% (200/1000)
[12-16 09:57:34 MainThread @decentralized_fqi_matrix.py:453]   Agent 6 progress: 30% (300/1000)
[12-16 09:57:34 MainThread @decentralized_fqi_matrix.py:453]   Agent 6 progress: 40% (400/1000)
[12-16 09:57:34 MainThread @decentralized_fqi_matrix.py:453]   Agent 6 progress: 50% (500/1000)
[12-16 09:57:34 MainThread @decentralized_fqi_matrix.py:453]   Agent 6 progress: 60% (600/1000)
[12-16 09:57:34 MainThread @decentralized_fqi_matrix.py:453]   Agent 6 progress: 70% (700/1000)
[12-16 09:57:34 MainThread @decentralized_fqi_matrix.py:453]   Agent 6 progress: 80% (800/1000)
[12-16 09:57:34 MainThread @decentralized_fqi_matrix.py:453]   Agent 6 progress: 90% (900/1000)
[12-16 09:57:34 MainThread @decentralized_fqi_matrix.py:486]   Agent 6 completed: avg Nash time=0.00ms
[12-16 09:57:34 MainThread @decentralized_fqi_matrix.py:389] Mean Nash solving time: 0.0000s
[12-16 09:57:34 MainThread @decentralized_fqi_matrix.py:393] Nash cache: 0.0% hit rate (0 hits, 12 misses, 12 cached)
[12-16 09:57:34 MainThread @decentralized_fqi_matrix.py:398] Solving (4) by DIGing decentralized optimization...
[12-16 09:57:36 MainThread @decentralized_fqi_matrix.py:417] Iteration 41 completed: loss=0.4579, td_error=0.5347, consensus_error=0.001225
[12-16 09:57:36 MainThread @decentralized_fqi_matrix.py:573]   [收敛检测] Loss趋势: +0.0008, 波动std: 0.0003
[12-16 09:57:36 MainThread @decentralized_fqi_matrix.py:581]   ✓ Loss已稳定(std=0.0003), 可能已收敛
[12-16 09:57:36 MainThread @decentralized_fqi_matrix.py:369] 
=== Fitted Q-Iteration 42/100 ===
[12-16 09:57:36 MainThread @decentralized_fqi_matrix.py:379] Computing targets for agent 1/6...
[12-16 09:57:36 MainThread @decentralized_fqi_matrix.py:453]   Agent 1 progress: 10% (100/1000)
[12-16 09:57:36 MainThread @decentralized_fqi_matrix.py:453]   Agent 1 progress: 20% (200/1000)
[12-16 09:57:36 MainThread @decentralized_fqi_matrix.py:453]   Agent 1 progress: 30% (300/1000)
[12-16 09:57:36 MainThread @decentralized_fqi_matrix.py:453]   Agent 1 progress: 40% (400/1000)
[12-16 09:57:36 MainThread @decentralized_fqi_matrix.py:453]   Agent 1 progress: 50% (500/1000)
[12-16 09:57:36 MainThread @decentralized_fqi_matrix.py:453]   Agent 1 progress: 60% (600/1000)
[12-16 09:57:36 MainThread @decentralized_fqi_matrix.py:453]   Agent 1 progress: 70% (700/1000)
[12-16 09:57:36 MainThread @decentralized_fqi_matrix.py:453]   Agent 1 progress: 80% (800/1000)
[12-16 09:57:36 MainThread @decentralized_fqi_matrix.py:453]   Agent 1 progress: 90% (900/1000)
[12-16 09:57:36 MainThread @decentralized_fqi_matrix.py:486]   Agent 1 completed: avg Nash time=0.00ms
[12-16 09:57:36 MainThread @decentralized_fqi_matrix.py:379] Computing targets for agent 2/6...
[12-16 09:57:36 MainThread @decentralized_fqi_matrix.py:453]   Agent 2 progress: 10% (100/1000)
[12-16 09:57:36 MainThread @decentralized_fqi_matrix.py:453]   Agent 2 progress: 20% (200/1000)
[12-16 09:57:36 MainThread @decentralized_fqi_matrix.py:453]   Agent 2 progress: 30% (300/1000)
[12-16 09:57:36 MainThread @decentralized_fqi_matrix.py:453]   Agent 2 progress: 40% (400/1000)
[12-16 09:57:36 MainThread @decentralized_fqi_matrix.py:453]   Agent 2 progress: 50% (500/1000)
[12-16 09:57:36 MainThread @decentralized_fqi_matrix.py:453]   Agent 2 progress: 60% (600/1000)
[12-16 09:57:36 MainThread @decentralized_fqi_matrix.py:453]   Agent 2 progress: 70% (700/1000)
[12-16 09:57:36 MainThread @decentralized_fqi_matrix.py:453]   Agent 2 progress: 80% (800/1000)
[12-16 09:57:36 MainThread @decentralized_fqi_matrix.py:453]   Agent 2 progress: 90% (900/1000)
[12-16 09:57:36 MainThread @decentralized_fqi_matrix.py:486]   Agent 2 completed: avg Nash time=0.00ms
[12-16 09:57:36 MainThread @decentralized_fqi_matrix.py:379] Computing targets for agent 3/6...
[12-16 09:57:36 MainThread @decentralized_fqi_matrix.py:453]   Agent 3 progress: 10% (100/1000)
[12-16 09:57:36 MainThread @decentralized_fqi_matrix.py:453]   Agent 3 progress: 20% (200/1000)
[12-16 09:57:36 MainThread @decentralized_fqi_matrix.py:453]   Agent 3 progress: 30% (300/1000)
[12-16 09:57:36 MainThread @decentralized_fqi_matrix.py:453]   Agent 3 progress: 40% (400/1000)
[12-16 09:57:36 MainThread @decentralized_fqi_matrix.py:453]   Agent 3 progress: 50% (500/1000)
[12-16 09:57:36 MainThread @decentralized_fqi_matrix.py:453]   Agent 3 progress: 60% (600/1000)
[12-16 09:57:36 MainThread @decentralized_fqi_matrix.py:453]   Agent 3 progress: 70% (700/1000)
[12-16 09:57:36 MainThread @decentralized_fqi_matrix.py:453]   Agent 3 progress: 80% (800/1000)
[12-16 09:57:36 MainThread @decentralized_fqi_matrix.py:453]   Agent 3 progress: 90% (900/1000)
[12-16 09:57:36 MainThread @decentralized_fqi_matrix.py:486]   Agent 3 completed: avg Nash time=0.00ms
[12-16 09:57:36 MainThread @decentralized_fqi_matrix.py:379] Computing targets for agent 4/6...
[12-16 09:57:36 MainThread @decentralized_fqi_matrix.py:453]   Agent 4 progress: 10% (100/1000)
[12-16 09:57:36 MainThread @decentralized_fqi_matrix.py:453]   Agent 4 progress: 20% (200/1000)
[12-16 09:57:36 MainThread @decentralized_fqi_matrix.py:453]   Agent 4 progress: 30% (300/1000)
[12-16 09:57:36 MainThread @decentralized_fqi_matrix.py:453]   Agent 4 progress: 40% (400/1000)
[12-16 09:57:36 MainThread @decentralized_fqi_matrix.py:453]   Agent 4 progress: 50% (500/1000)
[12-16 09:57:36 MainThread @decentralized_fqi_matrix.py:453]   Agent 4 progress: 60% (600/1000)
[12-16 09:57:36 MainThread @decentralized_fqi_matrix.py:453]   Agent 4 progress: 70% (700/1000)
[12-16 09:57:36 MainThread @decentralized_fqi_matrix.py:453]   Agent 4 progress: 80% (800/1000)
[12-16 09:57:36 MainThread @decentralized_fqi_matrix.py:453]   Agent 4 progress: 90% (900/1000)
[12-16 09:57:36 MainThread @decentralized_fqi_matrix.py:486]   Agent 4 completed: avg Nash time=0.00ms
[12-16 09:57:36 MainThread @decentralized_fqi_matrix.py:379] Computing targets for agent 5/6...
[12-16 09:57:36 MainThread @decentralized_fqi_matrix.py:453]   Agent 5 progress: 10% (100/1000)
[12-16 09:57:36 MainThread @decentralized_fqi_matrix.py:453]   Agent 5 progress: 20% (200/1000)
[12-16 09:57:36 MainThread @decentralized_fqi_matrix.py:453]   Agent 5 progress: 30% (300/1000)
[12-16 09:57:36 MainThread @decentralized_fqi_matrix.py:453]   Agent 5 progress: 40% (400/1000)
[12-16 09:57:36 MainThread @decentralized_fqi_matrix.py:453]   Agent 5 progress: 50% (500/1000)
[12-16 09:57:36 MainThread @decentralized_fqi_matrix.py:453]   Agent 5 progress: 60% (600/1000)
[12-16 09:57:36 MainThread @decentralized_fqi_matrix.py:453]   Agent 5 progress: 70% (700/1000)
[12-16 09:57:36 MainThread @decentralized_fqi_matrix.py:453]   Agent 5 progress: 80% (800/1000)
[12-16 09:57:36 MainThread @decentralized_fqi_matrix.py:453]   Agent 5 progress: 90% (900/1000)
[12-16 09:57:36 MainThread @decentralized_fqi_matrix.py:486]   Agent 5 completed: avg Nash time=0.00ms
[12-16 09:57:36 MainThread @decentralized_fqi_matrix.py:379] Computing targets for agent 6/6...
[12-16 09:57:36 MainThread @decentralized_fqi_matrix.py:453]   Agent 6 progress: 10% (100/1000)
[12-16 09:57:36 MainThread @decentralized_fqi_matrix.py:453]   Agent 6 progress: 20% (200/1000)
[12-16 09:57:36 MainThread @decentralized_fqi_matrix.py:453]   Agent 6 progress: 30% (300/1000)
[12-16 09:57:36 MainThread @decentralized_fqi_matrix.py:453]   Agent 6 progress: 40% (400/1000)
[12-16 09:57:36 MainThread @decentralized_fqi_matrix.py:453]   Agent 6 progress: 50% (500/1000)
[12-16 09:57:36 MainThread @decentralized_fqi_matrix.py:453]   Agent 6 progress: 60% (600/1000)
[12-16 09:57:36 MainThread @decentralized_fqi_matrix.py:453]   Agent 6 progress: 70% (700/1000)
[12-16 09:57:36 MainThread @decentralized_fqi_matrix.py:453]   Agent 6 progress: 80% (800/1000)
[12-16 09:57:36 MainThread @decentralized_fqi_matrix.py:453]   Agent 6 progress: 90% (900/1000)
[12-16 09:57:36 MainThread @decentralized_fqi_matrix.py:486]   Agent 6 completed: avg Nash time=0.00ms
[12-16 09:57:36 MainThread @decentralized_fqi_matrix.py:389] Mean Nash solving time: 0.0000s
[12-16 09:57:36 MainThread @decentralized_fqi_matrix.py:393] Nash cache: 0.0% hit rate (0 hits, 12 misses, 12 cached)
[12-16 09:57:36 MainThread @decentralized_fqi_matrix.py:398] Solving (4) by DIGing decentralized optimization...
[12-16 09:57:38 MainThread @decentralized_fqi_matrix.py:417] Iteration 42 completed: loss=0.4587, td_error=0.5357, consensus_error=0.002371
[12-16 09:57:38 MainThread @decentralized_fqi_matrix.py:573]   [收敛检测] Loss趋势: -0.0002, 波动std: 0.0003
[12-16 09:57:38 MainThread @decentralized_fqi_matrix.py:581]   ✓ Loss已稳定(std=0.0003), 可能已收敛
[12-16 09:57:38 MainThread @decentralized_fqi_matrix.py:369] 
=== Fitted Q-Iteration 43/100 ===
[12-16 09:57:38 MainThread @decentralized_fqi_matrix.py:379] Computing targets for agent 1/6...
[12-16 09:57:38 MainThread @decentralized_fqi_matrix.py:453]   Agent 1 progress: 10% (100/1000)
[12-16 09:57:38 MainThread @decentralized_fqi_matrix.py:453]   Agent 1 progress: 20% (200/1000)
[12-16 09:57:38 MainThread @decentralized_fqi_matrix.py:453]   Agent 1 progress: 30% (300/1000)
[12-16 09:57:38 MainThread @decentralized_fqi_matrix.py:453]   Agent 1 progress: 40% (400/1000)
[12-16 09:57:38 MainThread @decentralized_fqi_matrix.py:453]   Agent 1 progress: 50% (500/1000)
[12-16 09:57:38 MainThread @decentralized_fqi_matrix.py:453]   Agent 1 progress: 60% (600/1000)
[12-16 09:57:38 MainThread @decentralized_fqi_matrix.py:453]   Agent 1 progress: 70% (700/1000)
[12-16 09:57:38 MainThread @decentralized_fqi_matrix.py:453]   Agent 1 progress: 80% (800/1000)
[12-16 09:57:38 MainThread @decentralized_fqi_matrix.py:453]   Agent 1 progress: 90% (900/1000)
[12-16 09:57:38 MainThread @decentralized_fqi_matrix.py:486]   Agent 1 completed: avg Nash time=0.00ms
[12-16 09:57:38 MainThread @decentralized_fqi_matrix.py:379] Computing targets for agent 2/6...
[12-16 09:57:38 MainThread @decentralized_fqi_matrix.py:453]   Agent 2 progress: 10% (100/1000)
[12-16 09:57:38 MainThread @decentralized_fqi_matrix.py:453]   Agent 2 progress: 20% (200/1000)
[12-16 09:57:38 MainThread @decentralized_fqi_matrix.py:453]   Agent 2 progress: 30% (300/1000)
[12-16 09:57:38 MainThread @decentralized_fqi_matrix.py:453]   Agent 2 progress: 40% (400/1000)
[12-16 09:57:38 MainThread @decentralized_fqi_matrix.py:453]   Agent 2 progress: 50% (500/1000)
[12-16 09:57:38 MainThread @decentralized_fqi_matrix.py:453]   Agent 2 progress: 60% (600/1000)
[12-16 09:57:38 MainThread @decentralized_fqi_matrix.py:453]   Agent 2 progress: 70% (700/1000)
[12-16 09:57:38 MainThread @decentralized_fqi_matrix.py:453]   Agent 2 progress: 80% (800/1000)
[12-16 09:57:38 MainThread @decentralized_fqi_matrix.py:453]   Agent 2 progress: 90% (900/1000)
[12-16 09:57:38 MainThread @decentralized_fqi_matrix.py:486]   Agent 2 completed: avg Nash time=0.00ms
[12-16 09:57:38 MainThread @decentralized_fqi_matrix.py:379] Computing targets for agent 3/6...
[12-16 09:57:38 MainThread @decentralized_fqi_matrix.py:453]   Agent 3 progress: 10% (100/1000)
[12-16 09:57:38 MainThread @decentralized_fqi_matrix.py:453]   Agent 3 progress: 20% (200/1000)
[12-16 09:57:38 MainThread @decentralized_fqi_matrix.py:453]   Agent 3 progress: 30% (300/1000)
[12-16 09:57:38 MainThread @decentralized_fqi_matrix.py:453]   Agent 3 progress: 40% (400/1000)
[12-16 09:57:38 MainThread @decentralized_fqi_matrix.py:453]   Agent 3 progress: 50% (500/1000)
[12-16 09:57:38 MainThread @decentralized_fqi_matrix.py:453]   Agent 3 progress: 60% (600/1000)
[12-16 09:57:38 MainThread @decentralized_fqi_matrix.py:453]   Agent 3 progress: 70% (700/1000)
[12-16 09:57:38 MainThread @decentralized_fqi_matrix.py:453]   Agent 3 progress: 80% (800/1000)
[12-16 09:57:38 MainThread @decentralized_fqi_matrix.py:453]   Agent 3 progress: 90% (900/1000)
[12-16 09:57:38 MainThread @decentralized_fqi_matrix.py:486]   Agent 3 completed: avg Nash time=0.00ms
[12-16 09:57:38 MainThread @decentralized_fqi_matrix.py:379] Computing targets for agent 4/6...
[12-16 09:57:38 MainThread @decentralized_fqi_matrix.py:453]   Agent 4 progress: 10% (100/1000)
[12-16 09:57:38 MainThread @decentralized_fqi_matrix.py:453]   Agent 4 progress: 20% (200/1000)
[12-16 09:57:38 MainThread @decentralized_fqi_matrix.py:453]   Agent 4 progress: 30% (300/1000)
[12-16 09:57:38 MainThread @decentralized_fqi_matrix.py:453]   Agent 4 progress: 40% (400/1000)
[12-16 09:57:38 MainThread @decentralized_fqi_matrix.py:453]   Agent 4 progress: 50% (500/1000)
[12-16 09:57:38 MainThread @decentralized_fqi_matrix.py:453]   Agent 4 progress: 60% (600/1000)
[12-16 09:57:38 MainThread @decentralized_fqi_matrix.py:453]   Agent 4 progress: 70% (700/1000)
[12-16 09:57:38 MainThread @decentralized_fqi_matrix.py:453]   Agent 4 progress: 80% (800/1000)
[12-16 09:57:38 MainThread @decentralized_fqi_matrix.py:453]   Agent 4 progress: 90% (900/1000)
[12-16 09:57:38 MainThread @decentralized_fqi_matrix.py:486]   Agent 4 completed: avg Nash time=0.00ms
[12-16 09:57:38 MainThread @decentralized_fqi_matrix.py:379] Computing targets for agent 5/6...
[12-16 09:57:38 MainThread @decentralized_fqi_matrix.py:453]   Agent 5 progress: 10% (100/1000)
[12-16 09:57:38 MainThread @decentralized_fqi_matrix.py:453]   Agent 5 progress: 20% (200/1000)
[12-16 09:57:38 MainThread @decentralized_fqi_matrix.py:453]   Agent 5 progress: 30% (300/1000)
[12-16 09:57:38 MainThread @decentralized_fqi_matrix.py:453]   Agent 5 progress: 40% (400/1000)
[12-16 09:57:38 MainThread @decentralized_fqi_matrix.py:453]   Agent 5 progress: 50% (500/1000)
[12-16 09:57:38 MainThread @decentralized_fqi_matrix.py:453]   Agent 5 progress: 60% (600/1000)
[12-16 09:57:38 MainThread @decentralized_fqi_matrix.py:453]   Agent 5 progress: 70% (700/1000)
[12-16 09:57:38 MainThread @decentralized_fqi_matrix.py:453]   Agent 5 progress: 80% (800/1000)
[12-16 09:57:38 MainThread @decentralized_fqi_matrix.py:453]   Agent 5 progress: 90% (900/1000)
[12-16 09:57:38 MainThread @decentralized_fqi_matrix.py:486]   Agent 5 completed: avg Nash time=0.00ms
[12-16 09:57:38 MainThread @decentralized_fqi_matrix.py:379] Computing targets for agent 6/6...
[12-16 09:57:38 MainThread @decentralized_fqi_matrix.py:453]   Agent 6 progress: 10% (100/1000)
[12-16 09:57:38 MainThread @decentralized_fqi_matrix.py:453]   Agent 6 progress: 20% (200/1000)
[12-16 09:57:38 MainThread @decentralized_fqi_matrix.py:453]   Agent 6 progress: 30% (300/1000)
[12-16 09:57:38 MainThread @decentralized_fqi_matrix.py:453]   Agent 6 progress: 40% (400/1000)
[12-16 09:57:38 MainThread @decentralized_fqi_matrix.py:453]   Agent 6 progress: 50% (500/1000)
[12-16 09:57:38 MainThread @decentralized_fqi_matrix.py:453]   Agent 6 progress: 60% (600/1000)
[12-16 09:57:38 MainThread @decentralized_fqi_matrix.py:453]   Agent 6 progress: 70% (700/1000)
[12-16 09:57:38 MainThread @decentralized_fqi_matrix.py:453]   Agent 6 progress: 80% (800/1000)
[12-16 09:57:38 MainThread @decentralized_fqi_matrix.py:453]   Agent 6 progress: 90% (900/1000)
[12-16 09:57:38 MainThread @decentralized_fqi_matrix.py:486]   Agent 6 completed: avg Nash time=0.00ms
[12-16 09:57:38 MainThread @decentralized_fqi_matrix.py:389] Mean Nash solving time: 0.0000s
[12-16 09:57:38 MainThread @decentralized_fqi_matrix.py:393] Nash cache: 0.0% hit rate (0 hits, 12 misses, 12 cached)
[12-16 09:57:38 MainThread @decentralized_fqi_matrix.py:398] Solving (4) by DIGing decentralized optimization...
[12-16 09:57:39 MainThread @decentralized_fqi_matrix.py:417] Iteration 43 completed: loss=0.4590, td_error=0.5362, consensus_error=0.000464
[12-16 09:57:39 MainThread @decentralized_fqi_matrix.py:573]   [收敛检测] Loss趋势: -0.0012, 波动std: 0.0005
[12-16 09:57:39 MainThread @decentralized_fqi_matrix.py:581]   ✓ Loss已稳定(std=0.0005), 可能已收敛
[12-16 09:57:39 MainThread @decentralized_fqi_matrix.py:369] 
=== Fitted Q-Iteration 44/100 ===
[12-16 09:57:39 MainThread @decentralized_fqi_matrix.py:379] Computing targets for agent 1/6...
[12-16 09:57:39 MainThread @decentralized_fqi_matrix.py:453]   Agent 1 progress: 10% (100/1000)
[12-16 09:57:39 MainThread @decentralized_fqi_matrix.py:453]   Agent 1 progress: 20% (200/1000)
[12-16 09:57:39 MainThread @decentralized_fqi_matrix.py:453]   Agent 1 progress: 30% (300/1000)
[12-16 09:57:39 MainThread @decentralized_fqi_matrix.py:453]   Agent 1 progress: 40% (400/1000)
[12-16 09:57:39 MainThread @decentralized_fqi_matrix.py:453]   Agent 1 progress: 50% (500/1000)
[12-16 09:57:39 MainThread @decentralized_fqi_matrix.py:453]   Agent 1 progress: 60% (600/1000)
[12-16 09:57:39 MainThread @decentralized_fqi_matrix.py:453]   Agent 1 progress: 70% (700/1000)
[12-16 09:57:39 MainThread @decentralized_fqi_matrix.py:453]   Agent 1 progress: 80% (800/1000)
[12-16 09:57:39 MainThread @decentralized_fqi_matrix.py:453]   Agent 1 progress: 90% (900/1000)
[12-16 09:57:39 MainThread @decentralized_fqi_matrix.py:486]   Agent 1 completed: avg Nash time=0.00ms
[12-16 09:57:39 MainThread @decentralized_fqi_matrix.py:379] Computing targets for agent 2/6...
[12-16 09:57:39 MainThread @decentralized_fqi_matrix.py:453]   Agent 2 progress: 10% (100/1000)
[12-16 09:57:39 MainThread @decentralized_fqi_matrix.py:453]   Agent 2 progress: 20% (200/1000)
[12-16 09:57:39 MainThread @decentralized_fqi_matrix.py:453]   Agent 2 progress: 30% (300/1000)
[12-16 09:57:39 MainThread @decentralized_fqi_matrix.py:453]   Agent 2 progress: 40% (400/1000)
[12-16 09:57:39 MainThread @decentralized_fqi_matrix.py:453]   Agent 2 progress: 50% (500/1000)
[12-16 09:57:39 MainThread @decentralized_fqi_matrix.py:453]   Agent 2 progress: 60% (600/1000)
[12-16 09:57:39 MainThread @decentralized_fqi_matrix.py:453]   Agent 2 progress: 70% (700/1000)
[12-16 09:57:39 MainThread @decentralized_fqi_matrix.py:453]   Agent 2 progress: 80% (800/1000)
[12-16 09:57:39 MainThread @decentralized_fqi_matrix.py:453]   Agent 2 progress: 90% (900/1000)
[12-16 09:57:39 MainThread @decentralized_fqi_matrix.py:486]   Agent 2 completed: avg Nash time=0.00ms
[12-16 09:57:39 MainThread @decentralized_fqi_matrix.py:379] Computing targets for agent 3/6...
[12-16 09:57:39 MainThread @decentralized_fqi_matrix.py:453]   Agent 3 progress: 10% (100/1000)
[12-16 09:57:39 MainThread @decentralized_fqi_matrix.py:453]   Agent 3 progress: 20% (200/1000)
[12-16 09:57:39 MainThread @decentralized_fqi_matrix.py:453]   Agent 3 progress: 30% (300/1000)
[12-16 09:57:39 MainThread @decentralized_fqi_matrix.py:453]   Agent 3 progress: 40% (400/1000)
[12-16 09:57:39 MainThread @decentralized_fqi_matrix.py:453]   Agent 3 progress: 50% (500/1000)
[12-16 09:57:39 MainThread @decentralized_fqi_matrix.py:453]   Agent 3 progress: 60% (600/1000)
[12-16 09:57:39 MainThread @decentralized_fqi_matrix.py:453]   Agent 3 progress: 70% (700/1000)
[12-16 09:57:39 MainThread @decentralized_fqi_matrix.py:453]   Agent 3 progress: 80% (800/1000)
[12-16 09:57:39 MainThread @decentralized_fqi_matrix.py:453]   Agent 3 progress: 90% (900/1000)
[12-16 09:57:39 MainThread @decentralized_fqi_matrix.py:486]   Agent 3 completed: avg Nash time=0.00ms
[12-16 09:57:39 MainThread @decentralized_fqi_matrix.py:379] Computing targets for agent 4/6...
[12-16 09:57:39 MainThread @decentralized_fqi_matrix.py:453]   Agent 4 progress: 10% (100/1000)
[12-16 09:57:39 MainThread @decentralized_fqi_matrix.py:453]   Agent 4 progress: 20% (200/1000)
[12-16 09:57:39 MainThread @decentralized_fqi_matrix.py:453]   Agent 4 progress: 30% (300/1000)
[12-16 09:57:39 MainThread @decentralized_fqi_matrix.py:453]   Agent 4 progress: 40% (400/1000)
[12-16 09:57:39 MainThread @decentralized_fqi_matrix.py:453]   Agent 4 progress: 50% (500/1000)
[12-16 09:57:39 MainThread @decentralized_fqi_matrix.py:453]   Agent 4 progress: 60% (600/1000)
[12-16 09:57:39 MainThread @decentralized_fqi_matrix.py:453]   Agent 4 progress: 70% (700/1000)
[12-16 09:57:39 MainThread @decentralized_fqi_matrix.py:453]   Agent 4 progress: 80% (800/1000)
[12-16 09:57:39 MainThread @decentralized_fqi_matrix.py:453]   Agent 4 progress: 90% (900/1000)
[12-16 09:57:39 MainThread @decentralized_fqi_matrix.py:486]   Agent 4 completed: avg Nash time=0.00ms
[12-16 09:57:39 MainThread @decentralized_fqi_matrix.py:379] Computing targets for agent 5/6...
[12-16 09:57:39 MainThread @decentralized_fqi_matrix.py:453]   Agent 5 progress: 10% (100/1000)
[12-16 09:57:39 MainThread @decentralized_fqi_matrix.py:453]   Agent 5 progress: 20% (200/1000)
[12-16 09:57:39 MainThread @decentralized_fqi_matrix.py:453]   Agent 5 progress: 30% (300/1000)
[12-16 09:57:39 MainThread @decentralized_fqi_matrix.py:453]   Agent 5 progress: 40% (400/1000)
[12-16 09:57:39 MainThread @decentralized_fqi_matrix.py:453]   Agent 5 progress: 50% (500/1000)
[12-16 09:57:39 MainThread @decentralized_fqi_matrix.py:453]   Agent 5 progress: 60% (600/1000)
[12-16 09:57:39 MainThread @decentralized_fqi_matrix.py:453]   Agent 5 progress: 70% (700/1000)
[12-16 09:57:39 MainThread @decentralized_fqi_matrix.py:453]   Agent 5 progress: 80% (800/1000)
[12-16 09:57:39 MainThread @decentralized_fqi_matrix.py:453]   Agent 5 progress: 90% (900/1000)
[12-16 09:57:39 MainThread @decentralized_fqi_matrix.py:486]   Agent 5 completed: avg Nash time=0.00ms
[12-16 09:57:39 MainThread @decentralized_fqi_matrix.py:379] Computing targets for agent 6/6...
[12-16 09:57:39 MainThread @decentralized_fqi_matrix.py:453]   Agent 6 progress: 10% (100/1000)
[12-16 09:57:39 MainThread @decentralized_fqi_matrix.py:453]   Agent 6 progress: 20% (200/1000)
[12-16 09:57:39 MainThread @decentralized_fqi_matrix.py:453]   Agent 6 progress: 30% (300/1000)
[12-16 09:57:39 MainThread @decentralized_fqi_matrix.py:453]   Agent 6 progress: 40% (400/1000)
[12-16 09:57:39 MainThread @decentralized_fqi_matrix.py:453]   Agent 6 progress: 50% (500/1000)
[12-16 09:57:39 MainThread @decentralized_fqi_matrix.py:453]   Agent 6 progress: 60% (600/1000)
[12-16 09:57:39 MainThread @decentralized_fqi_matrix.py:453]   Agent 6 progress: 70% (700/1000)
[12-16 09:57:39 MainThread @decentralized_fqi_matrix.py:453]   Agent 6 progress: 80% (800/1000)
[12-16 09:57:39 MainThread @decentralized_fqi_matrix.py:453]   Agent 6 progress: 90% (900/1000)
[12-16 09:57:39 MainThread @decentralized_fqi_matrix.py:486]   Agent 6 completed: avg Nash time=0.00ms
[12-16 09:57:39 MainThread @decentralized_fqi_matrix.py:389] Mean Nash solving time: 0.0000s
[12-16 09:57:39 MainThread @decentralized_fqi_matrix.py:393] Nash cache: 0.0% hit rate (0 hits, 12 misses, 12 cached)
[12-16 09:57:39 MainThread @decentralized_fqi_matrix.py:398] Solving (4) by DIGing decentralized optimization...
[12-16 09:57:41 MainThread @decentralized_fqi_matrix.py:417] Iteration 44 completed: loss=0.4584, td_error=0.5357, consensus_error=0.000788
[12-16 09:57:41 MainThread @decentralized_fqi_matrix.py:573]   [收敛检测] Loss趋势: -0.0002, 波动std: 0.0004
[12-16 09:57:41 MainThread @decentralized_fqi_matrix.py:581]   ✓ Loss已稳定(std=0.0004), 可能已收敛
[12-16 09:57:41 MainThread @decentralized_fqi_matrix.py:369] 
=== Fitted Q-Iteration 45/100 ===
[12-16 09:57:41 MainThread @decentralized_fqi_matrix.py:379] Computing targets for agent 1/6...
[12-16 09:57:41 MainThread @decentralized_fqi_matrix.py:453]   Agent 1 progress: 10% (100/1000)
[12-16 09:57:41 MainThread @decentralized_fqi_matrix.py:453]   Agent 1 progress: 20% (200/1000)
[12-16 09:57:41 MainThread @decentralized_fqi_matrix.py:453]   Agent 1 progress: 30% (300/1000)
[12-16 09:57:41 MainThread @decentralized_fqi_matrix.py:453]   Agent 1 progress: 40% (400/1000)
[12-16 09:57:41 MainThread @decentralized_fqi_matrix.py:453]   Agent 1 progress: 50% (500/1000)
[12-16 09:57:41 MainThread @decentralized_fqi_matrix.py:453]   Agent 1 progress: 60% (600/1000)
[12-16 09:57:41 MainThread @decentralized_fqi_matrix.py:453]   Agent 1 progress: 70% (700/1000)
[12-16 09:57:41 MainThread @decentralized_fqi_matrix.py:453]   Agent 1 progress: 80% (800/1000)
[12-16 09:57:41 MainThread @decentralized_fqi_matrix.py:453]   Agent 1 progress: 90% (900/1000)
[12-16 09:57:41 MainThread @decentralized_fqi_matrix.py:486]   Agent 1 completed: avg Nash time=0.00ms
[12-16 09:57:41 MainThread @decentralized_fqi_matrix.py:379] Computing targets for agent 2/6...
[12-16 09:57:41 MainThread @decentralized_fqi_matrix.py:453]   Agent 2 progress: 10% (100/1000)
[12-16 09:57:41 MainThread @decentralized_fqi_matrix.py:453]   Agent 2 progress: 20% (200/1000)
[12-16 09:57:41 MainThread @decentralized_fqi_matrix.py:453]   Agent 2 progress: 30% (300/1000)
[12-16 09:57:41 MainThread @decentralized_fqi_matrix.py:453]   Agent 2 progress: 40% (400/1000)
[12-16 09:57:41 MainThread @decentralized_fqi_matrix.py:453]   Agent 2 progress: 50% (500/1000)
[12-16 09:57:41 MainThread @decentralized_fqi_matrix.py:453]   Agent 2 progress: 60% (600/1000)
[12-16 09:57:41 MainThread @decentralized_fqi_matrix.py:453]   Agent 2 progress: 70% (700/1000)
[12-16 09:57:41 MainThread @decentralized_fqi_matrix.py:453]   Agent 2 progress: 80% (800/1000)
[12-16 09:57:41 MainThread @decentralized_fqi_matrix.py:453]   Agent 2 progress: 90% (900/1000)
[12-16 09:57:41 MainThread @decentralized_fqi_matrix.py:486]   Agent 2 completed: avg Nash time=0.00ms
[12-16 09:57:41 MainThread @decentralized_fqi_matrix.py:379] Computing targets for agent 3/6...
[12-16 09:57:41 MainThread @decentralized_fqi_matrix.py:453]   Agent 3 progress: 10% (100/1000)
[12-16 09:57:41 MainThread @decentralized_fqi_matrix.py:453]   Agent 3 progress: 20% (200/1000)
[12-16 09:57:41 MainThread @decentralized_fqi_matrix.py:453]   Agent 3 progress: 30% (300/1000)
[12-16 09:57:41 MainThread @decentralized_fqi_matrix.py:453]   Agent 3 progress: 40% (400/1000)
[12-16 09:57:41 MainThread @decentralized_fqi_matrix.py:453]   Agent 3 progress: 50% (500/1000)
[12-16 09:57:41 MainThread @decentralized_fqi_matrix.py:453]   Agent 3 progress: 60% (600/1000)
[12-16 09:57:41 MainThread @decentralized_fqi_matrix.py:453]   Agent 3 progress: 70% (700/1000)
[12-16 09:57:41 MainThread @decentralized_fqi_matrix.py:453]   Agent 3 progress: 80% (800/1000)
[12-16 09:57:41 MainThread @decentralized_fqi_matrix.py:453]   Agent 3 progress: 90% (900/1000)
[12-16 09:57:41 MainThread @decentralized_fqi_matrix.py:486]   Agent 3 completed: avg Nash time=0.00ms
[12-16 09:57:41 MainThread @decentralized_fqi_matrix.py:379] Computing targets for agent 4/6...
[12-16 09:57:41 MainThread @decentralized_fqi_matrix.py:453]   Agent 4 progress: 10% (100/1000)
[12-16 09:57:41 MainThread @decentralized_fqi_matrix.py:453]   Agent 4 progress: 20% (200/1000)
[12-16 09:57:41 MainThread @decentralized_fqi_matrix.py:453]   Agent 4 progress: 30% (300/1000)
[12-16 09:57:41 MainThread @decentralized_fqi_matrix.py:453]   Agent 4 progress: 40% (400/1000)
[12-16 09:57:41 MainThread @decentralized_fqi_matrix.py:453]   Agent 4 progress: 50% (500/1000)
[12-16 09:57:41 MainThread @decentralized_fqi_matrix.py:453]   Agent 4 progress: 60% (600/1000)
[12-16 09:57:41 MainThread @decentralized_fqi_matrix.py:453]   Agent 4 progress: 70% (700/1000)
[12-16 09:57:41 MainThread @decentralized_fqi_matrix.py:453]   Agent 4 progress: 80% (800/1000)
[12-16 09:57:41 MainThread @decentralized_fqi_matrix.py:453]   Agent 4 progress: 90% (900/1000)
[12-16 09:57:41 MainThread @decentralized_fqi_matrix.py:486]   Agent 4 completed: avg Nash time=0.00ms
[12-16 09:57:41 MainThread @decentralized_fqi_matrix.py:379] Computing targets for agent 5/6...
[12-16 09:57:41 MainThread @decentralized_fqi_matrix.py:453]   Agent 5 progress: 10% (100/1000)
[12-16 09:57:41 MainThread @decentralized_fqi_matrix.py:453]   Agent 5 progress: 20% (200/1000)
[12-16 09:57:41 MainThread @decentralized_fqi_matrix.py:453]   Agent 5 progress: 30% (300/1000)
[12-16 09:57:41 MainThread @decentralized_fqi_matrix.py:453]   Agent 5 progress: 40% (400/1000)
[12-16 09:57:41 MainThread @decentralized_fqi_matrix.py:453]   Agent 5 progress: 50% (500/1000)
[12-16 09:57:41 MainThread @decentralized_fqi_matrix.py:453]   Agent 5 progress: 60% (600/1000)
[12-16 09:57:41 MainThread @decentralized_fqi_matrix.py:453]   Agent 5 progress: 70% (700/1000)
[12-16 09:57:41 MainThread @decentralized_fqi_matrix.py:453]   Agent 5 progress: 80% (800/1000)
[12-16 09:57:41 MainThread @decentralized_fqi_matrix.py:453]   Agent 5 progress: 90% (900/1000)
[12-16 09:57:41 MainThread @decentralized_fqi_matrix.py:486]   Agent 5 completed: avg Nash time=0.00ms
[12-16 09:57:41 MainThread @decentralized_fqi_matrix.py:379] Computing targets for agent 6/6...
[12-16 09:57:41 MainThread @decentralized_fqi_matrix.py:453]   Agent 6 progress: 10% (100/1000)
[12-16 09:57:41 MainThread @decentralized_fqi_matrix.py:453]   Agent 6 progress: 20% (200/1000)
[12-16 09:57:41 MainThread @decentralized_fqi_matrix.py:453]   Agent 6 progress: 30% (300/1000)
[12-16 09:57:41 MainThread @decentralized_fqi_matrix.py:453]   Agent 6 progress: 40% (400/1000)
[12-16 09:57:41 MainThread @decentralized_fqi_matrix.py:453]   Agent 6 progress: 50% (500/1000)
[12-16 09:57:41 MainThread @decentralized_fqi_matrix.py:453]   Agent 6 progress: 60% (600/1000)
[12-16 09:57:41 MainThread @decentralized_fqi_matrix.py:453]   Agent 6 progress: 70% (700/1000)
[12-16 09:57:41 MainThread @decentralized_fqi_matrix.py:453]   Agent 6 progress: 80% (800/1000)
[12-16 09:57:41 MainThread @decentralized_fqi_matrix.py:453]   Agent 6 progress: 90% (900/1000)
[12-16 09:57:41 MainThread @decentralized_fqi_matrix.py:486]   Agent 6 completed: avg Nash time=0.00ms
[12-16 09:57:41 MainThread @decentralized_fqi_matrix.py:389] Mean Nash solving time: 0.0000s
[12-16 09:57:41 MainThread @decentralized_fqi_matrix.py:393] Nash cache: 0.0% hit rate (0 hits, 12 misses, 12 cached)
[12-16 09:57:41 MainThread @decentralized_fqi_matrix.py:398] Solving (4) by DIGing decentralized optimization...
[12-16 09:57:43 MainThread @decentralized_fqi_matrix.py:417] Iteration 45 completed: loss=0.4582, td_error=0.5356, consensus_error=0.000879
[12-16 09:57:43 MainThread @decentralized_fqi_matrix.py:573]   [收敛检测] Loss趋势: -0.0003, 波动std: 0.0004
[12-16 09:57:43 MainThread @decentralized_fqi_matrix.py:581]   ✓ Loss已稳定(std=0.0004), 可能已收敛
[12-16 09:57:43 MainThread @decentralized_fqi_matrix.py:369] 
=== Fitted Q-Iteration 46/100 ===
[12-16 09:57:43 MainThread @decentralized_fqi_matrix.py:379] Computing targets for agent 1/6...
[12-16 09:57:43 MainThread @decentralized_fqi_matrix.py:453]   Agent 1 progress: 10% (100/1000)
[12-16 09:57:43 MainThread @decentralized_fqi_matrix.py:453]   Agent 1 progress: 20% (200/1000)
[12-16 09:57:43 MainThread @decentralized_fqi_matrix.py:453]   Agent 1 progress: 30% (300/1000)
[12-16 09:57:43 MainThread @decentralized_fqi_matrix.py:453]   Agent 1 progress: 40% (400/1000)
[12-16 09:57:43 MainThread @decentralized_fqi_matrix.py:453]   Agent 1 progress: 50% (500/1000)
[12-16 09:57:43 MainThread @decentralized_fqi_matrix.py:453]   Agent 1 progress: 60% (600/1000)
[12-16 09:57:43 MainThread @decentralized_fqi_matrix.py:453]   Agent 1 progress: 70% (700/1000)
[12-16 09:57:43 MainThread @decentralized_fqi_matrix.py:453]   Agent 1 progress: 80% (800/1000)
[12-16 09:57:43 MainThread @decentralized_fqi_matrix.py:453]   Agent 1 progress: 90% (900/1000)
[12-16 09:57:43 MainThread @decentralized_fqi_matrix.py:486]   Agent 1 completed: avg Nash time=0.00ms
[12-16 09:57:43 MainThread @decentralized_fqi_matrix.py:379] Computing targets for agent 2/6...
[12-16 09:57:43 MainThread @decentralized_fqi_matrix.py:453]   Agent 2 progress: 10% (100/1000)
[12-16 09:57:43 MainThread @decentralized_fqi_matrix.py:453]   Agent 2 progress: 20% (200/1000)
[12-16 09:57:43 MainThread @decentralized_fqi_matrix.py:453]   Agent 2 progress: 30% (300/1000)
[12-16 09:57:43 MainThread @decentralized_fqi_matrix.py:453]   Agent 2 progress: 40% (400/1000)
[12-16 09:57:43 MainThread @decentralized_fqi_matrix.py:453]   Agent 2 progress: 50% (500/1000)
[12-16 09:57:43 MainThread @decentralized_fqi_matrix.py:453]   Agent 2 progress: 60% (600/1000)
[12-16 09:57:43 MainThread @decentralized_fqi_matrix.py:453]   Agent 2 progress: 70% (700/1000)
[12-16 09:57:43 MainThread @decentralized_fqi_matrix.py:453]   Agent 2 progress: 80% (800/1000)
[12-16 09:57:43 MainThread @decentralized_fqi_matrix.py:453]   Agent 2 progress: 90% (900/1000)
[12-16 09:57:43 MainThread @decentralized_fqi_matrix.py:486]   Agent 2 completed: avg Nash time=0.00ms
[12-16 09:57:43 MainThread @decentralized_fqi_matrix.py:379] Computing targets for agent 3/6...
[12-16 09:57:43 MainThread @decentralized_fqi_matrix.py:453]   Agent 3 progress: 10% (100/1000)
[12-16 09:57:43 MainThread @decentralized_fqi_matrix.py:453]   Agent 3 progress: 20% (200/1000)
[12-16 09:57:43 MainThread @decentralized_fqi_matrix.py:453]   Agent 3 progress: 30% (300/1000)
[12-16 09:57:43 MainThread @decentralized_fqi_matrix.py:453]   Agent 3 progress: 40% (400/1000)
[12-16 09:57:43 MainThread @decentralized_fqi_matrix.py:453]   Agent 3 progress: 50% (500/1000)
[12-16 09:57:43 MainThread @decentralized_fqi_matrix.py:453]   Agent 3 progress: 60% (600/1000)
[12-16 09:57:43 MainThread @decentralized_fqi_matrix.py:453]   Agent 3 progress: 70% (700/1000)
[12-16 09:57:43 MainThread @decentralized_fqi_matrix.py:453]   Agent 3 progress: 80% (800/1000)
[12-16 09:57:43 MainThread @decentralized_fqi_matrix.py:453]   Agent 3 progress: 90% (900/1000)
[12-16 09:57:43 MainThread @decentralized_fqi_matrix.py:486]   Agent 3 completed: avg Nash time=0.00ms
[12-16 09:57:43 MainThread @decentralized_fqi_matrix.py:379] Computing targets for agent 4/6...
[12-16 09:57:43 MainThread @decentralized_fqi_matrix.py:453]   Agent 4 progress: 10% (100/1000)
[12-16 09:57:43 MainThread @decentralized_fqi_matrix.py:453]   Agent 4 progress: 20% (200/1000)
[12-16 09:57:43 MainThread @decentralized_fqi_matrix.py:453]   Agent 4 progress: 30% (300/1000)
[12-16 09:57:43 MainThread @decentralized_fqi_matrix.py:453]   Agent 4 progress: 40% (400/1000)
[12-16 09:57:43 MainThread @decentralized_fqi_matrix.py:453]   Agent 4 progress: 50% (500/1000)
[12-16 09:57:43 MainThread @decentralized_fqi_matrix.py:453]   Agent 4 progress: 60% (600/1000)
[12-16 09:57:43 MainThread @decentralized_fqi_matrix.py:453]   Agent 4 progress: 70% (700/1000)
[12-16 09:57:43 MainThread @decentralized_fqi_matrix.py:453]   Agent 4 progress: 80% (800/1000)
[12-16 09:57:43 MainThread @decentralized_fqi_matrix.py:453]   Agent 4 progress: 90% (900/1000)
[12-16 09:57:43 MainThread @decentralized_fqi_matrix.py:486]   Agent 4 completed: avg Nash time=0.00ms
[12-16 09:57:43 MainThread @decentralized_fqi_matrix.py:379] Computing targets for agent 5/6...
[12-16 09:57:43 MainThread @decentralized_fqi_matrix.py:453]   Agent 5 progress: 10% (100/1000)
[12-16 09:57:43 MainThread @decentralized_fqi_matrix.py:453]   Agent 5 progress: 20% (200/1000)
[12-16 09:57:43 MainThread @decentralized_fqi_matrix.py:453]   Agent 5 progress: 30% (300/1000)
[12-16 09:57:43 MainThread @decentralized_fqi_matrix.py:453]   Agent 5 progress: 40% (400/1000)
[12-16 09:57:43 MainThread @decentralized_fqi_matrix.py:453]   Agent 5 progress: 50% (500/1000)
[12-16 09:57:43 MainThread @decentralized_fqi_matrix.py:453]   Agent 5 progress: 60% (600/1000)
[12-16 09:57:43 MainThread @decentralized_fqi_matrix.py:453]   Agent 5 progress: 70% (700/1000)
[12-16 09:57:43 MainThread @decentralized_fqi_matrix.py:453]   Agent 5 progress: 80% (800/1000)
[12-16 09:57:43 MainThread @decentralized_fqi_matrix.py:453]   Agent 5 progress: 90% (900/1000)
[12-16 09:57:43 MainThread @decentralized_fqi_matrix.py:486]   Agent 5 completed: avg Nash time=0.00ms
[12-16 09:57:43 MainThread @decentralized_fqi_matrix.py:379] Computing targets for agent 6/6...
[12-16 09:57:43 MainThread @decentralized_fqi_matrix.py:453]   Agent 6 progress: 10% (100/1000)
[12-16 09:57:43 MainThread @decentralized_fqi_matrix.py:453]   Agent 6 progress: 20% (200/1000)
[12-16 09:57:43 MainThread @decentralized_fqi_matrix.py:453]   Agent 6 progress: 30% (300/1000)
[12-16 09:57:43 MainThread @decentralized_fqi_matrix.py:453]   Agent 6 progress: 40% (400/1000)
[12-16 09:57:43 MainThread @decentralized_fqi_matrix.py:453]   Agent 6 progress: 50% (500/1000)
[12-16 09:57:43 MainThread @decentralized_fqi_matrix.py:453]   Agent 6 progress: 60% (600/1000)
[12-16 09:57:43 MainThread @decentralized_fqi_matrix.py:453]   Agent 6 progress: 70% (700/1000)
[12-16 09:57:43 MainThread @decentralized_fqi_matrix.py:453]   Agent 6 progress: 80% (800/1000)
[12-16 09:57:43 MainThread @decentralized_fqi_matrix.py:453]   Agent 6 progress: 90% (900/1000)
[12-16 09:57:43 MainThread @decentralized_fqi_matrix.py:486]   Agent 6 completed: avg Nash time=0.00ms
[12-16 09:57:43 MainThread @decentralized_fqi_matrix.py:389] Mean Nash solving time: 0.0000s
[12-16 09:57:43 MainThread @decentralized_fqi_matrix.py:393] Nash cache: 0.0% hit rate (0 hits, 12 misses, 12 cached)
[12-16 09:57:43 MainThread @decentralized_fqi_matrix.py:398] Solving (4) by DIGing decentralized optimization...
[12-16 09:57:45 MainThread @decentralized_fqi_matrix.py:417] Iteration 46 completed: loss=0.4582, td_error=0.5355, consensus_error=0.000861
[12-16 09:57:45 MainThread @decentralized_fqi_matrix.py:573]   [收敛检测] Loss趋势: +0.0005, 波动std: 0.0003
[12-16 09:57:45 MainThread @decentralized_fqi_matrix.py:581]   ✓ Loss已稳定(std=0.0003), 可能已收敛
[12-16 09:57:45 MainThread @decentralized_fqi_matrix.py:369] 
=== Fitted Q-Iteration 47/100 ===
[12-16 09:57:45 MainThread @decentralized_fqi_matrix.py:379] Computing targets for agent 1/6...
[12-16 09:57:45 MainThread @decentralized_fqi_matrix.py:453]   Agent 1 progress: 10% (100/1000)
[12-16 09:57:45 MainThread @decentralized_fqi_matrix.py:453]   Agent 1 progress: 20% (200/1000)
[12-16 09:57:45 MainThread @decentralized_fqi_matrix.py:453]   Agent 1 progress: 30% (300/1000)
[12-16 09:57:45 MainThread @decentralized_fqi_matrix.py:453]   Agent 1 progress: 40% (400/1000)
[12-16 09:57:45 MainThread @decentralized_fqi_matrix.py:453]   Agent 1 progress: 50% (500/1000)
[12-16 09:57:45 MainThread @decentralized_fqi_matrix.py:453]   Agent 1 progress: 60% (600/1000)
[12-16 09:57:45 MainThread @decentralized_fqi_matrix.py:453]   Agent 1 progress: 70% (700/1000)
[12-16 09:57:45 MainThread @decentralized_fqi_matrix.py:453]   Agent 1 progress: 80% (800/1000)
[12-16 09:57:45 MainThread @decentralized_fqi_matrix.py:453]   Agent 1 progress: 90% (900/1000)
[12-16 09:57:45 MainThread @decentralized_fqi_matrix.py:486]   Agent 1 completed: avg Nash time=0.00ms
[12-16 09:57:45 MainThread @decentralized_fqi_matrix.py:379] Computing targets for agent 2/6...
[12-16 09:57:45 MainThread @decentralized_fqi_matrix.py:453]   Agent 2 progress: 10% (100/1000)
[12-16 09:57:45 MainThread @decentralized_fqi_matrix.py:453]   Agent 2 progress: 20% (200/1000)
[12-16 09:57:45 MainThread @decentralized_fqi_matrix.py:453]   Agent 2 progress: 30% (300/1000)
[12-16 09:57:45 MainThread @decentralized_fqi_matrix.py:453]   Agent 2 progress: 40% (400/1000)
[12-16 09:57:45 MainThread @decentralized_fqi_matrix.py:453]   Agent 2 progress: 50% (500/1000)
[12-16 09:57:45 MainThread @decentralized_fqi_matrix.py:453]   Agent 2 progress: 60% (600/1000)
[12-16 09:57:45 MainThread @decentralized_fqi_matrix.py:453]   Agent 2 progress: 70% (700/1000)
[12-16 09:57:45 MainThread @decentralized_fqi_matrix.py:453]   Agent 2 progress: 80% (800/1000)
[12-16 09:57:45 MainThread @decentralized_fqi_matrix.py:453]   Agent 2 progress: 90% (900/1000)
[12-16 09:57:45 MainThread @decentralized_fqi_matrix.py:486]   Agent 2 completed: avg Nash time=0.00ms
[12-16 09:57:45 MainThread @decentralized_fqi_matrix.py:379] Computing targets for agent 3/6...
[12-16 09:57:45 MainThread @decentralized_fqi_matrix.py:453]   Agent 3 progress: 10% (100/1000)
[12-16 09:57:45 MainThread @decentralized_fqi_matrix.py:453]   Agent 3 progress: 20% (200/1000)
[12-16 09:57:45 MainThread @decentralized_fqi_matrix.py:453]   Agent 3 progress: 30% (300/1000)
[12-16 09:57:45 MainThread @decentralized_fqi_matrix.py:453]   Agent 3 progress: 40% (400/1000)
[12-16 09:57:45 MainThread @decentralized_fqi_matrix.py:453]   Agent 3 progress: 50% (500/1000)
[12-16 09:57:45 MainThread @decentralized_fqi_matrix.py:453]   Agent 3 progress: 60% (600/1000)
[12-16 09:57:45 MainThread @decentralized_fqi_matrix.py:453]   Agent 3 progress: 70% (700/1000)
[12-16 09:57:45 MainThread @decentralized_fqi_matrix.py:453]   Agent 3 progress: 80% (800/1000)
[12-16 09:57:45 MainThread @decentralized_fqi_matrix.py:453]   Agent 3 progress: 90% (900/1000)
[12-16 09:57:45 MainThread @decentralized_fqi_matrix.py:486]   Agent 3 completed: avg Nash time=0.00ms
[12-16 09:57:45 MainThread @decentralized_fqi_matrix.py:379] Computing targets for agent 4/6...
[12-16 09:57:45 MainThread @decentralized_fqi_matrix.py:453]   Agent 4 progress: 10% (100/1000)
[12-16 09:57:45 MainThread @decentralized_fqi_matrix.py:453]   Agent 4 progress: 20% (200/1000)
[12-16 09:57:45 MainThread @decentralized_fqi_matrix.py:453]   Agent 4 progress: 30% (300/1000)
[12-16 09:57:45 MainThread @decentralized_fqi_matrix.py:453]   Agent 4 progress: 40% (400/1000)
[12-16 09:57:45 MainThread @decentralized_fqi_matrix.py:453]   Agent 4 progress: 50% (500/1000)
[12-16 09:57:45 MainThread @decentralized_fqi_matrix.py:453]   Agent 4 progress: 60% (600/1000)
[12-16 09:57:45 MainThread @decentralized_fqi_matrix.py:453]   Agent 4 progress: 70% (700/1000)
[12-16 09:57:45 MainThread @decentralized_fqi_matrix.py:453]   Agent 4 progress: 80% (800/1000)
[12-16 09:57:45 MainThread @decentralized_fqi_matrix.py:453]   Agent 4 progress: 90% (900/1000)
[12-16 09:57:45 MainThread @decentralized_fqi_matrix.py:486]   Agent 4 completed: avg Nash time=0.00ms
[12-16 09:57:45 MainThread @decentralized_fqi_matrix.py:379] Computing targets for agent 5/6...
[12-16 09:57:45 MainThread @decentralized_fqi_matrix.py:453]   Agent 5 progress: 10% (100/1000)
[12-16 09:57:45 MainThread @decentralized_fqi_matrix.py:453]   Agent 5 progress: 20% (200/1000)
[12-16 09:57:45 MainThread @decentralized_fqi_matrix.py:453]   Agent 5 progress: 30% (300/1000)
[12-16 09:57:45 MainThread @decentralized_fqi_matrix.py:453]   Agent 5 progress: 40% (400/1000)
[12-16 09:57:45 MainThread @decentralized_fqi_matrix.py:453]   Agent 5 progress: 50% (500/1000)
[12-16 09:57:45 MainThread @decentralized_fqi_matrix.py:453]   Agent 5 progress: 60% (600/1000)
[12-16 09:57:45 MainThread @decentralized_fqi_matrix.py:453]   Agent 5 progress: 70% (700/1000)
[12-16 09:57:45 MainThread @decentralized_fqi_matrix.py:453]   Agent 5 progress: 80% (800/1000)
[12-16 09:57:45 MainThread @decentralized_fqi_matrix.py:453]   Agent 5 progress: 90% (900/1000)
[12-16 09:57:45 MainThread @decentralized_fqi_matrix.py:486]   Agent 5 completed: avg Nash time=0.00ms
[12-16 09:57:45 MainThread @decentralized_fqi_matrix.py:379] Computing targets for agent 6/6...
[12-16 09:57:45 MainThread @decentralized_fqi_matrix.py:453]   Agent 6 progress: 10% (100/1000)
[12-16 09:57:45 MainThread @decentralized_fqi_matrix.py:453]   Agent 6 progress: 20% (200/1000)
[12-16 09:57:45 MainThread @decentralized_fqi_matrix.py:453]   Agent 6 progress: 30% (300/1000)
[12-16 09:57:45 MainThread @decentralized_fqi_matrix.py:453]   Agent 6 progress: 40% (400/1000)
[12-16 09:57:45 MainThread @decentralized_fqi_matrix.py:453]   Agent 6 progress: 50% (500/1000)
[12-16 09:57:45 MainThread @decentralized_fqi_matrix.py:453]   Agent 6 progress: 60% (600/1000)
[12-16 09:57:45 MainThread @decentralized_fqi_matrix.py:453]   Agent 6 progress: 70% (700/1000)
[12-16 09:57:45 MainThread @decentralized_fqi_matrix.py:453]   Agent 6 progress: 80% (800/1000)
[12-16 09:57:45 MainThread @decentralized_fqi_matrix.py:453]   Agent 6 progress: 90% (900/1000)
[12-16 09:57:45 MainThread @decentralized_fqi_matrix.py:486]   Agent 6 completed: avg Nash time=0.00ms
[12-16 09:57:45 MainThread @decentralized_fqi_matrix.py:389] Mean Nash solving time: 0.0000s
[12-16 09:57:45 MainThread @decentralized_fqi_matrix.py:393] Nash cache: 0.0% hit rate (0 hits, 12 misses, 12 cached)
[12-16 09:57:45 MainThread @decentralized_fqi_matrix.py:398] Solving (4) by DIGing decentralized optimization...
[12-16 09:57:47 MainThread @decentralized_fqi_matrix.py:417] Iteration 47 completed: loss=0.4581, td_error=0.5354, consensus_error=0.002457
[12-16 09:57:47 MainThread @decentralized_fqi_matrix.py:573]   [收敛检测] Loss趋势: +0.0009, 波动std: 0.0003
[12-16 09:57:47 MainThread @decentralized_fqi_matrix.py:581]   ✓ Loss已稳定(std=0.0003), 可能已收敛
[12-16 09:57:47 MainThread @decentralized_fqi_matrix.py:369] 
=== Fitted Q-Iteration 48/100 ===
[12-16 09:57:47 MainThread @decentralized_fqi_matrix.py:379] Computing targets for agent 1/6...
[12-16 09:57:47 MainThread @decentralized_fqi_matrix.py:453]   Agent 1 progress: 10% (100/1000)
[12-16 09:57:47 MainThread @decentralized_fqi_matrix.py:453]   Agent 1 progress: 20% (200/1000)
[12-16 09:57:47 MainThread @decentralized_fqi_matrix.py:453]   Agent 1 progress: 30% (300/1000)
[12-16 09:57:47 MainThread @decentralized_fqi_matrix.py:453]   Agent 1 progress: 40% (400/1000)
[12-16 09:57:47 MainThread @decentralized_fqi_matrix.py:453]   Agent 1 progress: 50% (500/1000)
[12-16 09:57:47 MainThread @decentralized_fqi_matrix.py:453]   Agent 1 progress: 60% (600/1000)
[12-16 09:57:47 MainThread @decentralized_fqi_matrix.py:453]   Agent 1 progress: 70% (700/1000)
[12-16 09:57:47 MainThread @decentralized_fqi_matrix.py:453]   Agent 1 progress: 80% (800/1000)
[12-16 09:57:47 MainThread @decentralized_fqi_matrix.py:453]   Agent 1 progress: 90% (900/1000)
[12-16 09:57:47 MainThread @decentralized_fqi_matrix.py:486]   Agent 1 completed: avg Nash time=0.00ms
[12-16 09:57:47 MainThread @decentralized_fqi_matrix.py:379] Computing targets for agent 2/6...
[12-16 09:57:47 MainThread @decentralized_fqi_matrix.py:453]   Agent 2 progress: 10% (100/1000)
[12-16 09:57:47 MainThread @decentralized_fqi_matrix.py:453]   Agent 2 progress: 20% (200/1000)
[12-16 09:57:47 MainThread @decentralized_fqi_matrix.py:453]   Agent 2 progress: 30% (300/1000)
[12-16 09:57:47 MainThread @decentralized_fqi_matrix.py:453]   Agent 2 progress: 40% (400/1000)
[12-16 09:57:47 MainThread @decentralized_fqi_matrix.py:453]   Agent 2 progress: 50% (500/1000)
[12-16 09:57:47 MainThread @decentralized_fqi_matrix.py:453]   Agent 2 progress: 60% (600/1000)
[12-16 09:57:47 MainThread @decentralized_fqi_matrix.py:453]   Agent 2 progress: 70% (700/1000)
[12-16 09:57:47 MainThread @decentralized_fqi_matrix.py:453]   Agent 2 progress: 80% (800/1000)
[12-16 09:57:47 MainThread @decentralized_fqi_matrix.py:453]   Agent 2 progress: 90% (900/1000)
[12-16 09:57:47 MainThread @decentralized_fqi_matrix.py:486]   Agent 2 completed: avg Nash time=0.00ms
[12-16 09:57:47 MainThread @decentralized_fqi_matrix.py:379] Computing targets for agent 3/6...
[12-16 09:57:47 MainThread @decentralized_fqi_matrix.py:453]   Agent 3 progress: 10% (100/1000)
[12-16 09:57:47 MainThread @decentralized_fqi_matrix.py:453]   Agent 3 progress: 20% (200/1000)
[12-16 09:57:47 MainThread @decentralized_fqi_matrix.py:453]   Agent 3 progress: 30% (300/1000)
[12-16 09:57:47 MainThread @decentralized_fqi_matrix.py:453]   Agent 3 progress: 40% (400/1000)
[12-16 09:57:47 MainThread @decentralized_fqi_matrix.py:453]   Agent 3 progress: 50% (500/1000)
[12-16 09:57:47 MainThread @decentralized_fqi_matrix.py:453]   Agent 3 progress: 60% (600/1000)
[12-16 09:57:47 MainThread @decentralized_fqi_matrix.py:453]   Agent 3 progress: 70% (700/1000)
[12-16 09:57:47 MainThread @decentralized_fqi_matrix.py:453]   Agent 3 progress: 80% (800/1000)
[12-16 09:57:47 MainThread @decentralized_fqi_matrix.py:453]   Agent 3 progress: 90% (900/1000)
[12-16 09:57:47 MainThread @decentralized_fqi_matrix.py:486]   Agent 3 completed: avg Nash time=0.00ms
[12-16 09:57:47 MainThread @decentralized_fqi_matrix.py:379] Computing targets for agent 4/6...
[12-16 09:57:47 MainThread @decentralized_fqi_matrix.py:453]   Agent 4 progress: 10% (100/1000)
[12-16 09:57:47 MainThread @decentralized_fqi_matrix.py:453]   Agent 4 progress: 20% (200/1000)
[12-16 09:57:47 MainThread @decentralized_fqi_matrix.py:453]   Agent 4 progress: 30% (300/1000)
[12-16 09:57:47 MainThread @decentralized_fqi_matrix.py:453]   Agent 4 progress: 40% (400/1000)
[12-16 09:57:47 MainThread @decentralized_fqi_matrix.py:453]   Agent 4 progress: 50% (500/1000)
[12-16 09:57:47 MainThread @decentralized_fqi_matrix.py:453]   Agent 4 progress: 60% (600/1000)
[12-16 09:57:47 MainThread @decentralized_fqi_matrix.py:453]   Agent 4 progress: 70% (700/1000)
[12-16 09:57:47 MainThread @decentralized_fqi_matrix.py:453]   Agent 4 progress: 80% (800/1000)
[12-16 09:57:47 MainThread @decentralized_fqi_matrix.py:453]   Agent 4 progress: 90% (900/1000)
[12-16 09:57:47 MainThread @decentralized_fqi_matrix.py:486]   Agent 4 completed: avg Nash time=0.00ms
[12-16 09:57:47 MainThread @decentralized_fqi_matrix.py:379] Computing targets for agent 5/6...
[12-16 09:57:47 MainThread @decentralized_fqi_matrix.py:453]   Agent 5 progress: 10% (100/1000)
[12-16 09:57:47 MainThread @decentralized_fqi_matrix.py:453]   Agent 5 progress: 20% (200/1000)
[12-16 09:57:47 MainThread @decentralized_fqi_matrix.py:453]   Agent 5 progress: 30% (300/1000)
[12-16 09:57:47 MainThread @decentralized_fqi_matrix.py:453]   Agent 5 progress: 40% (400/1000)
[12-16 09:57:47 MainThread @decentralized_fqi_matrix.py:453]   Agent 5 progress: 50% (500/1000)
[12-16 09:57:47 MainThread @decentralized_fqi_matrix.py:453]   Agent 5 progress: 60% (600/1000)
[12-16 09:57:47 MainThread @decentralized_fqi_matrix.py:453]   Agent 5 progress: 70% (700/1000)
[12-16 09:57:47 MainThread @decentralized_fqi_matrix.py:453]   Agent 5 progress: 80% (800/1000)
[12-16 09:57:47 MainThread @decentralized_fqi_matrix.py:453]   Agent 5 progress: 90% (900/1000)
[12-16 09:57:47 MainThread @decentralized_fqi_matrix.py:486]   Agent 5 completed: avg Nash time=0.00ms
[12-16 09:57:47 MainThread @decentralized_fqi_matrix.py:379] Computing targets for agent 6/6...
[12-16 09:57:47 MainThread @decentralized_fqi_matrix.py:453]   Agent 6 progress: 10% (100/1000)
[12-16 09:57:47 MainThread @decentralized_fqi_matrix.py:453]   Agent 6 progress: 20% (200/1000)
[12-16 09:57:47 MainThread @decentralized_fqi_matrix.py:453]   Agent 6 progress: 30% (300/1000)
[12-16 09:57:47 MainThread @decentralized_fqi_matrix.py:453]   Agent 6 progress: 40% (400/1000)
[12-16 09:57:47 MainThread @decentralized_fqi_matrix.py:453]   Agent 6 progress: 50% (500/1000)
[12-16 09:57:47 MainThread @decentralized_fqi_matrix.py:453]   Agent 6 progress: 60% (600/1000)
[12-16 09:57:47 MainThread @decentralized_fqi_matrix.py:453]   Agent 6 progress: 70% (700/1000)
[12-16 09:57:47 MainThread @decentralized_fqi_matrix.py:453]   Agent 6 progress: 80% (800/1000)
[12-16 09:57:47 MainThread @decentralized_fqi_matrix.py:453]   Agent 6 progress: 90% (900/1000)
[12-16 09:57:47 MainThread @decentralized_fqi_matrix.py:486]   Agent 6 completed: avg Nash time=0.00ms
[12-16 09:57:47 MainThread @decentralized_fqi_matrix.py:389] Mean Nash solving time: 0.0000s
[12-16 09:57:47 MainThread @decentralized_fqi_matrix.py:393] Nash cache: 0.0% hit rate (0 hits, 12 misses, 12 cached)
[12-16 09:57:47 MainThread @decentralized_fqi_matrix.py:398] Solving (4) by DIGing decentralized optimization...
[12-16 09:57:49 MainThread @decentralized_fqi_matrix.py:417] Iteration 48 completed: loss=0.4586, td_error=0.5358, consensus_error=0.001616
[12-16 09:57:49 MainThread @decentralized_fqi_matrix.py:573]   [收敛检测] Loss趋势: -0.0002, 波动std: 0.0002
[12-16 09:57:49 MainThread @decentralized_fqi_matrix.py:581]   ✓ Loss已稳定(std=0.0002), 可能已收敛
[12-16 09:57:49 MainThread @decentralized_fqi_matrix.py:369] 
=== Fitted Q-Iteration 49/100 ===
[12-16 09:57:49 MainThread @decentralized_fqi_matrix.py:379] Computing targets for agent 1/6...
[12-16 09:57:49 MainThread @decentralized_fqi_matrix.py:453]   Agent 1 progress: 10% (100/1000)
[12-16 09:57:49 MainThread @decentralized_fqi_matrix.py:453]   Agent 1 progress: 20% (200/1000)
[12-16 09:57:49 MainThread @decentralized_fqi_matrix.py:453]   Agent 1 progress: 30% (300/1000)
[12-16 09:57:49 MainThread @decentralized_fqi_matrix.py:453]   Agent 1 progress: 40% (400/1000)
[12-16 09:57:49 MainThread @decentralized_fqi_matrix.py:453]   Agent 1 progress: 50% (500/1000)
[12-16 09:57:49 MainThread @decentralized_fqi_matrix.py:453]   Agent 1 progress: 60% (600/1000)
[12-16 09:57:49 MainThread @decentralized_fqi_matrix.py:453]   Agent 1 progress: 70% (700/1000)
[12-16 09:57:49 MainThread @decentralized_fqi_matrix.py:453]   Agent 1 progress: 80% (800/1000)
[12-16 09:57:49 MainThread @decentralized_fqi_matrix.py:453]   Agent 1 progress: 90% (900/1000)
[12-16 09:57:49 MainThread @decentralized_fqi_matrix.py:486]   Agent 1 completed: avg Nash time=0.00ms
[12-16 09:57:49 MainThread @decentralized_fqi_matrix.py:379] Computing targets for agent 2/6...
[12-16 09:57:49 MainThread @decentralized_fqi_matrix.py:453]   Agent 2 progress: 10% (100/1000)
[12-16 09:57:49 MainThread @decentralized_fqi_matrix.py:453]   Agent 2 progress: 20% (200/1000)
[12-16 09:57:49 MainThread @decentralized_fqi_matrix.py:453]   Agent 2 progress: 30% (300/1000)
[12-16 09:57:49 MainThread @decentralized_fqi_matrix.py:453]   Agent 2 progress: 40% (400/1000)
[12-16 09:57:49 MainThread @decentralized_fqi_matrix.py:453]   Agent 2 progress: 50% (500/1000)
[12-16 09:57:49 MainThread @decentralized_fqi_matrix.py:453]   Agent 2 progress: 60% (600/1000)
[12-16 09:57:49 MainThread @decentralized_fqi_matrix.py:453]   Agent 2 progress: 70% (700/1000)
[12-16 09:57:49 MainThread @decentralized_fqi_matrix.py:453]   Agent 2 progress: 80% (800/1000)
[12-16 09:57:49 MainThread @decentralized_fqi_matrix.py:453]   Agent 2 progress: 90% (900/1000)
[12-16 09:57:49 MainThread @decentralized_fqi_matrix.py:486]   Agent 2 completed: avg Nash time=0.00ms
[12-16 09:57:49 MainThread @decentralized_fqi_matrix.py:379] Computing targets for agent 3/6...
[12-16 09:57:49 MainThread @decentralized_fqi_matrix.py:453]   Agent 3 progress: 10% (100/1000)
[12-16 09:57:49 MainThread @decentralized_fqi_matrix.py:453]   Agent 3 progress: 20% (200/1000)
[12-16 09:57:49 MainThread @decentralized_fqi_matrix.py:453]   Agent 3 progress: 30% (300/1000)
[12-16 09:57:49 MainThread @decentralized_fqi_matrix.py:453]   Agent 3 progress: 40% (400/1000)
[12-16 09:57:49 MainThread @decentralized_fqi_matrix.py:453]   Agent 3 progress: 50% (500/1000)
[12-16 09:57:49 MainThread @decentralized_fqi_matrix.py:453]   Agent 3 progress: 60% (600/1000)
[12-16 09:57:49 MainThread @decentralized_fqi_matrix.py:453]   Agent 3 progress: 70% (700/1000)
[12-16 09:57:49 MainThread @decentralized_fqi_matrix.py:453]   Agent 3 progress: 80% (800/1000)
[12-16 09:57:49 MainThread @decentralized_fqi_matrix.py:453]   Agent 3 progress: 90% (900/1000)
[12-16 09:57:49 MainThread @decentralized_fqi_matrix.py:486]   Agent 3 completed: avg Nash time=0.00ms
[12-16 09:57:49 MainThread @decentralized_fqi_matrix.py:379] Computing targets for agent 4/6...
[12-16 09:57:49 MainThread @decentralized_fqi_matrix.py:453]   Agent 4 progress: 10% (100/1000)
[12-16 09:57:49 MainThread @decentralized_fqi_matrix.py:453]   Agent 4 progress: 20% (200/1000)
[12-16 09:57:49 MainThread @decentralized_fqi_matrix.py:453]   Agent 4 progress: 30% (300/1000)
[12-16 09:57:49 MainThread @decentralized_fqi_matrix.py:453]   Agent 4 progress: 40% (400/1000)
[12-16 09:57:49 MainThread @decentralized_fqi_matrix.py:453]   Agent 4 progress: 50% (500/1000)
[12-16 09:57:49 MainThread @decentralized_fqi_matrix.py:453]   Agent 4 progress: 60% (600/1000)
[12-16 09:57:49 MainThread @decentralized_fqi_matrix.py:453]   Agent 4 progress: 70% (700/1000)
[12-16 09:57:49 MainThread @decentralized_fqi_matrix.py:453]   Agent 4 progress: 80% (800/1000)
[12-16 09:57:49 MainThread @decentralized_fqi_matrix.py:453]   Agent 4 progress: 90% (900/1000)
[12-16 09:57:49 MainThread @decentralized_fqi_matrix.py:486]   Agent 4 completed: avg Nash time=0.00ms
[12-16 09:57:49 MainThread @decentralized_fqi_matrix.py:379] Computing targets for agent 5/6...
[12-16 09:57:49 MainThread @decentralized_fqi_matrix.py:453]   Agent 5 progress: 10% (100/1000)
[12-16 09:57:49 MainThread @decentralized_fqi_matrix.py:453]   Agent 5 progress: 20% (200/1000)
[12-16 09:57:49 MainThread @decentralized_fqi_matrix.py:453]   Agent 5 progress: 30% (300/1000)
[12-16 09:57:49 MainThread @decentralized_fqi_matrix.py:453]   Agent 5 progress: 40% (400/1000)
[12-16 09:57:49 MainThread @decentralized_fqi_matrix.py:453]   Agent 5 progress: 50% (500/1000)
[12-16 09:57:49 MainThread @decentralized_fqi_matrix.py:453]   Agent 5 progress: 60% (600/1000)
[12-16 09:57:49 MainThread @decentralized_fqi_matrix.py:453]   Agent 5 progress: 70% (700/1000)
[12-16 09:57:49 MainThread @decentralized_fqi_matrix.py:453]   Agent 5 progress: 80% (800/1000)
[12-16 09:57:49 MainThread @decentralized_fqi_matrix.py:453]   Agent 5 progress: 90% (900/1000)
[12-16 09:57:49 MainThread @decentralized_fqi_matrix.py:486]   Agent 5 completed: avg Nash time=0.00ms
[12-16 09:57:49 MainThread @decentralized_fqi_matrix.py:379] Computing targets for agent 6/6...
[12-16 09:57:49 MainThread @decentralized_fqi_matrix.py:453]   Agent 6 progress: 10% (100/1000)
[12-16 09:57:49 MainThread @decentralized_fqi_matrix.py:453]   Agent 6 progress: 20% (200/1000)
[12-16 09:57:49 MainThread @decentralized_fqi_matrix.py:453]   Agent 6 progress: 30% (300/1000)
[12-16 09:57:49 MainThread @decentralized_fqi_matrix.py:453]   Agent 6 progress: 40% (400/1000)
[12-16 09:57:49 MainThread @decentralized_fqi_matrix.py:453]   Agent 6 progress: 50% (500/1000)
[12-16 09:57:49 MainThread @decentralized_fqi_matrix.py:453]   Agent 6 progress: 60% (600/1000)
[12-16 09:57:49 MainThread @decentralized_fqi_matrix.py:453]   Agent 6 progress: 70% (700/1000)
[12-16 09:57:49 MainThread @decentralized_fqi_matrix.py:453]   Agent 6 progress: 80% (800/1000)
[12-16 09:57:49 MainThread @decentralized_fqi_matrix.py:453]   Agent 6 progress: 90% (900/1000)
[12-16 09:57:49 MainThread @decentralized_fqi_matrix.py:486]   Agent 6 completed: avg Nash time=0.00ms
[12-16 09:57:49 MainThread @decentralized_fqi_matrix.py:389] Mean Nash solving time: 0.0000s
[12-16 09:57:49 MainThread @decentralized_fqi_matrix.py:393] Nash cache: 0.0% hit rate (0 hits, 12 misses, 12 cached)
[12-16 09:57:49 MainThread @decentralized_fqi_matrix.py:398] Solving (4) by DIGing decentralized optimization...
[12-16 09:57:51 MainThread @decentralized_fqi_matrix.py:417] Iteration 49 completed: loss=0.4580, td_error=0.5352, consensus_error=0.001410
[12-16 09:57:51 MainThread @decentralized_fqi_matrix.py:573]   [收敛检测] Loss趋势: +0.0002, 波动std: 0.0002
[12-16 09:57:51 MainThread @decentralized_fqi_matrix.py:581]   ✓ Loss已稳定(std=0.0002), 可能已收敛
[12-16 09:57:51 MainThread @decentralized_fqi_matrix.py:369] 
=== Fitted Q-Iteration 50/100 ===
[12-16 09:57:51 MainThread @decentralized_fqi_matrix.py:379] Computing targets for agent 1/6...
[12-16 09:57:51 MainThread @decentralized_fqi_matrix.py:453]   Agent 1 progress: 10% (100/1000)
[12-16 09:57:51 MainThread @decentralized_fqi_matrix.py:453]   Agent 1 progress: 20% (200/1000)
[12-16 09:57:51 MainThread @decentralized_fqi_matrix.py:453]   Agent 1 progress: 30% (300/1000)
[12-16 09:57:51 MainThread @decentralized_fqi_matrix.py:453]   Agent 1 progress: 40% (400/1000)
[12-16 09:57:51 MainThread @decentralized_fqi_matrix.py:453]   Agent 1 progress: 50% (500/1000)
[12-16 09:57:51 MainThread @decentralized_fqi_matrix.py:453]   Agent 1 progress: 60% (600/1000)
[12-16 09:57:51 MainThread @decentralized_fqi_matrix.py:453]   Agent 1 progress: 70% (700/1000)
[12-16 09:57:51 MainThread @decentralized_fqi_matrix.py:453]   Agent 1 progress: 80% (800/1000)
[12-16 09:57:51 MainThread @decentralized_fqi_matrix.py:453]   Agent 1 progress: 90% (900/1000)
[12-16 09:57:51 MainThread @decentralized_fqi_matrix.py:486]   Agent 1 completed: avg Nash time=0.00ms
[12-16 09:57:51 MainThread @decentralized_fqi_matrix.py:379] Computing targets for agent 2/6...
[12-16 09:57:51 MainThread @decentralized_fqi_matrix.py:453]   Agent 2 progress: 10% (100/1000)
[12-16 09:57:51 MainThread @decentralized_fqi_matrix.py:453]   Agent 2 progress: 20% (200/1000)
[12-16 09:57:51 MainThread @decentralized_fqi_matrix.py:453]   Agent 2 progress: 30% (300/1000)
[12-16 09:57:51 MainThread @decentralized_fqi_matrix.py:453]   Agent 2 progress: 40% (400/1000)
[12-16 09:57:51 MainThread @decentralized_fqi_matrix.py:453]   Agent 2 progress: 50% (500/1000)
[12-16 09:57:51 MainThread @decentralized_fqi_matrix.py:453]   Agent 2 progress: 60% (600/1000)
[12-16 09:57:51 MainThread @decentralized_fqi_matrix.py:453]   Agent 2 progress: 70% (700/1000)
[12-16 09:57:51 MainThread @decentralized_fqi_matrix.py:453]   Agent 2 progress: 80% (800/1000)
[12-16 09:57:51 MainThread @decentralized_fqi_matrix.py:453]   Agent 2 progress: 90% (900/1000)
[12-16 09:57:51 MainThread @decentralized_fqi_matrix.py:486]   Agent 2 completed: avg Nash time=0.00ms
[12-16 09:57:51 MainThread @decentralized_fqi_matrix.py:379] Computing targets for agent 3/6...
[12-16 09:57:51 MainThread @decentralized_fqi_matrix.py:453]   Agent 3 progress: 10% (100/1000)
[12-16 09:57:51 MainThread @decentralized_fqi_matrix.py:453]   Agent 3 progress: 20% (200/1000)
[12-16 09:57:51 MainThread @decentralized_fqi_matrix.py:453]   Agent 3 progress: 30% (300/1000)
[12-16 09:57:51 MainThread @decentralized_fqi_matrix.py:453]   Agent 3 progress: 40% (400/1000)
[12-16 09:57:51 MainThread @decentralized_fqi_matrix.py:453]   Agent 3 progress: 50% (500/1000)
[12-16 09:57:51 MainThread @decentralized_fqi_matrix.py:453]   Agent 3 progress: 60% (600/1000)
[12-16 09:57:51 MainThread @decentralized_fqi_matrix.py:453]   Agent 3 progress: 70% (700/1000)
[12-16 09:57:51 MainThread @decentralized_fqi_matrix.py:453]   Agent 3 progress: 80% (800/1000)
[12-16 09:57:51 MainThread @decentralized_fqi_matrix.py:453]   Agent 3 progress: 90% (900/1000)
[12-16 09:57:51 MainThread @decentralized_fqi_matrix.py:486]   Agent 3 completed: avg Nash time=0.00ms
[12-16 09:57:51 MainThread @decentralized_fqi_matrix.py:379] Computing targets for agent 4/6...
[12-16 09:57:51 MainThread @decentralized_fqi_matrix.py:453]   Agent 4 progress: 10% (100/1000)
[12-16 09:57:51 MainThread @decentralized_fqi_matrix.py:453]   Agent 4 progress: 20% (200/1000)
[12-16 09:57:51 MainThread @decentralized_fqi_matrix.py:453]   Agent 4 progress: 30% (300/1000)
[12-16 09:57:51 MainThread @decentralized_fqi_matrix.py:453]   Agent 4 progress: 40% (400/1000)
[12-16 09:57:51 MainThread @decentralized_fqi_matrix.py:453]   Agent 4 progress: 50% (500/1000)
[12-16 09:57:51 MainThread @decentralized_fqi_matrix.py:453]   Agent 4 progress: 60% (600/1000)
[12-16 09:57:51 MainThread @decentralized_fqi_matrix.py:453]   Agent 4 progress: 70% (700/1000)
[12-16 09:57:51 MainThread @decentralized_fqi_matrix.py:453]   Agent 4 progress: 80% (800/1000)
[12-16 09:57:51 MainThread @decentralized_fqi_matrix.py:453]   Agent 4 progress: 90% (900/1000)
[12-16 09:57:51 MainThread @decentralized_fqi_matrix.py:486]   Agent 4 completed: avg Nash time=0.00ms
[12-16 09:57:51 MainThread @decentralized_fqi_matrix.py:379] Computing targets for agent 5/6...
[12-16 09:57:51 MainThread @decentralized_fqi_matrix.py:453]   Agent 5 progress: 10% (100/1000)
[12-16 09:57:51 MainThread @decentralized_fqi_matrix.py:453]   Agent 5 progress: 20% (200/1000)
[12-16 09:57:51 MainThread @decentralized_fqi_matrix.py:453]   Agent 5 progress: 30% (300/1000)
[12-16 09:57:51 MainThread @decentralized_fqi_matrix.py:453]   Agent 5 progress: 40% (400/1000)
[12-16 09:57:51 MainThread @decentralized_fqi_matrix.py:453]   Agent 5 progress: 50% (500/1000)
[12-16 09:57:51 MainThread @decentralized_fqi_matrix.py:453]   Agent 5 progress: 60% (600/1000)
[12-16 09:57:51 MainThread @decentralized_fqi_matrix.py:453]   Agent 5 progress: 70% (700/1000)
[12-16 09:57:51 MainThread @decentralized_fqi_matrix.py:453]   Agent 5 progress: 80% (800/1000)
[12-16 09:57:51 MainThread @decentralized_fqi_matrix.py:453]   Agent 5 progress: 90% (900/1000)
[12-16 09:57:51 MainThread @decentralized_fqi_matrix.py:486]   Agent 5 completed: avg Nash time=0.00ms
[12-16 09:57:51 MainThread @decentralized_fqi_matrix.py:379] Computing targets for agent 6/6...
[12-16 09:57:51 MainThread @decentralized_fqi_matrix.py:453]   Agent 6 progress: 10% (100/1000)
[12-16 09:57:51 MainThread @decentralized_fqi_matrix.py:453]   Agent 6 progress: 20% (200/1000)
[12-16 09:57:51 MainThread @decentralized_fqi_matrix.py:453]   Agent 6 progress: 30% (300/1000)
[12-16 09:57:51 MainThread @decentralized_fqi_matrix.py:453]   Agent 6 progress: 40% (400/1000)
[12-16 09:57:51 MainThread @decentralized_fqi_matrix.py:453]   Agent 6 progress: 50% (500/1000)
[12-16 09:57:51 MainThread @decentralized_fqi_matrix.py:453]   Agent 6 progress: 60% (600/1000)
[12-16 09:57:51 MainThread @decentralized_fqi_matrix.py:453]   Agent 6 progress: 70% (700/1000)
[12-16 09:57:51 MainThread @decentralized_fqi_matrix.py:453]   Agent 6 progress: 80% (800/1000)
[12-16 09:57:51 MainThread @decentralized_fqi_matrix.py:453]   Agent 6 progress: 90% (900/1000)
[12-16 09:57:51 MainThread @decentralized_fqi_matrix.py:486]   Agent 6 completed: avg Nash time=0.00ms
[12-16 09:57:51 MainThread @decentralized_fqi_matrix.py:389] Mean Nash solving time: 0.0000s
[12-16 09:57:51 MainThread @decentralized_fqi_matrix.py:393] Nash cache: 0.0% hit rate (0 hits, 12 misses, 12 cached)
[12-16 09:57:51 MainThread @decentralized_fqi_matrix.py:398] Solving (4) by DIGing decentralized optimization...
[12-16 09:57:53 MainThread @decentralized_fqi_matrix.py:417] Iteration 50 completed: loss=0.4579, td_error=0.5349, consensus_error=0.000722
[12-16 09:57:53 MainThread @decentralized_fqi_matrix.py:573]   [收敛检测] Loss趋势: +0.0004, 波动std: 0.0002
[12-16 09:57:53 MainThread @decentralized_fqi_matrix.py:581]   ✓ Loss已稳定(std=0.0002), 可能已收敛
[12-16 09:57:53 MainThread @train_matrix.py:293] 
=== Evaluation at Iteration 50 ===
[12-16 09:57:53 MainThread @train_matrix.py:294]   Nash distance: 0.816497
[12-16 09:57:53 MainThread @train_matrix.py:295]   Learned Nash value: 0.1464 (True: -0.0000)
[12-16 09:57:53 MainThread @train_matrix.py:297]   Value error: 0.146418

[12-16 09:57:53 MainThread @decentralized_fqi_matrix.py:369] 
=== Fitted Q-Iteration 51/100 ===
[12-16 09:57:53 MainThread @decentralized_fqi_matrix.py:379] Computing targets for agent 1/6...
[12-16 09:57:53 MainThread @decentralized_fqi_matrix.py:453]   Agent 1 progress: 10% (100/1000)
[12-16 09:57:53 MainThread @decentralized_fqi_matrix.py:453]   Agent 1 progress: 20% (200/1000)
[12-16 09:57:53 MainThread @decentralized_fqi_matrix.py:453]   Agent 1 progress: 30% (300/1000)
[12-16 09:57:53 MainThread @decentralized_fqi_matrix.py:453]   Agent 1 progress: 40% (400/1000)
[12-16 09:57:53 MainThread @decentralized_fqi_matrix.py:453]   Agent 1 progress: 50% (500/1000)
[12-16 09:57:53 MainThread @decentralized_fqi_matrix.py:453]   Agent 1 progress: 60% (600/1000)
[12-16 09:57:53 MainThread @decentralized_fqi_matrix.py:453]   Agent 1 progress: 70% (700/1000)
[12-16 09:57:53 MainThread @decentralized_fqi_matrix.py:453]   Agent 1 progress: 80% (800/1000)
[12-16 09:57:53 MainThread @decentralized_fqi_matrix.py:453]   Agent 1 progress: 90% (900/1000)
[12-16 09:57:53 MainThread @decentralized_fqi_matrix.py:486]   Agent 1 completed: avg Nash time=0.00ms
[12-16 09:57:53 MainThread @decentralized_fqi_matrix.py:379] Computing targets for agent 2/6...
[12-16 09:57:53 MainThread @decentralized_fqi_matrix.py:453]   Agent 2 progress: 10% (100/1000)
[12-16 09:57:53 MainThread @decentralized_fqi_matrix.py:453]   Agent 2 progress: 20% (200/1000)
[12-16 09:57:53 MainThread @decentralized_fqi_matrix.py:453]   Agent 2 progress: 30% (300/1000)
[12-16 09:57:53 MainThread @decentralized_fqi_matrix.py:453]   Agent 2 progress: 40% (400/1000)
[12-16 09:57:53 MainThread @decentralized_fqi_matrix.py:453]   Agent 2 progress: 50% (500/1000)
[12-16 09:57:53 MainThread @decentralized_fqi_matrix.py:453]   Agent 2 progress: 60% (600/1000)
[12-16 09:57:53 MainThread @decentralized_fqi_matrix.py:453]   Agent 2 progress: 70% (700/1000)
[12-16 09:57:53 MainThread @decentralized_fqi_matrix.py:453]   Agent 2 progress: 80% (800/1000)
[12-16 09:57:53 MainThread @decentralized_fqi_matrix.py:453]   Agent 2 progress: 90% (900/1000)
[12-16 09:57:53 MainThread @decentralized_fqi_matrix.py:486]   Agent 2 completed: avg Nash time=0.00ms
[12-16 09:57:53 MainThread @decentralized_fqi_matrix.py:379] Computing targets for agent 3/6...
[12-16 09:57:53 MainThread @decentralized_fqi_matrix.py:453]   Agent 3 progress: 10% (100/1000)
[12-16 09:57:53 MainThread @decentralized_fqi_matrix.py:453]   Agent 3 progress: 20% (200/1000)
[12-16 09:57:53 MainThread @decentralized_fqi_matrix.py:453]   Agent 3 progress: 30% (300/1000)
[12-16 09:57:53 MainThread @decentralized_fqi_matrix.py:453]   Agent 3 progress: 40% (400/1000)
[12-16 09:57:53 MainThread @decentralized_fqi_matrix.py:453]   Agent 3 progress: 50% (500/1000)
[12-16 09:57:53 MainThread @decentralized_fqi_matrix.py:453]   Agent 3 progress: 60% (600/1000)
[12-16 09:57:53 MainThread @decentralized_fqi_matrix.py:453]   Agent 3 progress: 70% (700/1000)
[12-16 09:57:53 MainThread @decentralized_fqi_matrix.py:453]   Agent 3 progress: 80% (800/1000)
[12-16 09:57:53 MainThread @decentralized_fqi_matrix.py:453]   Agent 3 progress: 90% (900/1000)
[12-16 09:57:53 MainThread @decentralized_fqi_matrix.py:486]   Agent 3 completed: avg Nash time=0.00ms
[12-16 09:57:53 MainThread @decentralized_fqi_matrix.py:379] Computing targets for agent 4/6...
[12-16 09:57:53 MainThread @decentralized_fqi_matrix.py:453]   Agent 4 progress: 10% (100/1000)
[12-16 09:57:53 MainThread @decentralized_fqi_matrix.py:453]   Agent 4 progress: 20% (200/1000)
[12-16 09:57:53 MainThread @decentralized_fqi_matrix.py:453]   Agent 4 progress: 30% (300/1000)
[12-16 09:57:53 MainThread @decentralized_fqi_matrix.py:453]   Agent 4 progress: 40% (400/1000)
[12-16 09:57:53 MainThread @decentralized_fqi_matrix.py:453]   Agent 4 progress: 50% (500/1000)
[12-16 09:57:53 MainThread @decentralized_fqi_matrix.py:453]   Agent 4 progress: 60% (600/1000)
[12-16 09:57:53 MainThread @decentralized_fqi_matrix.py:453]   Agent 4 progress: 70% (700/1000)
[12-16 09:57:53 MainThread @decentralized_fqi_matrix.py:453]   Agent 4 progress: 80% (800/1000)
[12-16 09:57:53 MainThread @decentralized_fqi_matrix.py:453]   Agent 4 progress: 90% (900/1000)
[12-16 09:57:53 MainThread @decentralized_fqi_matrix.py:486]   Agent 4 completed: avg Nash time=0.00ms
[12-16 09:57:53 MainThread @decentralized_fqi_matrix.py:379] Computing targets for agent 5/6...
[12-16 09:57:53 MainThread @decentralized_fqi_matrix.py:453]   Agent 5 progress: 10% (100/1000)
[12-16 09:57:53 MainThread @decentralized_fqi_matrix.py:453]   Agent 5 progress: 20% (200/1000)
[12-16 09:57:53 MainThread @decentralized_fqi_matrix.py:453]   Agent 5 progress: 30% (300/1000)
[12-16 09:57:53 MainThread @decentralized_fqi_matrix.py:453]   Agent 5 progress: 40% (400/1000)
[12-16 09:57:53 MainThread @decentralized_fqi_matrix.py:453]   Agent 5 progress: 50% (500/1000)
[12-16 09:57:53 MainThread @decentralized_fqi_matrix.py:453]   Agent 5 progress: 60% (600/1000)
[12-16 09:57:53 MainThread @decentralized_fqi_matrix.py:453]   Agent 5 progress: 70% (700/1000)
[12-16 09:57:53 MainThread @decentralized_fqi_matrix.py:453]   Agent 5 progress: 80% (800/1000)
[12-16 09:57:53 MainThread @decentralized_fqi_matrix.py:453]   Agent 5 progress: 90% (900/1000)
[12-16 09:57:53 MainThread @decentralized_fqi_matrix.py:486]   Agent 5 completed: avg Nash time=0.00ms
[12-16 09:57:53 MainThread @decentralized_fqi_matrix.py:379] Computing targets for agent 6/6...
[12-16 09:57:53 MainThread @decentralized_fqi_matrix.py:453]   Agent 6 progress: 10% (100/1000)
[12-16 09:57:53 MainThread @decentralized_fqi_matrix.py:453]   Agent 6 progress: 20% (200/1000)
[12-16 09:57:53 MainThread @decentralized_fqi_matrix.py:453]   Agent 6 progress: 30% (300/1000)
[12-16 09:57:53 MainThread @decentralized_fqi_matrix.py:453]   Agent 6 progress: 40% (400/1000)
[12-16 09:57:53 MainThread @decentralized_fqi_matrix.py:453]   Agent 6 progress: 50% (500/1000)
[12-16 09:57:53 MainThread @decentralized_fqi_matrix.py:453]   Agent 6 progress: 60% (600/1000)
[12-16 09:57:53 MainThread @decentralized_fqi_matrix.py:453]   Agent 6 progress: 70% (700/1000)
[12-16 09:57:53 MainThread @decentralized_fqi_matrix.py:453]   Agent 6 progress: 80% (800/1000)
[12-16 09:57:53 MainThread @decentralized_fqi_matrix.py:453]   Agent 6 progress: 90% (900/1000)
[12-16 09:57:53 MainThread @decentralized_fqi_matrix.py:486]   Agent 6 completed: avg Nash time=0.00ms
[12-16 09:57:53 MainThread @decentralized_fqi_matrix.py:389] Mean Nash solving time: 0.0000s
[12-16 09:57:53 MainThread @decentralized_fqi_matrix.py:393] Nash cache: 0.0% hit rate (0 hits, 15 misses, 15 cached)
[12-16 09:57:53 MainThread @decentralized_fqi_matrix.py:398] Solving (4) by DIGing decentralized optimization...
[12-16 09:57:55 MainThread @decentralized_fqi_matrix.py:417] Iteration 51 completed: loss=0.4583, td_error=0.5351, consensus_error=0.001015
[12-16 09:57:55 MainThread @decentralized_fqi_matrix.py:573]   [收敛检测] Loss趋势: -0.0002, 波动std: 0.0003
[12-16 09:57:55 MainThread @decentralized_fqi_matrix.py:581]   ✓ Loss已稳定(std=0.0003), 可能已收敛
[12-16 09:57:55 MainThread @decentralized_fqi_matrix.py:369] 
=== Fitted Q-Iteration 52/100 ===
[12-16 09:57:55 MainThread @decentralized_fqi_matrix.py:379] Computing targets for agent 1/6...
[12-16 09:57:55 MainThread @decentralized_fqi_matrix.py:453]   Agent 1 progress: 10% (100/1000)
[12-16 09:57:55 MainThread @decentralized_fqi_matrix.py:453]   Agent 1 progress: 20% (200/1000)
[12-16 09:57:55 MainThread @decentralized_fqi_matrix.py:453]   Agent 1 progress: 30% (300/1000)
[12-16 09:57:55 MainThread @decentralized_fqi_matrix.py:453]   Agent 1 progress: 40% (400/1000)
[12-16 09:57:55 MainThread @decentralized_fqi_matrix.py:453]   Agent 1 progress: 50% (500/1000)
[12-16 09:57:55 MainThread @decentralized_fqi_matrix.py:453]   Agent 1 progress: 60% (600/1000)
[12-16 09:57:55 MainThread @decentralized_fqi_matrix.py:453]   Agent 1 progress: 70% (700/1000)
[12-16 09:57:55 MainThread @decentralized_fqi_matrix.py:453]   Agent 1 progress: 80% (800/1000)
[12-16 09:57:55 MainThread @decentralized_fqi_matrix.py:453]   Agent 1 progress: 90% (900/1000)
[12-16 09:57:55 MainThread @decentralized_fqi_matrix.py:486]   Agent 1 completed: avg Nash time=0.00ms
[12-16 09:57:55 MainThread @decentralized_fqi_matrix.py:379] Computing targets for agent 2/6...
[12-16 09:57:55 MainThread @decentralized_fqi_matrix.py:453]   Agent 2 progress: 10% (100/1000)
[12-16 09:57:55 MainThread @decentralized_fqi_matrix.py:453]   Agent 2 progress: 20% (200/1000)
[12-16 09:57:55 MainThread @decentralized_fqi_matrix.py:453]   Agent 2 progress: 30% (300/1000)
[12-16 09:57:55 MainThread @decentralized_fqi_matrix.py:453]   Agent 2 progress: 40% (400/1000)
[12-16 09:57:55 MainThread @decentralized_fqi_matrix.py:453]   Agent 2 progress: 50% (500/1000)
[12-16 09:57:55 MainThread @decentralized_fqi_matrix.py:453]   Agent 2 progress: 60% (600/1000)
[12-16 09:57:55 MainThread @decentralized_fqi_matrix.py:453]   Agent 2 progress: 70% (700/1000)
[12-16 09:57:55 MainThread @decentralized_fqi_matrix.py:453]   Agent 2 progress: 80% (800/1000)
[12-16 09:57:55 MainThread @decentralized_fqi_matrix.py:453]   Agent 2 progress: 90% (900/1000)
[12-16 09:57:55 MainThread @decentralized_fqi_matrix.py:486]   Agent 2 completed: avg Nash time=0.00ms
[12-16 09:57:55 MainThread @decentralized_fqi_matrix.py:379] Computing targets for agent 3/6...
[12-16 09:57:55 MainThread @decentralized_fqi_matrix.py:453]   Agent 3 progress: 10% (100/1000)
[12-16 09:57:55 MainThread @decentralized_fqi_matrix.py:453]   Agent 3 progress: 20% (200/1000)
[12-16 09:57:55 MainThread @decentralized_fqi_matrix.py:453]   Agent 3 progress: 30% (300/1000)
[12-16 09:57:55 MainThread @decentralized_fqi_matrix.py:453]   Agent 3 progress: 40% (400/1000)
[12-16 09:57:55 MainThread @decentralized_fqi_matrix.py:453]   Agent 3 progress: 50% (500/1000)
[12-16 09:57:55 MainThread @decentralized_fqi_matrix.py:453]   Agent 3 progress: 60% (600/1000)
[12-16 09:57:55 MainThread @decentralized_fqi_matrix.py:453]   Agent 3 progress: 70% (700/1000)
[12-16 09:57:55 MainThread @decentralized_fqi_matrix.py:453]   Agent 3 progress: 80% (800/1000)
[12-16 09:57:55 MainThread @decentralized_fqi_matrix.py:453]   Agent 3 progress: 90% (900/1000)
[12-16 09:57:55 MainThread @decentralized_fqi_matrix.py:486]   Agent 3 completed: avg Nash time=0.00ms
[12-16 09:57:55 MainThread @decentralized_fqi_matrix.py:379] Computing targets for agent 4/6...
[12-16 09:57:55 MainThread @decentralized_fqi_matrix.py:453]   Agent 4 progress: 10% (100/1000)
[12-16 09:57:55 MainThread @decentralized_fqi_matrix.py:453]   Agent 4 progress: 20% (200/1000)
[12-16 09:57:55 MainThread @decentralized_fqi_matrix.py:453]   Agent 4 progress: 30% (300/1000)
[12-16 09:57:55 MainThread @decentralized_fqi_matrix.py:453]   Agent 4 progress: 40% (400/1000)
[12-16 09:57:55 MainThread @decentralized_fqi_matrix.py:453]   Agent 4 progress: 50% (500/1000)
[12-16 09:57:55 MainThread @decentralized_fqi_matrix.py:453]   Agent 4 progress: 60% (600/1000)
[12-16 09:57:55 MainThread @decentralized_fqi_matrix.py:453]   Agent 4 progress: 70% (700/1000)
[12-16 09:57:55 MainThread @decentralized_fqi_matrix.py:453]   Agent 4 progress: 80% (800/1000)
[12-16 09:57:55 MainThread @decentralized_fqi_matrix.py:453]   Agent 4 progress: 90% (900/1000)
[12-16 09:57:55 MainThread @decentralized_fqi_matrix.py:486]   Agent 4 completed: avg Nash time=0.00ms
[12-16 09:57:55 MainThread @decentralized_fqi_matrix.py:379] Computing targets for agent 5/6...
[12-16 09:57:55 MainThread @decentralized_fqi_matrix.py:453]   Agent 5 progress: 10% (100/1000)
[12-16 09:57:55 MainThread @decentralized_fqi_matrix.py:453]   Agent 5 progress: 20% (200/1000)
[12-16 09:57:55 MainThread @decentralized_fqi_matrix.py:453]   Agent 5 progress: 30% (300/1000)
[12-16 09:57:55 MainThread @decentralized_fqi_matrix.py:453]   Agent 5 progress: 40% (400/1000)
[12-16 09:57:55 MainThread @decentralized_fqi_matrix.py:453]   Agent 5 progress: 50% (500/1000)
[12-16 09:57:55 MainThread @decentralized_fqi_matrix.py:453]   Agent 5 progress: 60% (600/1000)
[12-16 09:57:55 MainThread @decentralized_fqi_matrix.py:453]   Agent 5 progress: 70% (700/1000)
[12-16 09:57:55 MainThread @decentralized_fqi_matrix.py:453]   Agent 5 progress: 80% (800/1000)
[12-16 09:57:55 MainThread @decentralized_fqi_matrix.py:453]   Agent 5 progress: 90% (900/1000)
[12-16 09:57:55 MainThread @decentralized_fqi_matrix.py:486]   Agent 5 completed: avg Nash time=0.00ms
[12-16 09:57:55 MainThread @decentralized_fqi_matrix.py:379] Computing targets for agent 6/6...
[12-16 09:57:55 MainThread @decentralized_fqi_matrix.py:453]   Agent 6 progress: 10% (100/1000)
[12-16 09:57:55 MainThread @decentralized_fqi_matrix.py:453]   Agent 6 progress: 20% (200/1000)
[12-16 09:57:55 MainThread @decentralized_fqi_matrix.py:453]   Agent 6 progress: 30% (300/1000)
[12-16 09:57:55 MainThread @decentralized_fqi_matrix.py:453]   Agent 6 progress: 40% (400/1000)
[12-16 09:57:55 MainThread @decentralized_fqi_matrix.py:453]   Agent 6 progress: 50% (500/1000)
[12-16 09:57:55 MainThread @decentralized_fqi_matrix.py:453]   Agent 6 progress: 60% (600/1000)
[12-16 09:57:55 MainThread @decentralized_fqi_matrix.py:453]   Agent 6 progress: 70% (700/1000)
[12-16 09:57:55 MainThread @decentralized_fqi_matrix.py:453]   Agent 6 progress: 80% (800/1000)
[12-16 09:57:55 MainThread @decentralized_fqi_matrix.py:453]   Agent 6 progress: 90% (900/1000)
[12-16 09:57:55 MainThread @decentralized_fqi_matrix.py:486]   Agent 6 completed: avg Nash time=0.00ms
[12-16 09:57:55 MainThread @decentralized_fqi_matrix.py:389] Mean Nash solving time: 0.0000s
[12-16 09:57:55 MainThread @decentralized_fqi_matrix.py:393] Nash cache: 0.0% hit rate (0 hits, 15 misses, 15 cached)
[12-16 09:57:55 MainThread @decentralized_fqi_matrix.py:398] Solving (4) by DIGing decentralized optimization...
[12-16 09:57:57 MainThread @decentralized_fqi_matrix.py:417] Iteration 52 completed: loss=0.4575, td_error=0.5345, consensus_error=0.002374
[12-16 09:57:57 MainThread @decentralized_fqi_matrix.py:573]   [收敛检测] Loss趋势: +0.0011, 波动std: 0.0004
[12-16 09:57:57 MainThread @decentralized_fqi_matrix.py:581]   ✓ Loss已稳定(std=0.0004), 可能已收敛
[12-16 09:57:57 MainThread @decentralized_fqi_matrix.py:369] 
=== Fitted Q-Iteration 53/100 ===
[12-16 09:57:57 MainThread @decentralized_fqi_matrix.py:379] Computing targets for agent 1/6...
[12-16 09:57:57 MainThread @decentralized_fqi_matrix.py:453]   Agent 1 progress: 10% (100/1000)
[12-16 09:57:57 MainThread @decentralized_fqi_matrix.py:453]   Agent 1 progress: 20% (200/1000)
[12-16 09:57:57 MainThread @decentralized_fqi_matrix.py:453]   Agent 1 progress: 30% (300/1000)
[12-16 09:57:57 MainThread @decentralized_fqi_matrix.py:453]   Agent 1 progress: 40% (400/1000)
[12-16 09:57:57 MainThread @decentralized_fqi_matrix.py:453]   Agent 1 progress: 50% (500/1000)
[12-16 09:57:57 MainThread @decentralized_fqi_matrix.py:453]   Agent 1 progress: 60% (600/1000)
[12-16 09:57:57 MainThread @decentralized_fqi_matrix.py:453]   Agent 1 progress: 70% (700/1000)
[12-16 09:57:57 MainThread @decentralized_fqi_matrix.py:453]   Agent 1 progress: 80% (800/1000)
[12-16 09:57:57 MainThread @decentralized_fqi_matrix.py:453]   Agent 1 progress: 90% (900/1000)
[12-16 09:57:57 MainThread @decentralized_fqi_matrix.py:486]   Agent 1 completed: avg Nash time=0.00ms
[12-16 09:57:57 MainThread @decentralized_fqi_matrix.py:379] Computing targets for agent 2/6...
[12-16 09:57:57 MainThread @decentralized_fqi_matrix.py:453]   Agent 2 progress: 10% (100/1000)
[12-16 09:57:57 MainThread @decentralized_fqi_matrix.py:453]   Agent 2 progress: 20% (200/1000)
[12-16 09:57:57 MainThread @decentralized_fqi_matrix.py:453]   Agent 2 progress: 30% (300/1000)
[12-16 09:57:57 MainThread @decentralized_fqi_matrix.py:453]   Agent 2 progress: 40% (400/1000)
[12-16 09:57:57 MainThread @decentralized_fqi_matrix.py:453]   Agent 2 progress: 50% (500/1000)
[12-16 09:57:57 MainThread @decentralized_fqi_matrix.py:453]   Agent 2 progress: 60% (600/1000)
[12-16 09:57:57 MainThread @decentralized_fqi_matrix.py:453]   Agent 2 progress: 70% (700/1000)
[12-16 09:57:57 MainThread @decentralized_fqi_matrix.py:453]   Agent 2 progress: 80% (800/1000)
[12-16 09:57:57 MainThread @decentralized_fqi_matrix.py:453]   Agent 2 progress: 90% (900/1000)
[12-16 09:57:57 MainThread @decentralized_fqi_matrix.py:486]   Agent 2 completed: avg Nash time=0.00ms
[12-16 09:57:57 MainThread @decentralized_fqi_matrix.py:379] Computing targets for agent 3/6...
[12-16 09:57:57 MainThread @decentralized_fqi_matrix.py:453]   Agent 3 progress: 10% (100/1000)
[12-16 09:57:57 MainThread @decentralized_fqi_matrix.py:453]   Agent 3 progress: 20% (200/1000)
[12-16 09:57:57 MainThread @decentralized_fqi_matrix.py:453]   Agent 3 progress: 30% (300/1000)
[12-16 09:57:57 MainThread @decentralized_fqi_matrix.py:453]   Agent 3 progress: 40% (400/1000)
[12-16 09:57:57 MainThread @decentralized_fqi_matrix.py:453]   Agent 3 progress: 50% (500/1000)
[12-16 09:57:57 MainThread @decentralized_fqi_matrix.py:453]   Agent 3 progress: 60% (600/1000)
[12-16 09:57:57 MainThread @decentralized_fqi_matrix.py:453]   Agent 3 progress: 70% (700/1000)
[12-16 09:57:57 MainThread @decentralized_fqi_matrix.py:453]   Agent 3 progress: 80% (800/1000)
[12-16 09:57:57 MainThread @decentralized_fqi_matrix.py:453]   Agent 3 progress: 90% (900/1000)
[12-16 09:57:57 MainThread @decentralized_fqi_matrix.py:486]   Agent 3 completed: avg Nash time=0.00ms
[12-16 09:57:57 MainThread @decentralized_fqi_matrix.py:379] Computing targets for agent 4/6...
[12-16 09:57:57 MainThread @decentralized_fqi_matrix.py:453]   Agent 4 progress: 10% (100/1000)
[12-16 09:57:57 MainThread @decentralized_fqi_matrix.py:453]   Agent 4 progress: 20% (200/1000)
[12-16 09:57:57 MainThread @decentralized_fqi_matrix.py:453]   Agent 4 progress: 30% (300/1000)
[12-16 09:57:57 MainThread @decentralized_fqi_matrix.py:453]   Agent 4 progress: 40% (400/1000)
[12-16 09:57:57 MainThread @decentralized_fqi_matrix.py:453]   Agent 4 progress: 50% (500/1000)
[12-16 09:57:57 MainThread @decentralized_fqi_matrix.py:453]   Agent 4 progress: 60% (600/1000)
[12-16 09:57:57 MainThread @decentralized_fqi_matrix.py:453]   Agent 4 progress: 70% (700/1000)
[12-16 09:57:57 MainThread @decentralized_fqi_matrix.py:453]   Agent 4 progress: 80% (800/1000)
[12-16 09:57:57 MainThread @decentralized_fqi_matrix.py:453]   Agent 4 progress: 90% (900/1000)
[12-16 09:57:57 MainThread @decentralized_fqi_matrix.py:486]   Agent 4 completed: avg Nash time=0.00ms
[12-16 09:57:57 MainThread @decentralized_fqi_matrix.py:379] Computing targets for agent 5/6...
[12-16 09:57:57 MainThread @decentralized_fqi_matrix.py:453]   Agent 5 progress: 10% (100/1000)
[12-16 09:57:57 MainThread @decentralized_fqi_matrix.py:453]   Agent 5 progress: 20% (200/1000)
[12-16 09:57:57 MainThread @decentralized_fqi_matrix.py:453]   Agent 5 progress: 30% (300/1000)
[12-16 09:57:57 MainThread @decentralized_fqi_matrix.py:453]   Agent 5 progress: 40% (400/1000)
[12-16 09:57:57 MainThread @decentralized_fqi_matrix.py:453]   Agent 5 progress: 50% (500/1000)
[12-16 09:57:57 MainThread @decentralized_fqi_matrix.py:453]   Agent 5 progress: 60% (600/1000)
[12-16 09:57:57 MainThread @decentralized_fqi_matrix.py:453]   Agent 5 progress: 70% (700/1000)
[12-16 09:57:57 MainThread @decentralized_fqi_matrix.py:453]   Agent 5 progress: 80% (800/1000)
[12-16 09:57:57 MainThread @decentralized_fqi_matrix.py:453]   Agent 5 progress: 90% (900/1000)
[12-16 09:57:57 MainThread @decentralized_fqi_matrix.py:486]   Agent 5 completed: avg Nash time=0.00ms
[12-16 09:57:57 MainThread @decentralized_fqi_matrix.py:379] Computing targets for agent 6/6...
[12-16 09:57:57 MainThread @decentralized_fqi_matrix.py:453]   Agent 6 progress: 10% (100/1000)
[12-16 09:57:57 MainThread @decentralized_fqi_matrix.py:453]   Agent 6 progress: 20% (200/1000)
[12-16 09:57:57 MainThread @decentralized_fqi_matrix.py:453]   Agent 6 progress: 30% (300/1000)
[12-16 09:57:57 MainThread @decentralized_fqi_matrix.py:453]   Agent 6 progress: 40% (400/1000)
[12-16 09:57:57 MainThread @decentralized_fqi_matrix.py:453]   Agent 6 progress: 50% (500/1000)
[12-16 09:57:57 MainThread @decentralized_fqi_matrix.py:453]   Agent 6 progress: 60% (600/1000)
[12-16 09:57:57 MainThread @decentralized_fqi_matrix.py:453]   Agent 6 progress: 70% (700/1000)
[12-16 09:57:57 MainThread @decentralized_fqi_matrix.py:453]   Agent 6 progress: 80% (800/1000)
[12-16 09:57:57 MainThread @decentralized_fqi_matrix.py:453]   Agent 6 progress: 90% (900/1000)
[12-16 09:57:57 MainThread @decentralized_fqi_matrix.py:486]   Agent 6 completed: avg Nash time=0.00ms
[12-16 09:57:57 MainThread @decentralized_fqi_matrix.py:389] Mean Nash solving time: 0.0000s
[12-16 09:57:57 MainThread @decentralized_fqi_matrix.py:393] Nash cache: 0.0% hit rate (0 hits, 15 misses, 15 cached)
[12-16 09:57:57 MainThread @decentralized_fqi_matrix.py:398] Solving (4) by DIGing decentralized optimization...
[12-16 09:57:59 MainThread @decentralized_fqi_matrix.py:417] Iteration 53 completed: loss=0.4589, td_error=0.5359, consensus_error=0.001493
[12-16 09:57:59 MainThread @decentralized_fqi_matrix.py:573]   [收敛检测] Loss趋势: -0.0010, 波动std: 0.0005
[12-16 09:57:59 MainThread @decentralized_fqi_matrix.py:581]   ✓ Loss已稳定(std=0.0005), 可能已收敛
[12-16 09:57:59 MainThread @decentralized_fqi_matrix.py:369] 
=== Fitted Q-Iteration 54/100 ===
[12-16 09:57:59 MainThread @decentralized_fqi_matrix.py:379] Computing targets for agent 1/6...
[12-16 09:57:59 MainThread @decentralized_fqi_matrix.py:453]   Agent 1 progress: 10% (100/1000)
[12-16 09:57:59 MainThread @decentralized_fqi_matrix.py:453]   Agent 1 progress: 20% (200/1000)
[12-16 09:57:59 MainThread @decentralized_fqi_matrix.py:453]   Agent 1 progress: 30% (300/1000)
[12-16 09:57:59 MainThread @decentralized_fqi_matrix.py:453]   Agent 1 progress: 40% (400/1000)
[12-16 09:57:59 MainThread @decentralized_fqi_matrix.py:453]   Agent 1 progress: 50% (500/1000)
[12-16 09:57:59 MainThread @decentralized_fqi_matrix.py:453]   Agent 1 progress: 60% (600/1000)
[12-16 09:57:59 MainThread @decentralized_fqi_matrix.py:453]   Agent 1 progress: 70% (700/1000)
[12-16 09:57:59 MainThread @decentralized_fqi_matrix.py:453]   Agent 1 progress: 80% (800/1000)
[12-16 09:57:59 MainThread @decentralized_fqi_matrix.py:453]   Agent 1 progress: 90% (900/1000)
[12-16 09:57:59 MainThread @decentralized_fqi_matrix.py:486]   Agent 1 completed: avg Nash time=0.00ms
[12-16 09:57:59 MainThread @decentralized_fqi_matrix.py:379] Computing targets for agent 2/6...
[12-16 09:57:59 MainThread @decentralized_fqi_matrix.py:453]   Agent 2 progress: 10% (100/1000)
[12-16 09:57:59 MainThread @decentralized_fqi_matrix.py:453]   Agent 2 progress: 20% (200/1000)
[12-16 09:57:59 MainThread @decentralized_fqi_matrix.py:453]   Agent 2 progress: 30% (300/1000)
[12-16 09:57:59 MainThread @decentralized_fqi_matrix.py:453]   Agent 2 progress: 40% (400/1000)
[12-16 09:57:59 MainThread @decentralized_fqi_matrix.py:453]   Agent 2 progress: 50% (500/1000)
[12-16 09:57:59 MainThread @decentralized_fqi_matrix.py:453]   Agent 2 progress: 60% (600/1000)
[12-16 09:57:59 MainThread @decentralized_fqi_matrix.py:453]   Agent 2 progress: 70% (700/1000)
[12-16 09:57:59 MainThread @decentralized_fqi_matrix.py:453]   Agent 2 progress: 80% (800/1000)
[12-16 09:57:59 MainThread @decentralized_fqi_matrix.py:453]   Agent 2 progress: 90% (900/1000)
[12-16 09:57:59 MainThread @decentralized_fqi_matrix.py:486]   Agent 2 completed: avg Nash time=0.00ms
[12-16 09:57:59 MainThread @decentralized_fqi_matrix.py:379] Computing targets for agent 3/6...
[12-16 09:57:59 MainThread @decentralized_fqi_matrix.py:453]   Agent 3 progress: 10% (100/1000)
[12-16 09:57:59 MainThread @decentralized_fqi_matrix.py:453]   Agent 3 progress: 20% (200/1000)
[12-16 09:57:59 MainThread @decentralized_fqi_matrix.py:453]   Agent 3 progress: 30% (300/1000)
[12-16 09:57:59 MainThread @decentralized_fqi_matrix.py:453]   Agent 3 progress: 40% (400/1000)
[12-16 09:57:59 MainThread @decentralized_fqi_matrix.py:453]   Agent 3 progress: 50% (500/1000)
[12-16 09:57:59 MainThread @decentralized_fqi_matrix.py:453]   Agent 3 progress: 60% (600/1000)
[12-16 09:57:59 MainThread @decentralized_fqi_matrix.py:453]   Agent 3 progress: 70% (700/1000)
[12-16 09:57:59 MainThread @decentralized_fqi_matrix.py:453]   Agent 3 progress: 80% (800/1000)
[12-16 09:57:59 MainThread @decentralized_fqi_matrix.py:453]   Agent 3 progress: 90% (900/1000)
[12-16 09:57:59 MainThread @decentralized_fqi_matrix.py:486]   Agent 3 completed: avg Nash time=0.00ms
[12-16 09:57:59 MainThread @decentralized_fqi_matrix.py:379] Computing targets for agent 4/6...
[12-16 09:57:59 MainThread @decentralized_fqi_matrix.py:453]   Agent 4 progress: 10% (100/1000)
[12-16 09:57:59 MainThread @decentralized_fqi_matrix.py:453]   Agent 4 progress: 20% (200/1000)
[12-16 09:57:59 MainThread @decentralized_fqi_matrix.py:453]   Agent 4 progress: 30% (300/1000)
[12-16 09:57:59 MainThread @decentralized_fqi_matrix.py:453]   Agent 4 progress: 40% (400/1000)
[12-16 09:57:59 MainThread @decentralized_fqi_matrix.py:453]   Agent 4 progress: 50% (500/1000)
[12-16 09:57:59 MainThread @decentralized_fqi_matrix.py:453]   Agent 4 progress: 60% (600/1000)
[12-16 09:57:59 MainThread @decentralized_fqi_matrix.py:453]   Agent 4 progress: 70% (700/1000)
[12-16 09:57:59 MainThread @decentralized_fqi_matrix.py:453]   Agent 4 progress: 80% (800/1000)
[12-16 09:57:59 MainThread @decentralized_fqi_matrix.py:453]   Agent 4 progress: 90% (900/1000)
[12-16 09:57:59 MainThread @decentralized_fqi_matrix.py:486]   Agent 4 completed: avg Nash time=0.00ms
[12-16 09:57:59 MainThread @decentralized_fqi_matrix.py:379] Computing targets for agent 5/6...
[12-16 09:57:59 MainThread @decentralized_fqi_matrix.py:453]   Agent 5 progress: 10% (100/1000)
[12-16 09:57:59 MainThread @decentralized_fqi_matrix.py:453]   Agent 5 progress: 20% (200/1000)
[12-16 09:57:59 MainThread @decentralized_fqi_matrix.py:453]   Agent 5 progress: 30% (300/1000)
[12-16 09:57:59 MainThread @decentralized_fqi_matrix.py:453]   Agent 5 progress: 40% (400/1000)
[12-16 09:57:59 MainThread @decentralized_fqi_matrix.py:453]   Agent 5 progress: 50% (500/1000)
[12-16 09:57:59 MainThread @decentralized_fqi_matrix.py:453]   Agent 5 progress: 60% (600/1000)
[12-16 09:57:59 MainThread @decentralized_fqi_matrix.py:453]   Agent 5 progress: 70% (700/1000)
[12-16 09:57:59 MainThread @decentralized_fqi_matrix.py:453]   Agent 5 progress: 80% (800/1000)
[12-16 09:57:59 MainThread @decentralized_fqi_matrix.py:453]   Agent 5 progress: 90% (900/1000)
[12-16 09:57:59 MainThread @decentralized_fqi_matrix.py:486]   Agent 5 completed: avg Nash time=0.00ms
[12-16 09:57:59 MainThread @decentralized_fqi_matrix.py:379] Computing targets for agent 6/6...
[12-16 09:57:59 MainThread @decentralized_fqi_matrix.py:453]   Agent 6 progress: 10% (100/1000)
[12-16 09:57:59 MainThread @decentralized_fqi_matrix.py:453]   Agent 6 progress: 20% (200/1000)
[12-16 09:57:59 MainThread @decentralized_fqi_matrix.py:453]   Agent 6 progress: 30% (300/1000)
[12-16 09:57:59 MainThread @decentralized_fqi_matrix.py:453]   Agent 6 progress: 40% (400/1000)
[12-16 09:57:59 MainThread @decentralized_fqi_matrix.py:453]   Agent 6 progress: 50% (500/1000)
[12-16 09:57:59 MainThread @decentralized_fqi_matrix.py:453]   Agent 6 progress: 60% (600/1000)
[12-16 09:57:59 MainThread @decentralized_fqi_matrix.py:453]   Agent 6 progress: 70% (700/1000)
[12-16 09:57:59 MainThread @decentralized_fqi_matrix.py:453]   Agent 6 progress: 80% (800/1000)
[12-16 09:57:59 MainThread @decentralized_fqi_matrix.py:453]   Agent 6 progress: 90% (900/1000)
[12-16 09:57:59 MainThread @decentralized_fqi_matrix.py:486]   Agent 6 completed: avg Nash time=0.00ms
[12-16 09:57:59 MainThread @decentralized_fqi_matrix.py:389] Mean Nash solving time: 0.0000s
[12-16 09:57:59 MainThread @decentralized_fqi_matrix.py:393] Nash cache: 0.0% hit rate (0 hits, 15 misses, 15 cached)
[12-16 09:57:59 MainThread @decentralized_fqi_matrix.py:398] Solving (4) by DIGing decentralized optimization...
[12-16 09:58:01 MainThread @decentralized_fqi_matrix.py:417] Iteration 54 completed: loss=0.4580, td_error=0.5349, consensus_error=0.000792
[12-16 09:58:01 MainThread @decentralized_fqi_matrix.py:573]   [收敛检测] Loss趋势: -0.0001, 波动std: 0.0005
[12-16 09:58:01 MainThread @decentralized_fqi_matrix.py:581]   ✓ Loss已稳定(std=0.0005), 可能已收敛
[12-16 09:58:01 MainThread @decentralized_fqi_matrix.py:369] 
=== Fitted Q-Iteration 55/100 ===
[12-16 09:58:01 MainThread @decentralized_fqi_matrix.py:379] Computing targets for agent 1/6...
[12-16 09:58:01 MainThread @decentralized_fqi_matrix.py:453]   Agent 1 progress: 10% (100/1000)
[12-16 09:58:01 MainThread @decentralized_fqi_matrix.py:453]   Agent 1 progress: 20% (200/1000)
[12-16 09:58:01 MainThread @decentralized_fqi_matrix.py:453]   Agent 1 progress: 30% (300/1000)
[12-16 09:58:01 MainThread @decentralized_fqi_matrix.py:453]   Agent 1 progress: 40% (400/1000)
[12-16 09:58:01 MainThread @decentralized_fqi_matrix.py:453]   Agent 1 progress: 50% (500/1000)
[12-16 09:58:01 MainThread @decentralized_fqi_matrix.py:453]   Agent 1 progress: 60% (600/1000)
[12-16 09:58:01 MainThread @decentralized_fqi_matrix.py:453]   Agent 1 progress: 70% (700/1000)
[12-16 09:58:01 MainThread @decentralized_fqi_matrix.py:453]   Agent 1 progress: 80% (800/1000)
[12-16 09:58:01 MainThread @decentralized_fqi_matrix.py:453]   Agent 1 progress: 90% (900/1000)
[12-16 09:58:01 MainThread @decentralized_fqi_matrix.py:486]   Agent 1 completed: avg Nash time=0.00ms
[12-16 09:58:01 MainThread @decentralized_fqi_matrix.py:379] Computing targets for agent 2/6...
[12-16 09:58:01 MainThread @decentralized_fqi_matrix.py:453]   Agent 2 progress: 10% (100/1000)
[12-16 09:58:01 MainThread @decentralized_fqi_matrix.py:453]   Agent 2 progress: 20% (200/1000)
[12-16 09:58:01 MainThread @decentralized_fqi_matrix.py:453]   Agent 2 progress: 30% (300/1000)
[12-16 09:58:01 MainThread @decentralized_fqi_matrix.py:453]   Agent 2 progress: 40% (400/1000)
[12-16 09:58:01 MainThread @decentralized_fqi_matrix.py:453]   Agent 2 progress: 50% (500/1000)
[12-16 09:58:01 MainThread @decentralized_fqi_matrix.py:453]   Agent 2 progress: 60% (600/1000)
[12-16 09:58:01 MainThread @decentralized_fqi_matrix.py:453]   Agent 2 progress: 70% (700/1000)
[12-16 09:58:01 MainThread @decentralized_fqi_matrix.py:453]   Agent 2 progress: 80% (800/1000)
[12-16 09:58:01 MainThread @decentralized_fqi_matrix.py:453]   Agent 2 progress: 90% (900/1000)
[12-16 09:58:01 MainThread @decentralized_fqi_matrix.py:486]   Agent 2 completed: avg Nash time=0.00ms
[12-16 09:58:01 MainThread @decentralized_fqi_matrix.py:379] Computing targets for agent 3/6...
[12-16 09:58:01 MainThread @decentralized_fqi_matrix.py:453]   Agent 3 progress: 10% (100/1000)
[12-16 09:58:01 MainThread @decentralized_fqi_matrix.py:453]   Agent 3 progress: 20% (200/1000)
[12-16 09:58:01 MainThread @decentralized_fqi_matrix.py:453]   Agent 3 progress: 30% (300/1000)
[12-16 09:58:01 MainThread @decentralized_fqi_matrix.py:453]   Agent 3 progress: 40% (400/1000)
[12-16 09:58:01 MainThread @decentralized_fqi_matrix.py:453]   Agent 3 progress: 50% (500/1000)
[12-16 09:58:01 MainThread @decentralized_fqi_matrix.py:453]   Agent 3 progress: 60% (600/1000)
[12-16 09:58:01 MainThread @decentralized_fqi_matrix.py:453]   Agent 3 progress: 70% (700/1000)
[12-16 09:58:01 MainThread @decentralized_fqi_matrix.py:453]   Agent 3 progress: 80% (800/1000)
[12-16 09:58:01 MainThread @decentralized_fqi_matrix.py:453]   Agent 3 progress: 90% (900/1000)
[12-16 09:58:01 MainThread @decentralized_fqi_matrix.py:486]   Agent 3 completed: avg Nash time=0.00ms
[12-16 09:58:01 MainThread @decentralized_fqi_matrix.py:379] Computing targets for agent 4/6...
[12-16 09:58:01 MainThread @decentralized_fqi_matrix.py:453]   Agent 4 progress: 10% (100/1000)
[12-16 09:58:01 MainThread @decentralized_fqi_matrix.py:453]   Agent 4 progress: 20% (200/1000)
[12-16 09:58:01 MainThread @decentralized_fqi_matrix.py:453]   Agent 4 progress: 30% (300/1000)
[12-16 09:58:01 MainThread @decentralized_fqi_matrix.py:453]   Agent 4 progress: 40% (400/1000)
[12-16 09:58:01 MainThread @decentralized_fqi_matrix.py:453]   Agent 4 progress: 50% (500/1000)
[12-16 09:58:01 MainThread @decentralized_fqi_matrix.py:453]   Agent 4 progress: 60% (600/1000)
[12-16 09:58:01 MainThread @decentralized_fqi_matrix.py:453]   Agent 4 progress: 70% (700/1000)
[12-16 09:58:01 MainThread @decentralized_fqi_matrix.py:453]   Agent 4 progress: 80% (800/1000)
[12-16 09:58:01 MainThread @decentralized_fqi_matrix.py:453]   Agent 4 progress: 90% (900/1000)
[12-16 09:58:01 MainThread @decentralized_fqi_matrix.py:486]   Agent 4 completed: avg Nash time=0.00ms
[12-16 09:58:01 MainThread @decentralized_fqi_matrix.py:379] Computing targets for agent 5/6...
[12-16 09:58:01 MainThread @decentralized_fqi_matrix.py:453]   Agent 5 progress: 10% (100/1000)
[12-16 09:58:01 MainThread @decentralized_fqi_matrix.py:453]   Agent 5 progress: 20% (200/1000)
[12-16 09:58:01 MainThread @decentralized_fqi_matrix.py:453]   Agent 5 progress: 30% (300/1000)
[12-16 09:58:01 MainThread @decentralized_fqi_matrix.py:453]   Agent 5 progress: 40% (400/1000)
[12-16 09:58:01 MainThread @decentralized_fqi_matrix.py:453]   Agent 5 progress: 50% (500/1000)
[12-16 09:58:01 MainThread @decentralized_fqi_matrix.py:453]   Agent 5 progress: 60% (600/1000)
[12-16 09:58:01 MainThread @decentralized_fqi_matrix.py:453]   Agent 5 progress: 70% (700/1000)
[12-16 09:58:01 MainThread @decentralized_fqi_matrix.py:453]   Agent 5 progress: 80% (800/1000)
[12-16 09:58:01 MainThread @decentralized_fqi_matrix.py:453]   Agent 5 progress: 90% (900/1000)
[12-16 09:58:01 MainThread @decentralized_fqi_matrix.py:486]   Agent 5 completed: avg Nash time=0.00ms
[12-16 09:58:01 MainThread @decentralized_fqi_matrix.py:379] Computing targets for agent 6/6...
[12-16 09:58:01 MainThread @decentralized_fqi_matrix.py:453]   Agent 6 progress: 10% (100/1000)
[12-16 09:58:01 MainThread @decentralized_fqi_matrix.py:453]   Agent 6 progress: 20% (200/1000)
[12-16 09:58:01 MainThread @decentralized_fqi_matrix.py:453]   Agent 6 progress: 30% (300/1000)
[12-16 09:58:01 MainThread @decentralized_fqi_matrix.py:453]   Agent 6 progress: 40% (400/1000)
[12-16 09:58:01 MainThread @decentralized_fqi_matrix.py:453]   Agent 6 progress: 50% (500/1000)
[12-16 09:58:01 MainThread @decentralized_fqi_matrix.py:453]   Agent 6 progress: 60% (600/1000)
[12-16 09:58:01 MainThread @decentralized_fqi_matrix.py:453]   Agent 6 progress: 70% (700/1000)
[12-16 09:58:01 MainThread @decentralized_fqi_matrix.py:453]   Agent 6 progress: 80% (800/1000)
[12-16 09:58:01 MainThread @decentralized_fqi_matrix.py:453]   Agent 6 progress: 90% (900/1000)
[12-16 09:58:01 MainThread @decentralized_fqi_matrix.py:486]   Agent 6 completed: avg Nash time=0.00ms
[12-16 09:58:01 MainThread @decentralized_fqi_matrix.py:389] Mean Nash solving time: 0.0000s
[12-16 09:58:01 MainThread @decentralized_fqi_matrix.py:393] Nash cache: 0.0% hit rate (0 hits, 15 misses, 15 cached)
[12-16 09:58:01 MainThread @decentralized_fqi_matrix.py:398] Solving (4) by DIGing decentralized optimization...
[12-16 09:58:03 MainThread @decentralized_fqi_matrix.py:417] Iteration 55 completed: loss=0.4583, td_error=0.5351, consensus_error=0.000674
[12-16 09:58:03 MainThread @decentralized_fqi_matrix.py:573]   [收敛检测] Loss趋势: +0.0001, 波动std: 0.0005
[12-16 09:58:03 MainThread @decentralized_fqi_matrix.py:581]   ✓ Loss已稳定(std=0.0005), 可能已收敛
[12-16 09:58:03 MainThread @decentralized_fqi_matrix.py:369] 
=== Fitted Q-Iteration 56/100 ===
[12-16 09:58:03 MainThread @decentralized_fqi_matrix.py:379] Computing targets for agent 1/6...
[12-16 09:58:03 MainThread @decentralized_fqi_matrix.py:453]   Agent 1 progress: 10% (100/1000)
[12-16 09:58:03 MainThread @decentralized_fqi_matrix.py:453]   Agent 1 progress: 20% (200/1000)
[12-16 09:58:03 MainThread @decentralized_fqi_matrix.py:453]   Agent 1 progress: 30% (300/1000)
[12-16 09:58:03 MainThread @decentralized_fqi_matrix.py:453]   Agent 1 progress: 40% (400/1000)
[12-16 09:58:03 MainThread @decentralized_fqi_matrix.py:453]   Agent 1 progress: 50% (500/1000)
[12-16 09:58:03 MainThread @decentralized_fqi_matrix.py:453]   Agent 1 progress: 60% (600/1000)
[12-16 09:58:03 MainThread @decentralized_fqi_matrix.py:453]   Agent 1 progress: 70% (700/1000)
[12-16 09:58:03 MainThread @decentralized_fqi_matrix.py:453]   Agent 1 progress: 80% (800/1000)
[12-16 09:58:03 MainThread @decentralized_fqi_matrix.py:453]   Agent 1 progress: 90% (900/1000)
[12-16 09:58:03 MainThread @decentralized_fqi_matrix.py:486]   Agent 1 completed: avg Nash time=0.00ms
[12-16 09:58:03 MainThread @decentralized_fqi_matrix.py:379] Computing targets for agent 2/6...
[12-16 09:58:03 MainThread @decentralized_fqi_matrix.py:453]   Agent 2 progress: 10% (100/1000)
[12-16 09:58:03 MainThread @decentralized_fqi_matrix.py:453]   Agent 2 progress: 20% (200/1000)
[12-16 09:58:03 MainThread @decentralized_fqi_matrix.py:453]   Agent 2 progress: 30% (300/1000)
[12-16 09:58:03 MainThread @decentralized_fqi_matrix.py:453]   Agent 2 progress: 40% (400/1000)
[12-16 09:58:03 MainThread @decentralized_fqi_matrix.py:453]   Agent 2 progress: 50% (500/1000)
[12-16 09:58:03 MainThread @decentralized_fqi_matrix.py:453]   Agent 2 progress: 60% (600/1000)
[12-16 09:58:03 MainThread @decentralized_fqi_matrix.py:453]   Agent 2 progress: 70% (700/1000)
[12-16 09:58:03 MainThread @decentralized_fqi_matrix.py:453]   Agent 2 progress: 80% (800/1000)
[12-16 09:58:03 MainThread @decentralized_fqi_matrix.py:453]   Agent 2 progress: 90% (900/1000)
[12-16 09:58:03 MainThread @decentralized_fqi_matrix.py:486]   Agent 2 completed: avg Nash time=0.00ms
[12-16 09:58:03 MainThread @decentralized_fqi_matrix.py:379] Computing targets for agent 3/6...
[12-16 09:58:03 MainThread @decentralized_fqi_matrix.py:453]   Agent 3 progress: 10% (100/1000)
[12-16 09:58:03 MainThread @decentralized_fqi_matrix.py:453]   Agent 3 progress: 20% (200/1000)
[12-16 09:58:03 MainThread @decentralized_fqi_matrix.py:453]   Agent 3 progress: 30% (300/1000)
[12-16 09:58:03 MainThread @decentralized_fqi_matrix.py:453]   Agent 3 progress: 40% (400/1000)
[12-16 09:58:03 MainThread @decentralized_fqi_matrix.py:453]   Agent 3 progress: 50% (500/1000)
[12-16 09:58:03 MainThread @decentralized_fqi_matrix.py:453]   Agent 3 progress: 60% (600/1000)
[12-16 09:58:03 MainThread @decentralized_fqi_matrix.py:453]   Agent 3 progress: 70% (700/1000)
[12-16 09:58:03 MainThread @decentralized_fqi_matrix.py:453]   Agent 3 progress: 80% (800/1000)
[12-16 09:58:03 MainThread @decentralized_fqi_matrix.py:453]   Agent 3 progress: 90% (900/1000)
[12-16 09:58:03 MainThread @decentralized_fqi_matrix.py:486]   Agent 3 completed: avg Nash time=0.00ms
[12-16 09:58:03 MainThread @decentralized_fqi_matrix.py:379] Computing targets for agent 4/6...
[12-16 09:58:03 MainThread @decentralized_fqi_matrix.py:453]   Agent 4 progress: 10% (100/1000)
[12-16 09:58:03 MainThread @decentralized_fqi_matrix.py:453]   Agent 4 progress: 20% (200/1000)
[12-16 09:58:03 MainThread @decentralized_fqi_matrix.py:453]   Agent 4 progress: 30% (300/1000)
[12-16 09:58:03 MainThread @decentralized_fqi_matrix.py:453]   Agent 4 progress: 40% (400/1000)
[12-16 09:58:03 MainThread @decentralized_fqi_matrix.py:453]   Agent 4 progress: 50% (500/1000)
[12-16 09:58:03 MainThread @decentralized_fqi_matrix.py:453]   Agent 4 progress: 60% (600/1000)
[12-16 09:58:03 MainThread @decentralized_fqi_matrix.py:453]   Agent 4 progress: 70% (700/1000)
[12-16 09:58:03 MainThread @decentralized_fqi_matrix.py:453]   Agent 4 progress: 80% (800/1000)
[12-16 09:58:03 MainThread @decentralized_fqi_matrix.py:453]   Agent 4 progress: 90% (900/1000)
[12-16 09:58:03 MainThread @decentralized_fqi_matrix.py:486]   Agent 4 completed: avg Nash time=0.00ms
[12-16 09:58:03 MainThread @decentralized_fqi_matrix.py:379] Computing targets for agent 5/6...
[12-16 09:58:03 MainThread @decentralized_fqi_matrix.py:453]   Agent 5 progress: 10% (100/1000)
[12-16 09:58:03 MainThread @decentralized_fqi_matrix.py:453]   Agent 5 progress: 20% (200/1000)
[12-16 09:58:03 MainThread @decentralized_fqi_matrix.py:453]   Agent 5 progress: 30% (300/1000)
[12-16 09:58:03 MainThread @decentralized_fqi_matrix.py:453]   Agent 5 progress: 40% (400/1000)
[12-16 09:58:03 MainThread @decentralized_fqi_matrix.py:453]   Agent 5 progress: 50% (500/1000)
[12-16 09:58:03 MainThread @decentralized_fqi_matrix.py:453]   Agent 5 progress: 60% (600/1000)
[12-16 09:58:03 MainThread @decentralized_fqi_matrix.py:453]   Agent 5 progress: 70% (700/1000)
[12-16 09:58:03 MainThread @decentralized_fqi_matrix.py:453]   Agent 5 progress: 80% (800/1000)
[12-16 09:58:03 MainThread @decentralized_fqi_matrix.py:453]   Agent 5 progress: 90% (900/1000)
[12-16 09:58:03 MainThread @decentralized_fqi_matrix.py:486]   Agent 5 completed: avg Nash time=0.00ms
[12-16 09:58:03 MainThread @decentralized_fqi_matrix.py:379] Computing targets for agent 6/6...
[12-16 09:58:03 MainThread @decentralized_fqi_matrix.py:453]   Agent 6 progress: 10% (100/1000)
[12-16 09:58:03 MainThread @decentralized_fqi_matrix.py:453]   Agent 6 progress: 20% (200/1000)
[12-16 09:58:03 MainThread @decentralized_fqi_matrix.py:453]   Agent 6 progress: 30% (300/1000)
[12-16 09:58:03 MainThread @decentralized_fqi_matrix.py:453]   Agent 6 progress: 40% (400/1000)
[12-16 09:58:03 MainThread @decentralized_fqi_matrix.py:453]   Agent 6 progress: 50% (500/1000)
[12-16 09:58:03 MainThread @decentralized_fqi_matrix.py:453]   Agent 6 progress: 60% (600/1000)
[12-16 09:58:03 MainThread @decentralized_fqi_matrix.py:453]   Agent 6 progress: 70% (700/1000)
[12-16 09:58:03 MainThread @decentralized_fqi_matrix.py:453]   Agent 6 progress: 80% (800/1000)
[12-16 09:58:03 MainThread @decentralized_fqi_matrix.py:453]   Agent 6 progress: 90% (900/1000)
[12-16 09:58:03 MainThread @decentralized_fqi_matrix.py:486]   Agent 6 completed: avg Nash time=0.00ms
[12-16 09:58:03 MainThread @decentralized_fqi_matrix.py:389] Mean Nash solving time: 0.0000s
[12-16 09:58:03 MainThread @decentralized_fqi_matrix.py:393] Nash cache: 0.0% hit rate (0 hits, 15 misses, 15 cached)
[12-16 09:58:03 MainThread @decentralized_fqi_matrix.py:398] Solving (4) by DIGing decentralized optimization...
[12-16 09:58:04 MainThread @decentralized_fqi_matrix.py:417] Iteration 56 completed: loss=0.4579, td_error=0.5347, consensus_error=0.000895
[12-16 09:58:04 MainThread @decentralized_fqi_matrix.py:573]   [收敛检测] Loss趋势: -0.0004, 波动std: 0.0005
[12-16 09:58:04 MainThread @decentralized_fqi_matrix.py:581]   ✓ Loss已稳定(std=0.0005), 可能已收敛
[12-16 09:58:04 MainThread @decentralized_fqi_matrix.py:369] 
=== Fitted Q-Iteration 57/100 ===
[12-16 09:58:04 MainThread @decentralized_fqi_matrix.py:379] Computing targets for agent 1/6...
[12-16 09:58:04 MainThread @decentralized_fqi_matrix.py:453]   Agent 1 progress: 10% (100/1000)
[12-16 09:58:04 MainThread @decentralized_fqi_matrix.py:453]   Agent 1 progress: 20% (200/1000)
[12-16 09:58:04 MainThread @decentralized_fqi_matrix.py:453]   Agent 1 progress: 30% (300/1000)
[12-16 09:58:04 MainThread @decentralized_fqi_matrix.py:453]   Agent 1 progress: 40% (400/1000)
[12-16 09:58:04 MainThread @decentralized_fqi_matrix.py:453]   Agent 1 progress: 50% (500/1000)
[12-16 09:58:04 MainThread @decentralized_fqi_matrix.py:453]   Agent 1 progress: 60% (600/1000)
[12-16 09:58:04 MainThread @decentralized_fqi_matrix.py:453]   Agent 1 progress: 70% (700/1000)
[12-16 09:58:04 MainThread @decentralized_fqi_matrix.py:453]   Agent 1 progress: 80% (800/1000)
[12-16 09:58:04 MainThread @decentralized_fqi_matrix.py:453]   Agent 1 progress: 90% (900/1000)
[12-16 09:58:04 MainThread @decentralized_fqi_matrix.py:486]   Agent 1 completed: avg Nash time=0.00ms
[12-16 09:58:04 MainThread @decentralized_fqi_matrix.py:379] Computing targets for agent 2/6...
[12-16 09:58:04 MainThread @decentralized_fqi_matrix.py:453]   Agent 2 progress: 10% (100/1000)
[12-16 09:58:04 MainThread @decentralized_fqi_matrix.py:453]   Agent 2 progress: 20% (200/1000)
[12-16 09:58:04 MainThread @decentralized_fqi_matrix.py:453]   Agent 2 progress: 30% (300/1000)
[12-16 09:58:04 MainThread @decentralized_fqi_matrix.py:453]   Agent 2 progress: 40% (400/1000)
[12-16 09:58:04 MainThread @decentralized_fqi_matrix.py:453]   Agent 2 progress: 50% (500/1000)
[12-16 09:58:04 MainThread @decentralized_fqi_matrix.py:453]   Agent 2 progress: 60% (600/1000)
[12-16 09:58:04 MainThread @decentralized_fqi_matrix.py:453]   Agent 2 progress: 70% (700/1000)
[12-16 09:58:04 MainThread @decentralized_fqi_matrix.py:453]   Agent 2 progress: 80% (800/1000)
[12-16 09:58:04 MainThread @decentralized_fqi_matrix.py:453]   Agent 2 progress: 90% (900/1000)
[12-16 09:58:04 MainThread @decentralized_fqi_matrix.py:486]   Agent 2 completed: avg Nash time=0.00ms
[12-16 09:58:04 MainThread @decentralized_fqi_matrix.py:379] Computing targets for agent 3/6...
[12-16 09:58:04 MainThread @decentralized_fqi_matrix.py:453]   Agent 3 progress: 10% (100/1000)
[12-16 09:58:04 MainThread @decentralized_fqi_matrix.py:453]   Agent 3 progress: 20% (200/1000)
[12-16 09:58:04 MainThread @decentralized_fqi_matrix.py:453]   Agent 3 progress: 30% (300/1000)
[12-16 09:58:04 MainThread @decentralized_fqi_matrix.py:453]   Agent 3 progress: 40% (400/1000)
[12-16 09:58:04 MainThread @decentralized_fqi_matrix.py:453]   Agent 3 progress: 50% (500/1000)
[12-16 09:58:04 MainThread @decentralized_fqi_matrix.py:453]   Agent 3 progress: 60% (600/1000)
[12-16 09:58:04 MainThread @decentralized_fqi_matrix.py:453]   Agent 3 progress: 70% (700/1000)
[12-16 09:58:04 MainThread @decentralized_fqi_matrix.py:453]   Agent 3 progress: 80% (800/1000)
[12-16 09:58:04 MainThread @decentralized_fqi_matrix.py:453]   Agent 3 progress: 90% (900/1000)
[12-16 09:58:04 MainThread @decentralized_fqi_matrix.py:486]   Agent 3 completed: avg Nash time=0.00ms
[12-16 09:58:04 MainThread @decentralized_fqi_matrix.py:379] Computing targets for agent 4/6...
[12-16 09:58:04 MainThread @decentralized_fqi_matrix.py:453]   Agent 4 progress: 10% (100/1000)
[12-16 09:58:04 MainThread @decentralized_fqi_matrix.py:453]   Agent 4 progress: 20% (200/1000)
[12-16 09:58:04 MainThread @decentralized_fqi_matrix.py:453]   Agent 4 progress: 30% (300/1000)
[12-16 09:58:04 MainThread @decentralized_fqi_matrix.py:453]   Agent 4 progress: 40% (400/1000)
[12-16 09:58:04 MainThread @decentralized_fqi_matrix.py:453]   Agent 4 progress: 50% (500/1000)
[12-16 09:58:04 MainThread @decentralized_fqi_matrix.py:453]   Agent 4 progress: 60% (600/1000)
[12-16 09:58:04 MainThread @decentralized_fqi_matrix.py:453]   Agent 4 progress: 70% (700/1000)
[12-16 09:58:04 MainThread @decentralized_fqi_matrix.py:453]   Agent 4 progress: 80% (800/1000)
[12-16 09:58:04 MainThread @decentralized_fqi_matrix.py:453]   Agent 4 progress: 90% (900/1000)
[12-16 09:58:04 MainThread @decentralized_fqi_matrix.py:486]   Agent 4 completed: avg Nash time=0.00ms
[12-16 09:58:04 MainThread @decentralized_fqi_matrix.py:379] Computing targets for agent 5/6...
[12-16 09:58:04 MainThread @decentralized_fqi_matrix.py:453]   Agent 5 progress: 10% (100/1000)
[12-16 09:58:04 MainThread @decentralized_fqi_matrix.py:453]   Agent 5 progress: 20% (200/1000)
[12-16 09:58:04 MainThread @decentralized_fqi_matrix.py:453]   Agent 5 progress: 30% (300/1000)
[12-16 09:58:04 MainThread @decentralized_fqi_matrix.py:453]   Agent 5 progress: 40% (400/1000)
[12-16 09:58:04 MainThread @decentralized_fqi_matrix.py:453]   Agent 5 progress: 50% (500/1000)
[12-16 09:58:04 MainThread @decentralized_fqi_matrix.py:453]   Agent 5 progress: 60% (600/1000)
[12-16 09:58:04 MainThread @decentralized_fqi_matrix.py:453]   Agent 5 progress: 70% (700/1000)
[12-16 09:58:04 MainThread @decentralized_fqi_matrix.py:453]   Agent 5 progress: 80% (800/1000)
[12-16 09:58:04 MainThread @decentralized_fqi_matrix.py:453]   Agent 5 progress: 90% (900/1000)
[12-16 09:58:04 MainThread @decentralized_fqi_matrix.py:486]   Agent 5 completed: avg Nash time=0.00ms
[12-16 09:58:04 MainThread @decentralized_fqi_matrix.py:379] Computing targets for agent 6/6...
[12-16 09:58:04 MainThread @decentralized_fqi_matrix.py:453]   Agent 6 progress: 10% (100/1000)
[12-16 09:58:04 MainThread @decentralized_fqi_matrix.py:453]   Agent 6 progress: 20% (200/1000)
[12-16 09:58:04 MainThread @decentralized_fqi_matrix.py:453]   Agent 6 progress: 30% (300/1000)
[12-16 09:58:04 MainThread @decentralized_fqi_matrix.py:453]   Agent 6 progress: 40% (400/1000)
[12-16 09:58:04 MainThread @decentralized_fqi_matrix.py:453]   Agent 6 progress: 50% (500/1000)
[12-16 09:58:04 MainThread @decentralized_fqi_matrix.py:453]   Agent 6 progress: 60% (600/1000)
[12-16 09:58:04 MainThread @decentralized_fqi_matrix.py:453]   Agent 6 progress: 70% (700/1000)
[12-16 09:58:04 MainThread @decentralized_fqi_matrix.py:453]   Agent 6 progress: 80% (800/1000)
[12-16 09:58:04 MainThread @decentralized_fqi_matrix.py:453]   Agent 6 progress: 90% (900/1000)
[12-16 09:58:04 MainThread @decentralized_fqi_matrix.py:486]   Agent 6 completed: avg Nash time=0.00ms
[12-16 09:58:04 MainThread @decentralized_fqi_matrix.py:389] Mean Nash solving time: 0.0000s
[12-16 09:58:04 MainThread @decentralized_fqi_matrix.py:393] Nash cache: 0.0% hit rate (0 hits, 15 misses, 15 cached)
[12-16 09:58:04 MainThread @decentralized_fqi_matrix.py:398] Solving (4) by DIGing decentralized optimization...
[12-16 09:58:06 MainThread @decentralized_fqi_matrix.py:417] Iteration 57 completed: loss=0.4588, td_error=0.5355, consensus_error=0.000744
[12-16 09:58:06 MainThread @decentralized_fqi_matrix.py:573]   [收敛检测] Loss趋势: +0.0001, 波动std: 0.0004
[12-16 09:58:06 MainThread @decentralized_fqi_matrix.py:581]   ✓ Loss已稳定(std=0.0004), 可能已收敛
[12-16 09:58:06 MainThread @decentralized_fqi_matrix.py:369] 
=== Fitted Q-Iteration 58/100 ===
[12-16 09:58:06 MainThread @decentralized_fqi_matrix.py:379] Computing targets for agent 1/6...
[12-16 09:58:06 MainThread @decentralized_fqi_matrix.py:453]   Agent 1 progress: 10% (100/1000)
[12-16 09:58:06 MainThread @decentralized_fqi_matrix.py:453]   Agent 1 progress: 20% (200/1000)
[12-16 09:58:06 MainThread @decentralized_fqi_matrix.py:453]   Agent 1 progress: 30% (300/1000)
[12-16 09:58:06 MainThread @decentralized_fqi_matrix.py:453]   Agent 1 progress: 40% (400/1000)
[12-16 09:58:06 MainThread @decentralized_fqi_matrix.py:453]   Agent 1 progress: 50% (500/1000)
[12-16 09:58:06 MainThread @decentralized_fqi_matrix.py:453]   Agent 1 progress: 60% (600/1000)
[12-16 09:58:06 MainThread @decentralized_fqi_matrix.py:453]   Agent 1 progress: 70% (700/1000)
[12-16 09:58:06 MainThread @decentralized_fqi_matrix.py:453]   Agent 1 progress: 80% (800/1000)
[12-16 09:58:06 MainThread @decentralized_fqi_matrix.py:453]   Agent 1 progress: 90% (900/1000)
[12-16 09:58:06 MainThread @decentralized_fqi_matrix.py:486]   Agent 1 completed: avg Nash time=0.00ms
[12-16 09:58:06 MainThread @decentralized_fqi_matrix.py:379] Computing targets for agent 2/6...
[12-16 09:58:06 MainThread @decentralized_fqi_matrix.py:453]   Agent 2 progress: 10% (100/1000)
[12-16 09:58:06 MainThread @decentralized_fqi_matrix.py:453]   Agent 2 progress: 20% (200/1000)
[12-16 09:58:06 MainThread @decentralized_fqi_matrix.py:453]   Agent 2 progress: 30% (300/1000)
[12-16 09:58:06 MainThread @decentralized_fqi_matrix.py:453]   Agent 2 progress: 40% (400/1000)
[12-16 09:58:06 MainThread @decentralized_fqi_matrix.py:453]   Agent 2 progress: 50% (500/1000)
[12-16 09:58:06 MainThread @decentralized_fqi_matrix.py:453]   Agent 2 progress: 60% (600/1000)
[12-16 09:58:06 MainThread @decentralized_fqi_matrix.py:453]   Agent 2 progress: 70% (700/1000)
[12-16 09:58:06 MainThread @decentralized_fqi_matrix.py:453]   Agent 2 progress: 80% (800/1000)
[12-16 09:58:06 MainThread @decentralized_fqi_matrix.py:453]   Agent 2 progress: 90% (900/1000)
[12-16 09:58:06 MainThread @decentralized_fqi_matrix.py:486]   Agent 2 completed: avg Nash time=0.00ms
[12-16 09:58:06 MainThread @decentralized_fqi_matrix.py:379] Computing targets for agent 3/6...
[12-16 09:58:06 MainThread @decentralized_fqi_matrix.py:453]   Agent 3 progress: 10% (100/1000)
[12-16 09:58:06 MainThread @decentralized_fqi_matrix.py:453]   Agent 3 progress: 20% (200/1000)
[12-16 09:58:06 MainThread @decentralized_fqi_matrix.py:453]   Agent 3 progress: 30% (300/1000)
[12-16 09:58:06 MainThread @decentralized_fqi_matrix.py:453]   Agent 3 progress: 40% (400/1000)
[12-16 09:58:06 MainThread @decentralized_fqi_matrix.py:453]   Agent 3 progress: 50% (500/1000)
[12-16 09:58:06 MainThread @decentralized_fqi_matrix.py:453]   Agent 3 progress: 60% (600/1000)
[12-16 09:58:06 MainThread @decentralized_fqi_matrix.py:453]   Agent 3 progress: 70% (700/1000)
[12-16 09:58:06 MainThread @decentralized_fqi_matrix.py:453]   Agent 3 progress: 80% (800/1000)
[12-16 09:58:06 MainThread @decentralized_fqi_matrix.py:453]   Agent 3 progress: 90% (900/1000)
[12-16 09:58:06 MainThread @decentralized_fqi_matrix.py:486]   Agent 3 completed: avg Nash time=0.00ms
[12-16 09:58:06 MainThread @decentralized_fqi_matrix.py:379] Computing targets for agent 4/6...
[12-16 09:58:06 MainThread @decentralized_fqi_matrix.py:453]   Agent 4 progress: 10% (100/1000)
[12-16 09:58:06 MainThread @decentralized_fqi_matrix.py:453]   Agent 4 progress: 20% (200/1000)
[12-16 09:58:06 MainThread @decentralized_fqi_matrix.py:453]   Agent 4 progress: 30% (300/1000)
[12-16 09:58:06 MainThread @decentralized_fqi_matrix.py:453]   Agent 4 progress: 40% (400/1000)
[12-16 09:58:06 MainThread @decentralized_fqi_matrix.py:453]   Agent 4 progress: 50% (500/1000)
[12-16 09:58:06 MainThread @decentralized_fqi_matrix.py:453]   Agent 4 progress: 60% (600/1000)
[12-16 09:58:06 MainThread @decentralized_fqi_matrix.py:453]   Agent 4 progress: 70% (700/1000)
[12-16 09:58:06 MainThread @decentralized_fqi_matrix.py:453]   Agent 4 progress: 80% (800/1000)
[12-16 09:58:06 MainThread @decentralized_fqi_matrix.py:453]   Agent 4 progress: 90% (900/1000)
[12-16 09:58:06 MainThread @decentralized_fqi_matrix.py:486]   Agent 4 completed: avg Nash time=0.00ms
[12-16 09:58:06 MainThread @decentralized_fqi_matrix.py:379] Computing targets for agent 5/6...
[12-16 09:58:06 MainThread @decentralized_fqi_matrix.py:453]   Agent 5 progress: 10% (100/1000)
[12-16 09:58:06 MainThread @decentralized_fqi_matrix.py:453]   Agent 5 progress: 20% (200/1000)
[12-16 09:58:06 MainThread @decentralized_fqi_matrix.py:453]   Agent 5 progress: 30% (300/1000)
[12-16 09:58:06 MainThread @decentralized_fqi_matrix.py:453]   Agent 5 progress: 40% (400/1000)
[12-16 09:58:06 MainThread @decentralized_fqi_matrix.py:453]   Agent 5 progress: 50% (500/1000)
[12-16 09:58:06 MainThread @decentralized_fqi_matrix.py:453]   Agent 5 progress: 60% (600/1000)
[12-16 09:58:06 MainThread @decentralized_fqi_matrix.py:453]   Agent 5 progress: 70% (700/1000)
[12-16 09:58:06 MainThread @decentralized_fqi_matrix.py:453]   Agent 5 progress: 80% (800/1000)
[12-16 09:58:06 MainThread @decentralized_fqi_matrix.py:453]   Agent 5 progress: 90% (900/1000)
[12-16 09:58:06 MainThread @decentralized_fqi_matrix.py:486]   Agent 5 completed: avg Nash time=0.00ms
[12-16 09:58:06 MainThread @decentralized_fqi_matrix.py:379] Computing targets for agent 6/6...
[12-16 09:58:06 MainThread @decentralized_fqi_matrix.py:453]   Agent 6 progress: 10% (100/1000)
[12-16 09:58:06 MainThread @decentralized_fqi_matrix.py:453]   Agent 6 progress: 20% (200/1000)
[12-16 09:58:06 MainThread @decentralized_fqi_matrix.py:453]   Agent 6 progress: 30% (300/1000)
[12-16 09:58:06 MainThread @decentralized_fqi_matrix.py:453]   Agent 6 progress: 40% (400/1000)
[12-16 09:58:06 MainThread @decentralized_fqi_matrix.py:453]   Agent 6 progress: 50% (500/1000)
[12-16 09:58:06 MainThread @decentralized_fqi_matrix.py:453]   Agent 6 progress: 60% (600/1000)
[12-16 09:58:06 MainThread @decentralized_fqi_matrix.py:453]   Agent 6 progress: 70% (700/1000)
[12-16 09:58:06 MainThread @decentralized_fqi_matrix.py:453]   Agent 6 progress: 80% (800/1000)
[12-16 09:58:06 MainThread @decentralized_fqi_matrix.py:453]   Agent 6 progress: 90% (900/1000)
[12-16 09:58:06 MainThread @decentralized_fqi_matrix.py:486]   Agent 6 completed: avg Nash time=0.00ms
[12-16 09:58:06 MainThread @decentralized_fqi_matrix.py:389] Mean Nash solving time: 0.0000s
[12-16 09:58:06 MainThread @decentralized_fqi_matrix.py:393] Nash cache: 0.0% hit rate (0 hits, 15 misses, 15 cached)
[12-16 09:58:06 MainThread @decentralized_fqi_matrix.py:398] Solving (4) by DIGing decentralized optimization...
[12-16 09:58:08 MainThread @decentralized_fqi_matrix.py:417] Iteration 58 completed: loss=0.4579, td_error=0.5349, consensus_error=0.001511
[12-16 09:58:08 MainThread @decentralized_fqi_matrix.py:573]   [收敛检测] Loss趋势: +0.0000, 波动std: 0.0004
[12-16 09:58:08 MainThread @decentralized_fqi_matrix.py:581]   ✓ Loss已稳定(std=0.0004), 可能已收敛
[12-16 09:58:08 MainThread @decentralized_fqi_matrix.py:369] 
=== Fitted Q-Iteration 59/100 ===
[12-16 09:58:08 MainThread @decentralized_fqi_matrix.py:379] Computing targets for agent 1/6...
[12-16 09:58:08 MainThread @decentralized_fqi_matrix.py:453]   Agent 1 progress: 10% (100/1000)
[12-16 09:58:08 MainThread @decentralized_fqi_matrix.py:453]   Agent 1 progress: 20% (200/1000)
[12-16 09:58:08 MainThread @decentralized_fqi_matrix.py:453]   Agent 1 progress: 30% (300/1000)
[12-16 09:58:08 MainThread @decentralized_fqi_matrix.py:453]   Agent 1 progress: 40% (400/1000)
[12-16 09:58:08 MainThread @decentralized_fqi_matrix.py:453]   Agent 1 progress: 50% (500/1000)
[12-16 09:58:08 MainThread @decentralized_fqi_matrix.py:453]   Agent 1 progress: 60% (600/1000)
[12-16 09:58:08 MainThread @decentralized_fqi_matrix.py:453]   Agent 1 progress: 70% (700/1000)
[12-16 09:58:08 MainThread @decentralized_fqi_matrix.py:453]   Agent 1 progress: 80% (800/1000)
[12-16 09:58:08 MainThread @decentralized_fqi_matrix.py:453]   Agent 1 progress: 90% (900/1000)
[12-16 09:58:08 MainThread @decentralized_fqi_matrix.py:486]   Agent 1 completed: avg Nash time=0.00ms
[12-16 09:58:08 MainThread @decentralized_fqi_matrix.py:379] Computing targets for agent 2/6...
[12-16 09:58:08 MainThread @decentralized_fqi_matrix.py:453]   Agent 2 progress: 10% (100/1000)
[12-16 09:58:08 MainThread @decentralized_fqi_matrix.py:453]   Agent 2 progress: 20% (200/1000)
[12-16 09:58:08 MainThread @decentralized_fqi_matrix.py:453]   Agent 2 progress: 30% (300/1000)
[12-16 09:58:08 MainThread @decentralized_fqi_matrix.py:453]   Agent 2 progress: 40% (400/1000)
[12-16 09:58:08 MainThread @decentralized_fqi_matrix.py:453]   Agent 2 progress: 50% (500/1000)
[12-16 09:58:08 MainThread @decentralized_fqi_matrix.py:453]   Agent 2 progress: 60% (600/1000)
[12-16 09:58:08 MainThread @decentralized_fqi_matrix.py:453]   Agent 2 progress: 70% (700/1000)
[12-16 09:58:08 MainThread @decentralized_fqi_matrix.py:453]   Agent 2 progress: 80% (800/1000)
[12-16 09:58:08 MainThread @decentralized_fqi_matrix.py:453]   Agent 2 progress: 90% (900/1000)
[12-16 09:58:08 MainThread @decentralized_fqi_matrix.py:486]   Agent 2 completed: avg Nash time=0.00ms
[12-16 09:58:08 MainThread @decentralized_fqi_matrix.py:379] Computing targets for agent 3/6...
[12-16 09:58:08 MainThread @decentralized_fqi_matrix.py:453]   Agent 3 progress: 10% (100/1000)
[12-16 09:58:08 MainThread @decentralized_fqi_matrix.py:453]   Agent 3 progress: 20% (200/1000)
[12-16 09:58:08 MainThread @decentralized_fqi_matrix.py:453]   Agent 3 progress: 30% (300/1000)
[12-16 09:58:08 MainThread @decentralized_fqi_matrix.py:453]   Agent 3 progress: 40% (400/1000)
[12-16 09:58:08 MainThread @decentralized_fqi_matrix.py:453]   Agent 3 progress: 50% (500/1000)
[12-16 09:58:08 MainThread @decentralized_fqi_matrix.py:453]   Agent 3 progress: 60% (600/1000)
[12-16 09:58:08 MainThread @decentralized_fqi_matrix.py:453]   Agent 3 progress: 70% (700/1000)
[12-16 09:58:08 MainThread @decentralized_fqi_matrix.py:453]   Agent 3 progress: 80% (800/1000)
[12-16 09:58:08 MainThread @decentralized_fqi_matrix.py:453]   Agent 3 progress: 90% (900/1000)
[12-16 09:58:08 MainThread @decentralized_fqi_matrix.py:486]   Agent 3 completed: avg Nash time=0.00ms
[12-16 09:58:08 MainThread @decentralized_fqi_matrix.py:379] Computing targets for agent 4/6...
[12-16 09:58:08 MainThread @decentralized_fqi_matrix.py:453]   Agent 4 progress: 10% (100/1000)
[12-16 09:58:08 MainThread @decentralized_fqi_matrix.py:453]   Agent 4 progress: 20% (200/1000)
[12-16 09:58:08 MainThread @decentralized_fqi_matrix.py:453]   Agent 4 progress: 30% (300/1000)
[12-16 09:58:08 MainThread @decentralized_fqi_matrix.py:453]   Agent 4 progress: 40% (400/1000)
[12-16 09:58:08 MainThread @decentralized_fqi_matrix.py:453]   Agent 4 progress: 50% (500/1000)
[12-16 09:58:08 MainThread @decentralized_fqi_matrix.py:453]   Agent 4 progress: 60% (600/1000)
[12-16 09:58:08 MainThread @decentralized_fqi_matrix.py:453]   Agent 4 progress: 70% (700/1000)
[12-16 09:58:08 MainThread @decentralized_fqi_matrix.py:453]   Agent 4 progress: 80% (800/1000)
[12-16 09:58:08 MainThread @decentralized_fqi_matrix.py:453]   Agent 4 progress: 90% (900/1000)
[12-16 09:58:08 MainThread @decentralized_fqi_matrix.py:486]   Agent 4 completed: avg Nash time=0.00ms
[12-16 09:58:08 MainThread @decentralized_fqi_matrix.py:379] Computing targets for agent 5/6...
[12-16 09:58:08 MainThread @decentralized_fqi_matrix.py:453]   Agent 5 progress: 10% (100/1000)
[12-16 09:58:08 MainThread @decentralized_fqi_matrix.py:453]   Agent 5 progress: 20% (200/1000)
[12-16 09:58:08 MainThread @decentralized_fqi_matrix.py:453]   Agent 5 progress: 30% (300/1000)
[12-16 09:58:08 MainThread @decentralized_fqi_matrix.py:453]   Agent 5 progress: 40% (400/1000)
[12-16 09:58:08 MainThread @decentralized_fqi_matrix.py:453]   Agent 5 progress: 50% (500/1000)
[12-16 09:58:08 MainThread @decentralized_fqi_matrix.py:453]   Agent 5 progress: 60% (600/1000)
[12-16 09:58:08 MainThread @decentralized_fqi_matrix.py:453]   Agent 5 progress: 70% (700/1000)
[12-16 09:58:08 MainThread @decentralized_fqi_matrix.py:453]   Agent 5 progress: 80% (800/1000)
[12-16 09:58:08 MainThread @decentralized_fqi_matrix.py:453]   Agent 5 progress: 90% (900/1000)
[12-16 09:58:08 MainThread @decentralized_fqi_matrix.py:486]   Agent 5 completed: avg Nash time=0.00ms
[12-16 09:58:08 MainThread @decentralized_fqi_matrix.py:379] Computing targets for agent 6/6...
[12-16 09:58:08 MainThread @decentralized_fqi_matrix.py:453]   Agent 6 progress: 10% (100/1000)
[12-16 09:58:08 MainThread @decentralized_fqi_matrix.py:453]   Agent 6 progress: 20% (200/1000)
[12-16 09:58:08 MainThread @decentralized_fqi_matrix.py:453]   Agent 6 progress: 30% (300/1000)
[12-16 09:58:08 MainThread @decentralized_fqi_matrix.py:453]   Agent 6 progress: 40% (400/1000)
[12-16 09:58:08 MainThread @decentralized_fqi_matrix.py:453]   Agent 6 progress: 50% (500/1000)
[12-16 09:58:08 MainThread @decentralized_fqi_matrix.py:453]   Agent 6 progress: 60% (600/1000)
[12-16 09:58:08 MainThread @decentralized_fqi_matrix.py:453]   Agent 6 progress: 70% (700/1000)
[12-16 09:58:08 MainThread @decentralized_fqi_matrix.py:453]   Agent 6 progress: 80% (800/1000)
[12-16 09:58:08 MainThread @decentralized_fqi_matrix.py:453]   Agent 6 progress: 90% (900/1000)
[12-16 09:58:08 MainThread @decentralized_fqi_matrix.py:486]   Agent 6 completed: avg Nash time=0.00ms
[12-16 09:58:08 MainThread @decentralized_fqi_matrix.py:389] Mean Nash solving time: 0.0000s
[12-16 09:58:08 MainThread @decentralized_fqi_matrix.py:393] Nash cache: 0.0% hit rate (0 hits, 15 misses, 15 cached)
[12-16 09:58:08 MainThread @decentralized_fqi_matrix.py:398] Solving (4) by DIGing decentralized optimization...
[12-16 09:58:10 MainThread @decentralized_fqi_matrix.py:417] Iteration 59 completed: loss=0.4577, td_error=0.5345, consensus_error=0.001404
[12-16 09:58:10 MainThread @decentralized_fqi_matrix.py:573]   [收敛检测] Loss趋势: +0.0006, 波动std: 0.0004
[12-16 09:58:10 MainThread @decentralized_fqi_matrix.py:581]   ✓ Loss已稳定(std=0.0004), 可能已收敛
[12-16 09:58:10 MainThread @decentralized_fqi_matrix.py:369] 
=== Fitted Q-Iteration 60/100 ===
[12-16 09:58:10 MainThread @decentralized_fqi_matrix.py:379] Computing targets for agent 1/6...
[12-16 09:58:10 MainThread @decentralized_fqi_matrix.py:453]   Agent 1 progress: 10% (100/1000)
[12-16 09:58:10 MainThread @decentralized_fqi_matrix.py:453]   Agent 1 progress: 20% (200/1000)
[12-16 09:58:10 MainThread @decentralized_fqi_matrix.py:453]   Agent 1 progress: 30% (300/1000)
[12-16 09:58:10 MainThread @decentralized_fqi_matrix.py:453]   Agent 1 progress: 40% (400/1000)
[12-16 09:58:10 MainThread @decentralized_fqi_matrix.py:453]   Agent 1 progress: 50% (500/1000)
[12-16 09:58:10 MainThread @decentralized_fqi_matrix.py:453]   Agent 1 progress: 60% (600/1000)
[12-16 09:58:10 MainThread @decentralized_fqi_matrix.py:453]   Agent 1 progress: 70% (700/1000)
[12-16 09:58:10 MainThread @decentralized_fqi_matrix.py:453]   Agent 1 progress: 80% (800/1000)
[12-16 09:58:10 MainThread @decentralized_fqi_matrix.py:453]   Agent 1 progress: 90% (900/1000)
[12-16 09:58:10 MainThread @decentralized_fqi_matrix.py:486]   Agent 1 completed: avg Nash time=0.00ms
[12-16 09:58:10 MainThread @decentralized_fqi_matrix.py:379] Computing targets for agent 2/6...
[12-16 09:58:10 MainThread @decentralized_fqi_matrix.py:453]   Agent 2 progress: 10% (100/1000)
[12-16 09:58:10 MainThread @decentralized_fqi_matrix.py:453]   Agent 2 progress: 20% (200/1000)
[12-16 09:58:10 MainThread @decentralized_fqi_matrix.py:453]   Agent 2 progress: 30% (300/1000)
[12-16 09:58:10 MainThread @decentralized_fqi_matrix.py:453]   Agent 2 progress: 40% (400/1000)
[12-16 09:58:10 MainThread @decentralized_fqi_matrix.py:453]   Agent 2 progress: 50% (500/1000)
[12-16 09:58:10 MainThread @decentralized_fqi_matrix.py:453]   Agent 2 progress: 60% (600/1000)
[12-16 09:58:10 MainThread @decentralized_fqi_matrix.py:453]   Agent 2 progress: 70% (700/1000)
[12-16 09:58:10 MainThread @decentralized_fqi_matrix.py:453]   Agent 2 progress: 80% (800/1000)
[12-16 09:58:10 MainThread @decentralized_fqi_matrix.py:453]   Agent 2 progress: 90% (900/1000)
[12-16 09:58:10 MainThread @decentralized_fqi_matrix.py:486]   Agent 2 completed: avg Nash time=0.00ms
[12-16 09:58:10 MainThread @decentralized_fqi_matrix.py:379] Computing targets for agent 3/6...
[12-16 09:58:10 MainThread @decentralized_fqi_matrix.py:453]   Agent 3 progress: 10% (100/1000)
[12-16 09:58:10 MainThread @decentralized_fqi_matrix.py:453]   Agent 3 progress: 20% (200/1000)
[12-16 09:58:10 MainThread @decentralized_fqi_matrix.py:453]   Agent 3 progress: 30% (300/1000)
[12-16 09:58:10 MainThread @decentralized_fqi_matrix.py:453]   Agent 3 progress: 40% (400/1000)
[12-16 09:58:10 MainThread @decentralized_fqi_matrix.py:453]   Agent 3 progress: 50% (500/1000)
[12-16 09:58:10 MainThread @decentralized_fqi_matrix.py:453]   Agent 3 progress: 60% (600/1000)
[12-16 09:58:10 MainThread @decentralized_fqi_matrix.py:453]   Agent 3 progress: 70% (700/1000)
[12-16 09:58:10 MainThread @decentralized_fqi_matrix.py:453]   Agent 3 progress: 80% (800/1000)
[12-16 09:58:10 MainThread @decentralized_fqi_matrix.py:453]   Agent 3 progress: 90% (900/1000)
[12-16 09:58:10 MainThread @decentralized_fqi_matrix.py:486]   Agent 3 completed: avg Nash time=0.00ms
[12-16 09:58:10 MainThread @decentralized_fqi_matrix.py:379] Computing targets for agent 4/6...
[12-16 09:58:10 MainThread @decentralized_fqi_matrix.py:453]   Agent 4 progress: 10% (100/1000)
[12-16 09:58:10 MainThread @decentralized_fqi_matrix.py:453]   Agent 4 progress: 20% (200/1000)
[12-16 09:58:10 MainThread @decentralized_fqi_matrix.py:453]   Agent 4 progress: 30% (300/1000)
[12-16 09:58:10 MainThread @decentralized_fqi_matrix.py:453]   Agent 4 progress: 40% (400/1000)
[12-16 09:58:10 MainThread @decentralized_fqi_matrix.py:453]   Agent 4 progress: 50% (500/1000)
[12-16 09:58:10 MainThread @decentralized_fqi_matrix.py:453]   Agent 4 progress: 60% (600/1000)
[12-16 09:58:10 MainThread @decentralized_fqi_matrix.py:453]   Agent 4 progress: 70% (700/1000)
[12-16 09:58:10 MainThread @decentralized_fqi_matrix.py:453]   Agent 4 progress: 80% (800/1000)
[12-16 09:58:10 MainThread @decentralized_fqi_matrix.py:453]   Agent 4 progress: 90% (900/1000)
[12-16 09:58:10 MainThread @decentralized_fqi_matrix.py:486]   Agent 4 completed: avg Nash time=0.00ms
[12-16 09:58:10 MainThread @decentralized_fqi_matrix.py:379] Computing targets for agent 5/6...
[12-16 09:58:10 MainThread @decentralized_fqi_matrix.py:453]   Agent 5 progress: 10% (100/1000)
[12-16 09:58:10 MainThread @decentralized_fqi_matrix.py:453]   Agent 5 progress: 20% (200/1000)
[12-16 09:58:10 MainThread @decentralized_fqi_matrix.py:453]   Agent 5 progress: 30% (300/1000)
[12-16 09:58:10 MainThread @decentralized_fqi_matrix.py:453]   Agent 5 progress: 40% (400/1000)
[12-16 09:58:10 MainThread @decentralized_fqi_matrix.py:453]   Agent 5 progress: 50% (500/1000)
[12-16 09:58:10 MainThread @decentralized_fqi_matrix.py:453]   Agent 5 progress: 60% (600/1000)
[12-16 09:58:10 MainThread @decentralized_fqi_matrix.py:453]   Agent 5 progress: 70% (700/1000)
[12-16 09:58:10 MainThread @decentralized_fqi_matrix.py:453]   Agent 5 progress: 80% (800/1000)
[12-16 09:58:10 MainThread @decentralized_fqi_matrix.py:453]   Agent 5 progress: 90% (900/1000)
[12-16 09:58:10 MainThread @decentralized_fqi_matrix.py:486]   Agent 5 completed: avg Nash time=0.00ms
[12-16 09:58:10 MainThread @decentralized_fqi_matrix.py:379] Computing targets for agent 6/6...
[12-16 09:58:10 MainThread @decentralized_fqi_matrix.py:453]   Agent 6 progress: 10% (100/1000)
[12-16 09:58:10 MainThread @decentralized_fqi_matrix.py:453]   Agent 6 progress: 20% (200/1000)
[12-16 09:58:10 MainThread @decentralized_fqi_matrix.py:453]   Agent 6 progress: 30% (300/1000)
[12-16 09:58:10 MainThread @decentralized_fqi_matrix.py:453]   Agent 6 progress: 40% (400/1000)
[12-16 09:58:10 MainThread @decentralized_fqi_matrix.py:453]   Agent 6 progress: 50% (500/1000)
[12-16 09:58:10 MainThread @decentralized_fqi_matrix.py:453]   Agent 6 progress: 60% (600/1000)
[12-16 09:58:10 MainThread @decentralized_fqi_matrix.py:453]   Agent 6 progress: 70% (700/1000)
[12-16 09:58:10 MainThread @decentralized_fqi_matrix.py:453]   Agent 6 progress: 80% (800/1000)
[12-16 09:58:10 MainThread @decentralized_fqi_matrix.py:453]   Agent 6 progress: 90% (900/1000)
[12-16 09:58:10 MainThread @decentralized_fqi_matrix.py:486]   Agent 6 completed: avg Nash time=0.00ms
[12-16 09:58:10 MainThread @decentralized_fqi_matrix.py:389] Mean Nash solving time: 0.0000s
[12-16 09:58:10 MainThread @decentralized_fqi_matrix.py:393] Nash cache: 0.0% hit rate (0 hits, 15 misses, 15 cached)
[12-16 09:58:10 MainThread @decentralized_fqi_matrix.py:398] Solving (4) by DIGing decentralized optimization...
[12-16 09:58:12 MainThread @decentralized_fqi_matrix.py:417] Iteration 60 completed: loss=0.4586, td_error=0.5354, consensus_error=0.002149
[12-16 09:58:12 MainThread @decentralized_fqi_matrix.py:573]   [收敛检测] Loss趋势: -0.0007, 波动std: 0.0004
[12-16 09:58:12 MainThread @decentralized_fqi_matrix.py:581]   ✓ Loss已稳定(std=0.0004), 可能已收敛
[12-16 09:58:12 MainThread @train_matrix.py:293] 
=== Evaluation at Iteration 60 ===
[12-16 09:58:12 MainThread @train_matrix.py:294]   Nash distance: 0.816497
[12-16 09:58:12 MainThread @train_matrix.py:295]   Learned Nash value: 0.1280 (True: -0.0000)
[12-16 09:58:12 MainThread @train_matrix.py:297]   Value error: 0.127970

[12-16 09:58:12 MainThread @decentralized_fqi_matrix.py:626] Models saved to ./matrix_models/train_20251216_095616
[12-16 09:58:12 MainThread @decentralized_fqi_matrix.py:369] 
=== Fitted Q-Iteration 61/100 ===
[12-16 09:58:12 MainThread @decentralized_fqi_matrix.py:379] Computing targets for agent 1/6...
[12-16 09:58:12 MainThread @decentralized_fqi_matrix.py:453]   Agent 1 progress: 10% (100/1000)
[12-16 09:58:12 MainThread @decentralized_fqi_matrix.py:453]   Agent 1 progress: 20% (200/1000)
[12-16 09:58:12 MainThread @decentralized_fqi_matrix.py:453]   Agent 1 progress: 30% (300/1000)
[12-16 09:58:12 MainThread @decentralized_fqi_matrix.py:453]   Agent 1 progress: 40% (400/1000)
[12-16 09:58:12 MainThread @decentralized_fqi_matrix.py:453]   Agent 1 progress: 50% (500/1000)
[12-16 09:58:12 MainThread @decentralized_fqi_matrix.py:453]   Agent 1 progress: 60% (600/1000)
[12-16 09:58:12 MainThread @decentralized_fqi_matrix.py:453]   Agent 1 progress: 70% (700/1000)
[12-16 09:58:12 MainThread @decentralized_fqi_matrix.py:453]   Agent 1 progress: 80% (800/1000)
[12-16 09:58:12 MainThread @decentralized_fqi_matrix.py:453]   Agent 1 progress: 90% (900/1000)
[12-16 09:58:12 MainThread @decentralized_fqi_matrix.py:486]   Agent 1 completed: avg Nash time=0.00ms
[12-16 09:58:12 MainThread @decentralized_fqi_matrix.py:379] Computing targets for agent 2/6...
[12-16 09:58:12 MainThread @decentralized_fqi_matrix.py:453]   Agent 2 progress: 10% (100/1000)
[12-16 09:58:12 MainThread @decentralized_fqi_matrix.py:453]   Agent 2 progress: 20% (200/1000)
[12-16 09:58:12 MainThread @decentralized_fqi_matrix.py:453]   Agent 2 progress: 30% (300/1000)
[12-16 09:58:12 MainThread @decentralized_fqi_matrix.py:453]   Agent 2 progress: 40% (400/1000)
[12-16 09:58:12 MainThread @decentralized_fqi_matrix.py:453]   Agent 2 progress: 50% (500/1000)
[12-16 09:58:12 MainThread @decentralized_fqi_matrix.py:453]   Agent 2 progress: 60% (600/1000)
[12-16 09:58:12 MainThread @decentralized_fqi_matrix.py:453]   Agent 2 progress: 70% (700/1000)
[12-16 09:58:12 MainThread @decentralized_fqi_matrix.py:453]   Agent 2 progress: 80% (800/1000)
[12-16 09:58:12 MainThread @decentralized_fqi_matrix.py:453]   Agent 2 progress: 90% (900/1000)
[12-16 09:58:12 MainThread @decentralized_fqi_matrix.py:486]   Agent 2 completed: avg Nash time=0.00ms
[12-16 09:58:12 MainThread @decentralized_fqi_matrix.py:379] Computing targets for agent 3/6...
[12-16 09:58:12 MainThread @decentralized_fqi_matrix.py:453]   Agent 3 progress: 10% (100/1000)
[12-16 09:58:12 MainThread @decentralized_fqi_matrix.py:453]   Agent 3 progress: 20% (200/1000)
[12-16 09:58:12 MainThread @decentralized_fqi_matrix.py:453]   Agent 3 progress: 30% (300/1000)
[12-16 09:58:12 MainThread @decentralized_fqi_matrix.py:453]   Agent 3 progress: 40% (400/1000)
[12-16 09:58:12 MainThread @decentralized_fqi_matrix.py:453]   Agent 3 progress: 50% (500/1000)
[12-16 09:58:12 MainThread @decentralized_fqi_matrix.py:453]   Agent 3 progress: 60% (600/1000)
[12-16 09:58:12 MainThread @decentralized_fqi_matrix.py:453]   Agent 3 progress: 70% (700/1000)
[12-16 09:58:12 MainThread @decentralized_fqi_matrix.py:453]   Agent 3 progress: 80% (800/1000)
[12-16 09:58:12 MainThread @decentralized_fqi_matrix.py:453]   Agent 3 progress: 90% (900/1000)
[12-16 09:58:12 MainThread @decentralized_fqi_matrix.py:486]   Agent 3 completed: avg Nash time=0.00ms
[12-16 09:58:12 MainThread @decentralized_fqi_matrix.py:379] Computing targets for agent 4/6...
[12-16 09:58:12 MainThread @decentralized_fqi_matrix.py:453]   Agent 4 progress: 10% (100/1000)
[12-16 09:58:12 MainThread @decentralized_fqi_matrix.py:453]   Agent 4 progress: 20% (200/1000)
[12-16 09:58:12 MainThread @decentralized_fqi_matrix.py:453]   Agent 4 progress: 30% (300/1000)
[12-16 09:58:12 MainThread @decentralized_fqi_matrix.py:453]   Agent 4 progress: 40% (400/1000)
[12-16 09:58:12 MainThread @decentralized_fqi_matrix.py:453]   Agent 4 progress: 50% (500/1000)
[12-16 09:58:12 MainThread @decentralized_fqi_matrix.py:453]   Agent 4 progress: 60% (600/1000)
[12-16 09:58:12 MainThread @decentralized_fqi_matrix.py:453]   Agent 4 progress: 70% (700/1000)
[12-16 09:58:12 MainThread @decentralized_fqi_matrix.py:453]   Agent 4 progress: 80% (800/1000)
[12-16 09:58:12 MainThread @decentralized_fqi_matrix.py:453]   Agent 4 progress: 90% (900/1000)
[12-16 09:58:12 MainThread @decentralized_fqi_matrix.py:486]   Agent 4 completed: avg Nash time=0.00ms
[12-16 09:58:12 MainThread @decentralized_fqi_matrix.py:379] Computing targets for agent 5/6...
[12-16 09:58:12 MainThread @decentralized_fqi_matrix.py:453]   Agent 5 progress: 10% (100/1000)
[12-16 09:58:12 MainThread @decentralized_fqi_matrix.py:453]   Agent 5 progress: 20% (200/1000)
[12-16 09:58:12 MainThread @decentralized_fqi_matrix.py:453]   Agent 5 progress: 30% (300/1000)
[12-16 09:58:12 MainThread @decentralized_fqi_matrix.py:453]   Agent 5 progress: 40% (400/1000)
[12-16 09:58:12 MainThread @decentralized_fqi_matrix.py:453]   Agent 5 progress: 50% (500/1000)
[12-16 09:58:12 MainThread @decentralized_fqi_matrix.py:453]   Agent 5 progress: 60% (600/1000)
[12-16 09:58:12 MainThread @decentralized_fqi_matrix.py:453]   Agent 5 progress: 70% (700/1000)
[12-16 09:58:12 MainThread @decentralized_fqi_matrix.py:453]   Agent 5 progress: 80% (800/1000)
[12-16 09:58:12 MainThread @decentralized_fqi_matrix.py:453]   Agent 5 progress: 90% (900/1000)
[12-16 09:58:12 MainThread @decentralized_fqi_matrix.py:486]   Agent 5 completed: avg Nash time=0.00ms
[12-16 09:58:12 MainThread @decentralized_fqi_matrix.py:379] Computing targets for agent 6/6...
[12-16 09:58:12 MainThread @decentralized_fqi_matrix.py:453]   Agent 6 progress: 10% (100/1000)
[12-16 09:58:12 MainThread @decentralized_fqi_matrix.py:453]   Agent 6 progress: 20% (200/1000)
[12-16 09:58:12 MainThread @decentralized_fqi_matrix.py:453]   Agent 6 progress: 30% (300/1000)
[12-16 09:58:12 MainThread @decentralized_fqi_matrix.py:453]   Agent 6 progress: 40% (400/1000)
[12-16 09:58:12 MainThread @decentralized_fqi_matrix.py:453]   Agent 6 progress: 50% (500/1000)
[12-16 09:58:12 MainThread @decentralized_fqi_matrix.py:453]   Agent 6 progress: 60% (600/1000)
[12-16 09:58:12 MainThread @decentralized_fqi_matrix.py:453]   Agent 6 progress: 70% (700/1000)
[12-16 09:58:12 MainThread @decentralized_fqi_matrix.py:453]   Agent 6 progress: 80% (800/1000)
[12-16 09:58:12 MainThread @decentralized_fqi_matrix.py:453]   Agent 6 progress: 90% (900/1000)
[12-16 09:58:12 MainThread @decentralized_fqi_matrix.py:486]   Agent 6 completed: avg Nash time=0.00ms
[12-16 09:58:12 MainThread @decentralized_fqi_matrix.py:389] Mean Nash solving time: 0.0000s
[12-16 09:58:12 MainThread @decentralized_fqi_matrix.py:393] Nash cache: 0.0% hit rate (0 hits, 18 misses, 18 cached)
[12-16 09:58:12 MainThread @decentralized_fqi_matrix.py:398] Solving (4) by DIGing decentralized optimization...
[12-16 09:58:14 MainThread @decentralized_fqi_matrix.py:417] Iteration 61 completed: loss=0.4580, td_error=0.5349, consensus_error=0.001156
[12-16 09:58:14 MainThread @decentralized_fqi_matrix.py:573]   [收敛检测] Loss趋势: +0.0008, 波动std: 0.0004
[12-16 09:58:14 MainThread @decentralized_fqi_matrix.py:581]   ✓ Loss已稳定(std=0.0004), 可能已收敛
[12-16 09:58:14 MainThread @decentralized_fqi_matrix.py:369] 
=== Fitted Q-Iteration 62/100 ===
[12-16 09:58:14 MainThread @decentralized_fqi_matrix.py:379] Computing targets for agent 1/6...
[12-16 09:58:14 MainThread @decentralized_fqi_matrix.py:453]   Agent 1 progress: 10% (100/1000)
[12-16 09:58:14 MainThread @decentralized_fqi_matrix.py:453]   Agent 1 progress: 20% (200/1000)
[12-16 09:58:14 MainThread @decentralized_fqi_matrix.py:453]   Agent 1 progress: 30% (300/1000)
[12-16 09:58:14 MainThread @decentralized_fqi_matrix.py:453]   Agent 1 progress: 40% (400/1000)
[12-16 09:58:14 MainThread @decentralized_fqi_matrix.py:453]   Agent 1 progress: 50% (500/1000)
[12-16 09:58:14 MainThread @decentralized_fqi_matrix.py:453]   Agent 1 progress: 60% (600/1000)
[12-16 09:58:14 MainThread @decentralized_fqi_matrix.py:453]   Agent 1 progress: 70% (700/1000)
[12-16 09:58:14 MainThread @decentralized_fqi_matrix.py:453]   Agent 1 progress: 80% (800/1000)
[12-16 09:58:14 MainThread @decentralized_fqi_matrix.py:453]   Agent 1 progress: 90% (900/1000)
[12-16 09:58:14 MainThread @decentralized_fqi_matrix.py:486]   Agent 1 completed: avg Nash time=0.00ms
[12-16 09:58:14 MainThread @decentralized_fqi_matrix.py:379] Computing targets for agent 2/6...
[12-16 09:58:14 MainThread @decentralized_fqi_matrix.py:453]   Agent 2 progress: 10% (100/1000)
[12-16 09:58:14 MainThread @decentralized_fqi_matrix.py:453]   Agent 2 progress: 20% (200/1000)
[12-16 09:58:14 MainThread @decentralized_fqi_matrix.py:453]   Agent 2 progress: 30% (300/1000)
[12-16 09:58:14 MainThread @decentralized_fqi_matrix.py:453]   Agent 2 progress: 40% (400/1000)
[12-16 09:58:14 MainThread @decentralized_fqi_matrix.py:453]   Agent 2 progress: 50% (500/1000)
[12-16 09:58:14 MainThread @decentralized_fqi_matrix.py:453]   Agent 2 progress: 60% (600/1000)
[12-16 09:58:14 MainThread @decentralized_fqi_matrix.py:453]   Agent 2 progress: 70% (700/1000)
[12-16 09:58:14 MainThread @decentralized_fqi_matrix.py:453]   Agent 2 progress: 80% (800/1000)
[12-16 09:58:14 MainThread @decentralized_fqi_matrix.py:453]   Agent 2 progress: 90% (900/1000)
[12-16 09:58:14 MainThread @decentralized_fqi_matrix.py:486]   Agent 2 completed: avg Nash time=0.00ms
[12-16 09:58:14 MainThread @decentralized_fqi_matrix.py:379] Computing targets for agent 3/6...
[12-16 09:58:14 MainThread @decentralized_fqi_matrix.py:453]   Agent 3 progress: 10% (100/1000)
[12-16 09:58:14 MainThread @decentralized_fqi_matrix.py:453]   Agent 3 progress: 20% (200/1000)
[12-16 09:58:14 MainThread @decentralized_fqi_matrix.py:453]   Agent 3 progress: 30% (300/1000)
[12-16 09:58:14 MainThread @decentralized_fqi_matrix.py:453]   Agent 3 progress: 40% (400/1000)
[12-16 09:58:14 MainThread @decentralized_fqi_matrix.py:453]   Agent 3 progress: 50% (500/1000)
[12-16 09:58:14 MainThread @decentralized_fqi_matrix.py:453]   Agent 3 progress: 60% (600/1000)
[12-16 09:58:14 MainThread @decentralized_fqi_matrix.py:453]   Agent 3 progress: 70% (700/1000)
[12-16 09:58:14 MainThread @decentralized_fqi_matrix.py:453]   Agent 3 progress: 80% (800/1000)
[12-16 09:58:14 MainThread @decentralized_fqi_matrix.py:453]   Agent 3 progress: 90% (900/1000)
[12-16 09:58:14 MainThread @decentralized_fqi_matrix.py:486]   Agent 3 completed: avg Nash time=0.00ms
[12-16 09:58:14 MainThread @decentralized_fqi_matrix.py:379] Computing targets for agent 4/6...
[12-16 09:58:14 MainThread @decentralized_fqi_matrix.py:453]   Agent 4 progress: 10% (100/1000)
[12-16 09:58:14 MainThread @decentralized_fqi_matrix.py:453]   Agent 4 progress: 20% (200/1000)
[12-16 09:58:14 MainThread @decentralized_fqi_matrix.py:453]   Agent 4 progress: 30% (300/1000)
[12-16 09:58:14 MainThread @decentralized_fqi_matrix.py:453]   Agent 4 progress: 40% (400/1000)
[12-16 09:58:14 MainThread @decentralized_fqi_matrix.py:453]   Agent 4 progress: 50% (500/1000)
[12-16 09:58:14 MainThread @decentralized_fqi_matrix.py:453]   Agent 4 progress: 60% (600/1000)
[12-16 09:58:14 MainThread @decentralized_fqi_matrix.py:453]   Agent 4 progress: 70% (700/1000)
[12-16 09:58:14 MainThread @decentralized_fqi_matrix.py:453]   Agent 4 progress: 80% (800/1000)
[12-16 09:58:14 MainThread @decentralized_fqi_matrix.py:453]   Agent 4 progress: 90% (900/1000)
[12-16 09:58:14 MainThread @decentralized_fqi_matrix.py:486]   Agent 4 completed: avg Nash time=0.00ms
[12-16 09:58:14 MainThread @decentralized_fqi_matrix.py:379] Computing targets for agent 5/6...
[12-16 09:58:14 MainThread @decentralized_fqi_matrix.py:453]   Agent 5 progress: 10% (100/1000)
[12-16 09:58:14 MainThread @decentralized_fqi_matrix.py:453]   Agent 5 progress: 20% (200/1000)
[12-16 09:58:14 MainThread @decentralized_fqi_matrix.py:453]   Agent 5 progress: 30% (300/1000)
[12-16 09:58:14 MainThread @decentralized_fqi_matrix.py:453]   Agent 5 progress: 40% (400/1000)
[12-16 09:58:14 MainThread @decentralized_fqi_matrix.py:453]   Agent 5 progress: 50% (500/1000)
[12-16 09:58:14 MainThread @decentralized_fqi_matrix.py:453]   Agent 5 progress: 60% (600/1000)
[12-16 09:58:14 MainThread @decentralized_fqi_matrix.py:453]   Agent 5 progress: 70% (700/1000)
[12-16 09:58:14 MainThread @decentralized_fqi_matrix.py:453]   Agent 5 progress: 80% (800/1000)
[12-16 09:58:14 MainThread @decentralized_fqi_matrix.py:453]   Agent 5 progress: 90% (900/1000)
[12-16 09:58:14 MainThread @decentralized_fqi_matrix.py:486]   Agent 5 completed: avg Nash time=0.00ms
[12-16 09:58:14 MainThread @decentralized_fqi_matrix.py:379] Computing targets for agent 6/6...
[12-16 09:58:14 MainThread @decentralized_fqi_matrix.py:453]   Agent 6 progress: 10% (100/1000)
[12-16 09:58:14 MainThread @decentralized_fqi_matrix.py:453]   Agent 6 progress: 20% (200/1000)
[12-16 09:58:14 MainThread @decentralized_fqi_matrix.py:453]   Agent 6 progress: 30% (300/1000)
[12-16 09:58:14 MainThread @decentralized_fqi_matrix.py:453]   Agent 6 progress: 40% (400/1000)
[12-16 09:58:14 MainThread @decentralized_fqi_matrix.py:453]   Agent 6 progress: 50% (500/1000)
[12-16 09:58:14 MainThread @decentralized_fqi_matrix.py:453]   Agent 6 progress: 60% (600/1000)
[12-16 09:58:14 MainThread @decentralized_fqi_matrix.py:453]   Agent 6 progress: 70% (700/1000)
[12-16 09:58:14 MainThread @decentralized_fqi_matrix.py:453]   Agent 6 progress: 80% (800/1000)
[12-16 09:58:14 MainThread @decentralized_fqi_matrix.py:453]   Agent 6 progress: 90% (900/1000)
[12-16 09:58:14 MainThread @decentralized_fqi_matrix.py:486]   Agent 6 completed: avg Nash time=0.00ms
[12-16 09:58:14 MainThread @decentralized_fqi_matrix.py:389] Mean Nash solving time: 0.0000s
[12-16 09:58:14 MainThread @decentralized_fqi_matrix.py:393] Nash cache: 0.0% hit rate (0 hits, 18 misses, 18 cached)
[12-16 09:58:14 MainThread @decentralized_fqi_matrix.py:398] Solving (4) by DIGing decentralized optimization...
[12-16 09:58:16 MainThread @decentralized_fqi_matrix.py:417] Iteration 62 completed: loss=0.4582, td_error=0.5350, consensus_error=0.001916
[12-16 09:58:16 MainThread @decentralized_fqi_matrix.py:573]   [收敛检测] Loss趋势: -0.0003, 波动std: 0.0003
[12-16 09:58:16 MainThread @decentralized_fqi_matrix.py:581]   ✓ Loss已稳定(std=0.0003), 可能已收敛
[12-16 09:58:16 MainThread @decentralized_fqi_matrix.py:369] 
=== Fitted Q-Iteration 63/100 ===
[12-16 09:58:16 MainThread @decentralized_fqi_matrix.py:379] Computing targets for agent 1/6...
[12-16 09:58:16 MainThread @decentralized_fqi_matrix.py:453]   Agent 1 progress: 10% (100/1000)
[12-16 09:58:16 MainThread @decentralized_fqi_matrix.py:453]   Agent 1 progress: 20% (200/1000)
[12-16 09:58:16 MainThread @decentralized_fqi_matrix.py:453]   Agent 1 progress: 30% (300/1000)
[12-16 09:58:16 MainThread @decentralized_fqi_matrix.py:453]   Agent 1 progress: 40% (400/1000)
[12-16 09:58:16 MainThread @decentralized_fqi_matrix.py:453]   Agent 1 progress: 50% (500/1000)
[12-16 09:58:16 MainThread @decentralized_fqi_matrix.py:453]   Agent 1 progress: 60% (600/1000)
[12-16 09:58:16 MainThread @decentralized_fqi_matrix.py:453]   Agent 1 progress: 70% (700/1000)
[12-16 09:58:16 MainThread @decentralized_fqi_matrix.py:453]   Agent 1 progress: 80% (800/1000)
[12-16 09:58:16 MainThread @decentralized_fqi_matrix.py:453]   Agent 1 progress: 90% (900/1000)
[12-16 09:58:16 MainThread @decentralized_fqi_matrix.py:486]   Agent 1 completed: avg Nash time=0.00ms
[12-16 09:58:16 MainThread @decentralized_fqi_matrix.py:379] Computing targets for agent 2/6...
[12-16 09:58:16 MainThread @decentralized_fqi_matrix.py:453]   Agent 2 progress: 10% (100/1000)
[12-16 09:58:16 MainThread @decentralized_fqi_matrix.py:453]   Agent 2 progress: 20% (200/1000)
[12-16 09:58:16 MainThread @decentralized_fqi_matrix.py:453]   Agent 2 progress: 30% (300/1000)
[12-16 09:58:16 MainThread @decentralized_fqi_matrix.py:453]   Agent 2 progress: 40% (400/1000)
[12-16 09:58:16 MainThread @decentralized_fqi_matrix.py:453]   Agent 2 progress: 50% (500/1000)
[12-16 09:58:16 MainThread @decentralized_fqi_matrix.py:453]   Agent 2 progress: 60% (600/1000)
[12-16 09:58:16 MainThread @decentralized_fqi_matrix.py:453]   Agent 2 progress: 70% (700/1000)
[12-16 09:58:16 MainThread @decentralized_fqi_matrix.py:453]   Agent 2 progress: 80% (800/1000)
[12-16 09:58:16 MainThread @decentralized_fqi_matrix.py:453]   Agent 2 progress: 90% (900/1000)
[12-16 09:58:16 MainThread @decentralized_fqi_matrix.py:486]   Agent 2 completed: avg Nash time=0.00ms
[12-16 09:58:16 MainThread @decentralized_fqi_matrix.py:379] Computing targets for agent 3/6...
[12-16 09:58:16 MainThread @decentralized_fqi_matrix.py:453]   Agent 3 progress: 10% (100/1000)
[12-16 09:58:16 MainThread @decentralized_fqi_matrix.py:453]   Agent 3 progress: 20% (200/1000)
[12-16 09:58:16 MainThread @decentralized_fqi_matrix.py:453]   Agent 3 progress: 30% (300/1000)
[12-16 09:58:16 MainThread @decentralized_fqi_matrix.py:453]   Agent 3 progress: 40% (400/1000)
[12-16 09:58:16 MainThread @decentralized_fqi_matrix.py:453]   Agent 3 progress: 50% (500/1000)
[12-16 09:58:16 MainThread @decentralized_fqi_matrix.py:453]   Agent 3 progress: 60% (600/1000)
[12-16 09:58:16 MainThread @decentralized_fqi_matrix.py:453]   Agent 3 progress: 70% (700/1000)
[12-16 09:58:16 MainThread @decentralized_fqi_matrix.py:453]   Agent 3 progress: 80% (800/1000)
[12-16 09:58:16 MainThread @decentralized_fqi_matrix.py:453]   Agent 3 progress: 90% (900/1000)
[12-16 09:58:16 MainThread @decentralized_fqi_matrix.py:486]   Agent 3 completed: avg Nash time=0.00ms
[12-16 09:58:16 MainThread @decentralized_fqi_matrix.py:379] Computing targets for agent 4/6...
[12-16 09:58:16 MainThread @decentralized_fqi_matrix.py:453]   Agent 4 progress: 10% (100/1000)
[12-16 09:58:16 MainThread @decentralized_fqi_matrix.py:453]   Agent 4 progress: 20% (200/1000)
[12-16 09:58:16 MainThread @decentralized_fqi_matrix.py:453]   Agent 4 progress: 30% (300/1000)
[12-16 09:58:16 MainThread @decentralized_fqi_matrix.py:453]   Agent 4 progress: 40% (400/1000)
[12-16 09:58:16 MainThread @decentralized_fqi_matrix.py:453]   Agent 4 progress: 50% (500/1000)
[12-16 09:58:16 MainThread @decentralized_fqi_matrix.py:453]   Agent 4 progress: 60% (600/1000)
[12-16 09:58:16 MainThread @decentralized_fqi_matrix.py:453]   Agent 4 progress: 70% (700/1000)
[12-16 09:58:16 MainThread @decentralized_fqi_matrix.py:453]   Agent 4 progress: 80% (800/1000)
[12-16 09:58:16 MainThread @decentralized_fqi_matrix.py:453]   Agent 4 progress: 90% (900/1000)
[12-16 09:58:16 MainThread @decentralized_fqi_matrix.py:486]   Agent 4 completed: avg Nash time=0.00ms
[12-16 09:58:16 MainThread @decentralized_fqi_matrix.py:379] Computing targets for agent 5/6...
[12-16 09:58:16 MainThread @decentralized_fqi_matrix.py:453]   Agent 5 progress: 10% (100/1000)
[12-16 09:58:16 MainThread @decentralized_fqi_matrix.py:453]   Agent 5 progress: 20% (200/1000)
[12-16 09:58:16 MainThread @decentralized_fqi_matrix.py:453]   Agent 5 progress: 30% (300/1000)
[12-16 09:58:16 MainThread @decentralized_fqi_matrix.py:453]   Agent 5 progress: 40% (400/1000)
[12-16 09:58:16 MainThread @decentralized_fqi_matrix.py:453]   Agent 5 progress: 50% (500/1000)
[12-16 09:58:16 MainThread @decentralized_fqi_matrix.py:453]   Agent 5 progress: 60% (600/1000)
[12-16 09:58:16 MainThread @decentralized_fqi_matrix.py:453]   Agent 5 progress: 70% (700/1000)
[12-16 09:58:16 MainThread @decentralized_fqi_matrix.py:453]   Agent 5 progress: 80% (800/1000)
[12-16 09:58:16 MainThread @decentralized_fqi_matrix.py:453]   Agent 5 progress: 90% (900/1000)
[12-16 09:58:16 MainThread @decentralized_fqi_matrix.py:486]   Agent 5 completed: avg Nash time=0.00ms
[12-16 09:58:16 MainThread @decentralized_fqi_matrix.py:379] Computing targets for agent 6/6...
[12-16 09:58:16 MainThread @decentralized_fqi_matrix.py:453]   Agent 6 progress: 10% (100/1000)
[12-16 09:58:16 MainThread @decentralized_fqi_matrix.py:453]   Agent 6 progress: 20% (200/1000)
[12-16 09:58:16 MainThread @decentralized_fqi_matrix.py:453]   Agent 6 progress: 30% (300/1000)
[12-16 09:58:16 MainThread @decentralized_fqi_matrix.py:453]   Agent 6 progress: 40% (400/1000)
[12-16 09:58:16 MainThread @decentralized_fqi_matrix.py:453]   Agent 6 progress: 50% (500/1000)
[12-16 09:58:16 MainThread @decentralized_fqi_matrix.py:453]   Agent 6 progress: 60% (600/1000)
[12-16 09:58:16 MainThread @decentralized_fqi_matrix.py:453]   Agent 6 progress: 70% (700/1000)
[12-16 09:58:16 MainThread @decentralized_fqi_matrix.py:453]   Agent 6 progress: 80% (800/1000)
[12-16 09:58:16 MainThread @decentralized_fqi_matrix.py:453]   Agent 6 progress: 90% (900/1000)
[12-16 09:58:16 MainThread @decentralized_fqi_matrix.py:486]   Agent 6 completed: avg Nash time=0.00ms
[12-16 09:58:16 MainThread @decentralized_fqi_matrix.py:389] Mean Nash solving time: 0.0000s
[12-16 09:58:16 MainThread @decentralized_fqi_matrix.py:393] Nash cache: 0.0% hit rate (0 hits, 18 misses, 18 cached)
[12-16 09:58:16 MainThread @decentralized_fqi_matrix.py:398] Solving (4) by DIGing decentralized optimization...
[12-16 09:58:18 MainThread @decentralized_fqi_matrix.py:417] Iteration 63 completed: loss=0.4581, td_error=0.5350, consensus_error=0.002512
[12-16 09:58:18 MainThread @decentralized_fqi_matrix.py:573]   [收敛检测] Loss趋势: -0.0005, 波动std: 0.0003
[12-16 09:58:18 MainThread @decentralized_fqi_matrix.py:581]   ✓ Loss已稳定(std=0.0003), 可能已收敛
[12-16 09:58:18 MainThread @decentralized_fqi_matrix.py:369] 
=== Fitted Q-Iteration 64/100 ===
[12-16 09:58:18 MainThread @decentralized_fqi_matrix.py:379] Computing targets for agent 1/6...
[12-16 09:58:18 MainThread @decentralized_fqi_matrix.py:453]   Agent 1 progress: 10% (100/1000)
[12-16 09:58:18 MainThread @decentralized_fqi_matrix.py:453]   Agent 1 progress: 20% (200/1000)
[12-16 09:58:18 MainThread @decentralized_fqi_matrix.py:453]   Agent 1 progress: 30% (300/1000)
[12-16 09:58:18 MainThread @decentralized_fqi_matrix.py:453]   Agent 1 progress: 40% (400/1000)
[12-16 09:58:18 MainThread @decentralized_fqi_matrix.py:453]   Agent 1 progress: 50% (500/1000)
[12-16 09:58:18 MainThread @decentralized_fqi_matrix.py:453]   Agent 1 progress: 60% (600/1000)
[12-16 09:58:18 MainThread @decentralized_fqi_matrix.py:453]   Agent 1 progress: 70% (700/1000)
[12-16 09:58:18 MainThread @decentralized_fqi_matrix.py:453]   Agent 1 progress: 80% (800/1000)
[12-16 09:58:18 MainThread @decentralized_fqi_matrix.py:453]   Agent 1 progress: 90% (900/1000)
[12-16 09:58:18 MainThread @decentralized_fqi_matrix.py:486]   Agent 1 completed: avg Nash time=0.00ms
[12-16 09:58:18 MainThread @decentralized_fqi_matrix.py:379] Computing targets for agent 2/6...
[12-16 09:58:18 MainThread @decentralized_fqi_matrix.py:453]   Agent 2 progress: 10% (100/1000)
[12-16 09:58:18 MainThread @decentralized_fqi_matrix.py:453]   Agent 2 progress: 20% (200/1000)
[12-16 09:58:18 MainThread @decentralized_fqi_matrix.py:453]   Agent 2 progress: 30% (300/1000)
[12-16 09:58:18 MainThread @decentralized_fqi_matrix.py:453]   Agent 2 progress: 40% (400/1000)
[12-16 09:58:18 MainThread @decentralized_fqi_matrix.py:453]   Agent 2 progress: 50% (500/1000)
[12-16 09:58:18 MainThread @decentralized_fqi_matrix.py:453]   Agent 2 progress: 60% (600/1000)
[12-16 09:58:18 MainThread @decentralized_fqi_matrix.py:453]   Agent 2 progress: 70% (700/1000)
[12-16 09:58:18 MainThread @decentralized_fqi_matrix.py:453]   Agent 2 progress: 80% (800/1000)
[12-16 09:58:18 MainThread @decentralized_fqi_matrix.py:453]   Agent 2 progress: 90% (900/1000)
[12-16 09:58:18 MainThread @decentralized_fqi_matrix.py:486]   Agent 2 completed: avg Nash time=0.00ms
[12-16 09:58:18 MainThread @decentralized_fqi_matrix.py:379] Computing targets for agent 3/6...
[12-16 09:58:18 MainThread @decentralized_fqi_matrix.py:453]   Agent 3 progress: 10% (100/1000)
[12-16 09:58:18 MainThread @decentralized_fqi_matrix.py:453]   Agent 3 progress: 20% (200/1000)
[12-16 09:58:18 MainThread @decentralized_fqi_matrix.py:453]   Agent 3 progress: 30% (300/1000)
[12-16 09:58:18 MainThread @decentralized_fqi_matrix.py:453]   Agent 3 progress: 40% (400/1000)
[12-16 09:58:18 MainThread @decentralized_fqi_matrix.py:453]   Agent 3 progress: 50% (500/1000)
[12-16 09:58:18 MainThread @decentralized_fqi_matrix.py:453]   Agent 3 progress: 60% (600/1000)
[12-16 09:58:18 MainThread @decentralized_fqi_matrix.py:453]   Agent 3 progress: 70% (700/1000)
[12-16 09:58:18 MainThread @decentralized_fqi_matrix.py:453]   Agent 3 progress: 80% (800/1000)
[12-16 09:58:18 MainThread @decentralized_fqi_matrix.py:453]   Agent 3 progress: 90% (900/1000)
[12-16 09:58:18 MainThread @decentralized_fqi_matrix.py:486]   Agent 3 completed: avg Nash time=0.00ms
[12-16 09:58:18 MainThread @decentralized_fqi_matrix.py:379] Computing targets for agent 4/6...
[12-16 09:58:18 MainThread @decentralized_fqi_matrix.py:453]   Agent 4 progress: 10% (100/1000)
[12-16 09:58:18 MainThread @decentralized_fqi_matrix.py:453]   Agent 4 progress: 20% (200/1000)
[12-16 09:58:18 MainThread @decentralized_fqi_matrix.py:453]   Agent 4 progress: 30% (300/1000)
[12-16 09:58:18 MainThread @decentralized_fqi_matrix.py:453]   Agent 4 progress: 40% (400/1000)
[12-16 09:58:18 MainThread @decentralized_fqi_matrix.py:453]   Agent 4 progress: 50% (500/1000)
[12-16 09:58:18 MainThread @decentralized_fqi_matrix.py:453]   Agent 4 progress: 60% (600/1000)
[12-16 09:58:18 MainThread @decentralized_fqi_matrix.py:453]   Agent 4 progress: 70% (700/1000)
[12-16 09:58:18 MainThread @decentralized_fqi_matrix.py:453]   Agent 4 progress: 80% (800/1000)
[12-16 09:58:18 MainThread @decentralized_fqi_matrix.py:453]   Agent 4 progress: 90% (900/1000)
[12-16 09:58:18 MainThread @decentralized_fqi_matrix.py:486]   Agent 4 completed: avg Nash time=0.00ms
[12-16 09:58:18 MainThread @decentralized_fqi_matrix.py:379] Computing targets for agent 5/6...
[12-16 09:58:18 MainThread @decentralized_fqi_matrix.py:453]   Agent 5 progress: 10% (100/1000)
[12-16 09:58:18 MainThread @decentralized_fqi_matrix.py:453]   Agent 5 progress: 20% (200/1000)
[12-16 09:58:18 MainThread @decentralized_fqi_matrix.py:453]   Agent 5 progress: 30% (300/1000)
[12-16 09:58:18 MainThread @decentralized_fqi_matrix.py:453]   Agent 5 progress: 40% (400/1000)
[12-16 09:58:18 MainThread @decentralized_fqi_matrix.py:453]   Agent 5 progress: 50% (500/1000)
[12-16 09:58:18 MainThread @decentralized_fqi_matrix.py:453]   Agent 5 progress: 60% (600/1000)
[12-16 09:58:18 MainThread @decentralized_fqi_matrix.py:453]   Agent 5 progress: 70% (700/1000)
[12-16 09:58:18 MainThread @decentralized_fqi_matrix.py:453]   Agent 5 progress: 80% (800/1000)
[12-16 09:58:18 MainThread @decentralized_fqi_matrix.py:453]   Agent 5 progress: 90% (900/1000)
[12-16 09:58:18 MainThread @decentralized_fqi_matrix.py:486]   Agent 5 completed: avg Nash time=0.00ms
[12-16 09:58:18 MainThread @decentralized_fqi_matrix.py:379] Computing targets for agent 6/6...
[12-16 09:58:18 MainThread @decentralized_fqi_matrix.py:453]   Agent 6 progress: 10% (100/1000)
[12-16 09:58:18 MainThread @decentralized_fqi_matrix.py:453]   Agent 6 progress: 20% (200/1000)
[12-16 09:58:18 MainThread @decentralized_fqi_matrix.py:453]   Agent 6 progress: 30% (300/1000)
[12-16 09:58:18 MainThread @decentralized_fqi_matrix.py:453]   Agent 6 progress: 40% (400/1000)
[12-16 09:58:18 MainThread @decentralized_fqi_matrix.py:453]   Agent 6 progress: 50% (500/1000)
[12-16 09:58:18 MainThread @decentralized_fqi_matrix.py:453]   Agent 6 progress: 60% (600/1000)
[12-16 09:58:18 MainThread @decentralized_fqi_matrix.py:453]   Agent 6 progress: 70% (700/1000)
[12-16 09:58:18 MainThread @decentralized_fqi_matrix.py:453]   Agent 6 progress: 80% (800/1000)
[12-16 09:58:18 MainThread @decentralized_fqi_matrix.py:453]   Agent 6 progress: 90% (900/1000)
[12-16 09:58:18 MainThread @decentralized_fqi_matrix.py:486]   Agent 6 completed: avg Nash time=0.00ms
[12-16 09:58:18 MainThread @decentralized_fqi_matrix.py:389] Mean Nash solving time: 0.0000s
[12-16 09:58:18 MainThread @decentralized_fqi_matrix.py:393] Nash cache: 0.0% hit rate (0 hits, 18 misses, 18 cached)
[12-16 09:58:18 MainThread @decentralized_fqi_matrix.py:398] Solving (4) by DIGing decentralized optimization...
[12-16 09:58:20 MainThread @decentralized_fqi_matrix.py:417] Iteration 64 completed: loss=0.4583, td_error=0.5351, consensus_error=0.002445
[12-16 09:58:20 MainThread @decentralized_fqi_matrix.py:573]   [收敛检测] Loss趋势: +0.0003, 波动std: 0.0002
[12-16 09:58:20 MainThread @decentralized_fqi_matrix.py:581]   ✓ Loss已稳定(std=0.0002), 可能已收敛
[12-16 09:58:20 MainThread @decentralized_fqi_matrix.py:369] 
=== Fitted Q-Iteration 65/100 ===
[12-16 09:58:20 MainThread @decentralized_fqi_matrix.py:379] Computing targets for agent 1/6...
[12-16 09:58:20 MainThread @decentralized_fqi_matrix.py:453]   Agent 1 progress: 10% (100/1000)
[12-16 09:58:20 MainThread @decentralized_fqi_matrix.py:453]   Agent 1 progress: 20% (200/1000)
[12-16 09:58:20 MainThread @decentralized_fqi_matrix.py:453]   Agent 1 progress: 30% (300/1000)
[12-16 09:58:20 MainThread @decentralized_fqi_matrix.py:453]   Agent 1 progress: 40% (400/1000)
[12-16 09:58:20 MainThread @decentralized_fqi_matrix.py:453]   Agent 1 progress: 50% (500/1000)
[12-16 09:58:20 MainThread @decentralized_fqi_matrix.py:453]   Agent 1 progress: 60% (600/1000)
[12-16 09:58:20 MainThread @decentralized_fqi_matrix.py:453]   Agent 1 progress: 70% (700/1000)
[12-16 09:58:20 MainThread @decentralized_fqi_matrix.py:453]   Agent 1 progress: 80% (800/1000)
[12-16 09:58:20 MainThread @decentralized_fqi_matrix.py:453]   Agent 1 progress: 90% (900/1000)
[12-16 09:58:20 MainThread @decentralized_fqi_matrix.py:486]   Agent 1 completed: avg Nash time=0.00ms
[12-16 09:58:20 MainThread @decentralized_fqi_matrix.py:379] Computing targets for agent 2/6...
[12-16 09:58:20 MainThread @decentralized_fqi_matrix.py:453]   Agent 2 progress: 10% (100/1000)
[12-16 09:58:20 MainThread @decentralized_fqi_matrix.py:453]   Agent 2 progress: 20% (200/1000)
[12-16 09:58:20 MainThread @decentralized_fqi_matrix.py:453]   Agent 2 progress: 30% (300/1000)
[12-16 09:58:20 MainThread @decentralized_fqi_matrix.py:453]   Agent 2 progress: 40% (400/1000)
[12-16 09:58:20 MainThread @decentralized_fqi_matrix.py:453]   Agent 2 progress: 50% (500/1000)
[12-16 09:58:20 MainThread @decentralized_fqi_matrix.py:453]   Agent 2 progress: 60% (600/1000)
[12-16 09:58:20 MainThread @decentralized_fqi_matrix.py:453]   Agent 2 progress: 70% (700/1000)
[12-16 09:58:20 MainThread @decentralized_fqi_matrix.py:453]   Agent 2 progress: 80% (800/1000)
[12-16 09:58:20 MainThread @decentralized_fqi_matrix.py:453]   Agent 2 progress: 90% (900/1000)
[12-16 09:58:20 MainThread @decentralized_fqi_matrix.py:486]   Agent 2 completed: avg Nash time=0.00ms
[12-16 09:58:20 MainThread @decentralized_fqi_matrix.py:379] Computing targets for agent 3/6...
[12-16 09:58:20 MainThread @decentralized_fqi_matrix.py:453]   Agent 3 progress: 10% (100/1000)
[12-16 09:58:20 MainThread @decentralized_fqi_matrix.py:453]   Agent 3 progress: 20% (200/1000)
[12-16 09:58:20 MainThread @decentralized_fqi_matrix.py:453]   Agent 3 progress: 30% (300/1000)
[12-16 09:58:20 MainThread @decentralized_fqi_matrix.py:453]   Agent 3 progress: 40% (400/1000)
[12-16 09:58:20 MainThread @decentralized_fqi_matrix.py:453]   Agent 3 progress: 50% (500/1000)
[12-16 09:58:20 MainThread @decentralized_fqi_matrix.py:453]   Agent 3 progress: 60% (600/1000)
[12-16 09:58:20 MainThread @decentralized_fqi_matrix.py:453]   Agent 3 progress: 70% (700/1000)
[12-16 09:58:20 MainThread @decentralized_fqi_matrix.py:453]   Agent 3 progress: 80% (800/1000)
[12-16 09:58:20 MainThread @decentralized_fqi_matrix.py:453]   Agent 3 progress: 90% (900/1000)
[12-16 09:58:20 MainThread @decentralized_fqi_matrix.py:486]   Agent 3 completed: avg Nash time=0.00ms
[12-16 09:58:20 MainThread @decentralized_fqi_matrix.py:379] Computing targets for agent 4/6...
[12-16 09:58:20 MainThread @decentralized_fqi_matrix.py:453]   Agent 4 progress: 10% (100/1000)
[12-16 09:58:20 MainThread @decentralized_fqi_matrix.py:453]   Agent 4 progress: 20% (200/1000)
[12-16 09:58:20 MainThread @decentralized_fqi_matrix.py:453]   Agent 4 progress: 30% (300/1000)
[12-16 09:58:20 MainThread @decentralized_fqi_matrix.py:453]   Agent 4 progress: 40% (400/1000)
[12-16 09:58:20 MainThread @decentralized_fqi_matrix.py:453]   Agent 4 progress: 50% (500/1000)
[12-16 09:58:20 MainThread @decentralized_fqi_matrix.py:453]   Agent 4 progress: 60% (600/1000)
[12-16 09:58:20 MainThread @decentralized_fqi_matrix.py:453]   Agent 4 progress: 70% (700/1000)
[12-16 09:58:20 MainThread @decentralized_fqi_matrix.py:453]   Agent 4 progress: 80% (800/1000)
[12-16 09:58:20 MainThread @decentralized_fqi_matrix.py:453]   Agent 4 progress: 90% (900/1000)
[12-16 09:58:20 MainThread @decentralized_fqi_matrix.py:486]   Agent 4 completed: avg Nash time=0.00ms
[12-16 09:58:20 MainThread @decentralized_fqi_matrix.py:379] Computing targets for agent 5/6...
[12-16 09:58:20 MainThread @decentralized_fqi_matrix.py:453]   Agent 5 progress: 10% (100/1000)
[12-16 09:58:20 MainThread @decentralized_fqi_matrix.py:453]   Agent 5 progress: 20% (200/1000)
[12-16 09:58:20 MainThread @decentralized_fqi_matrix.py:453]   Agent 5 progress: 30% (300/1000)
[12-16 09:58:20 MainThread @decentralized_fqi_matrix.py:453]   Agent 5 progress: 40% (400/1000)
[12-16 09:58:20 MainThread @decentralized_fqi_matrix.py:453]   Agent 5 progress: 50% (500/1000)
[12-16 09:58:20 MainThread @decentralized_fqi_matrix.py:453]   Agent 5 progress: 60% (600/1000)
[12-16 09:58:20 MainThread @decentralized_fqi_matrix.py:453]   Agent 5 progress: 70% (700/1000)
[12-16 09:58:20 MainThread @decentralized_fqi_matrix.py:453]   Agent 5 progress: 80% (800/1000)
[12-16 09:58:20 MainThread @decentralized_fqi_matrix.py:453]   Agent 5 progress: 90% (900/1000)
[12-16 09:58:20 MainThread @decentralized_fqi_matrix.py:486]   Agent 5 completed: avg Nash time=0.00ms
[12-16 09:58:20 MainThread @decentralized_fqi_matrix.py:379] Computing targets for agent 6/6...
[12-16 09:58:20 MainThread @decentralized_fqi_matrix.py:453]   Agent 6 progress: 10% (100/1000)
[12-16 09:58:20 MainThread @decentralized_fqi_matrix.py:453]   Agent 6 progress: 20% (200/1000)
[12-16 09:58:20 MainThread @decentralized_fqi_matrix.py:453]   Agent 6 progress: 30% (300/1000)
[12-16 09:58:20 MainThread @decentralized_fqi_matrix.py:453]   Agent 6 progress: 40% (400/1000)
[12-16 09:58:20 MainThread @decentralized_fqi_matrix.py:453]   Agent 6 progress: 50% (500/1000)
[12-16 09:58:20 MainThread @decentralized_fqi_matrix.py:453]   Agent 6 progress: 60% (600/1000)
[12-16 09:58:20 MainThread @decentralized_fqi_matrix.py:453]   Agent 6 progress: 70% (700/1000)
[12-16 09:58:20 MainThread @decentralized_fqi_matrix.py:453]   Agent 6 progress: 80% (800/1000)
[12-16 09:58:20 MainThread @decentralized_fqi_matrix.py:453]   Agent 6 progress: 90% (900/1000)
[12-16 09:58:20 MainThread @decentralized_fqi_matrix.py:486]   Agent 6 completed: avg Nash time=0.00ms
[12-16 09:58:20 MainThread @decentralized_fqi_matrix.py:389] Mean Nash solving time: 0.0000s
[12-16 09:58:20 MainThread @decentralized_fqi_matrix.py:393] Nash cache: 0.0% hit rate (0 hits, 18 misses, 18 cached)
[12-16 09:58:20 MainThread @decentralized_fqi_matrix.py:398] Solving (4) by DIGing decentralized optimization...
[12-16 09:58:22 MainThread @decentralized_fqi_matrix.py:417] Iteration 65 completed: loss=0.4574, td_error=0.5343, consensus_error=0.001164
[12-16 09:58:22 MainThread @decentralized_fqi_matrix.py:573]   [收敛检测] Loss趋势: +0.0006, 波动std: 0.0003
[12-16 09:58:22 MainThread @decentralized_fqi_matrix.py:581]   ✓ Loss已稳定(std=0.0003), 可能已收敛
[12-16 09:58:22 MainThread @decentralized_fqi_matrix.py:369] 
=== Fitted Q-Iteration 66/100 ===
[12-16 09:58:22 MainThread @decentralized_fqi_matrix.py:379] Computing targets for agent 1/6...
[12-16 09:58:22 MainThread @decentralized_fqi_matrix.py:453]   Agent 1 progress: 10% (100/1000)
[12-16 09:58:22 MainThread @decentralized_fqi_matrix.py:453]   Agent 1 progress: 20% (200/1000)
[12-16 09:58:22 MainThread @decentralized_fqi_matrix.py:453]   Agent 1 progress: 30% (300/1000)
[12-16 09:58:22 MainThread @decentralized_fqi_matrix.py:453]   Agent 1 progress: 40% (400/1000)
[12-16 09:58:22 MainThread @decentralized_fqi_matrix.py:453]   Agent 1 progress: 50% (500/1000)
[12-16 09:58:22 MainThread @decentralized_fqi_matrix.py:453]   Agent 1 progress: 60% (600/1000)
[12-16 09:58:22 MainThread @decentralized_fqi_matrix.py:453]   Agent 1 progress: 70% (700/1000)
[12-16 09:58:22 MainThread @decentralized_fqi_matrix.py:453]   Agent 1 progress: 80% (800/1000)
[12-16 09:58:22 MainThread @decentralized_fqi_matrix.py:453]   Agent 1 progress: 90% (900/1000)
[12-16 09:58:22 MainThread @decentralized_fqi_matrix.py:486]   Agent 1 completed: avg Nash time=0.00ms
[12-16 09:58:22 MainThread @decentralized_fqi_matrix.py:379] Computing targets for agent 2/6...
[12-16 09:58:22 MainThread @decentralized_fqi_matrix.py:453]   Agent 2 progress: 10% (100/1000)
[12-16 09:58:22 MainThread @decentralized_fqi_matrix.py:453]   Agent 2 progress: 20% (200/1000)
[12-16 09:58:22 MainThread @decentralized_fqi_matrix.py:453]   Agent 2 progress: 30% (300/1000)
[12-16 09:58:22 MainThread @decentralized_fqi_matrix.py:453]   Agent 2 progress: 40% (400/1000)
[12-16 09:58:22 MainThread @decentralized_fqi_matrix.py:453]   Agent 2 progress: 50% (500/1000)
[12-16 09:58:22 MainThread @decentralized_fqi_matrix.py:453]   Agent 2 progress: 60% (600/1000)
[12-16 09:58:22 MainThread @decentralized_fqi_matrix.py:453]   Agent 2 progress: 70% (700/1000)
[12-16 09:58:22 MainThread @decentralized_fqi_matrix.py:453]   Agent 2 progress: 80% (800/1000)
[12-16 09:58:22 MainThread @decentralized_fqi_matrix.py:453]   Agent 2 progress: 90% (900/1000)
[12-16 09:58:22 MainThread @decentralized_fqi_matrix.py:486]   Agent 2 completed: avg Nash time=0.00ms
[12-16 09:58:22 MainThread @decentralized_fqi_matrix.py:379] Computing targets for agent 3/6...
[12-16 09:58:22 MainThread @decentralized_fqi_matrix.py:453]   Agent 3 progress: 10% (100/1000)
[12-16 09:58:22 MainThread @decentralized_fqi_matrix.py:453]   Agent 3 progress: 20% (200/1000)
[12-16 09:58:22 MainThread @decentralized_fqi_matrix.py:453]   Agent 3 progress: 30% (300/1000)
[12-16 09:58:22 MainThread @decentralized_fqi_matrix.py:453]   Agent 3 progress: 40% (400/1000)
[12-16 09:58:22 MainThread @decentralized_fqi_matrix.py:453]   Agent 3 progress: 50% (500/1000)
[12-16 09:58:22 MainThread @decentralized_fqi_matrix.py:453]   Agent 3 progress: 60% (600/1000)
[12-16 09:58:22 MainThread @decentralized_fqi_matrix.py:453]   Agent 3 progress: 70% (700/1000)
[12-16 09:58:22 MainThread @decentralized_fqi_matrix.py:453]   Agent 3 progress: 80% (800/1000)
[12-16 09:58:22 MainThread @decentralized_fqi_matrix.py:453]   Agent 3 progress: 90% (900/1000)
[12-16 09:58:22 MainThread @decentralized_fqi_matrix.py:486]   Agent 3 completed: avg Nash time=0.00ms
[12-16 09:58:22 MainThread @decentralized_fqi_matrix.py:379] Computing targets for agent 4/6...
[12-16 09:58:22 MainThread @decentralized_fqi_matrix.py:453]   Agent 4 progress: 10% (100/1000)
[12-16 09:58:22 MainThread @decentralized_fqi_matrix.py:453]   Agent 4 progress: 20% (200/1000)
[12-16 09:58:22 MainThread @decentralized_fqi_matrix.py:453]   Agent 4 progress: 30% (300/1000)
[12-16 09:58:22 MainThread @decentralized_fqi_matrix.py:453]   Agent 4 progress: 40% (400/1000)
[12-16 09:58:22 MainThread @decentralized_fqi_matrix.py:453]   Agent 4 progress: 50% (500/1000)
[12-16 09:58:22 MainThread @decentralized_fqi_matrix.py:453]   Agent 4 progress: 60% (600/1000)
[12-16 09:58:22 MainThread @decentralized_fqi_matrix.py:453]   Agent 4 progress: 70% (700/1000)
[12-16 09:58:22 MainThread @decentralized_fqi_matrix.py:453]   Agent 4 progress: 80% (800/1000)
[12-16 09:58:22 MainThread @decentralized_fqi_matrix.py:453]   Agent 4 progress: 90% (900/1000)
[12-16 09:58:22 MainThread @decentralized_fqi_matrix.py:486]   Agent 4 completed: avg Nash time=0.00ms
[12-16 09:58:22 MainThread @decentralized_fqi_matrix.py:379] Computing targets for agent 5/6...
[12-16 09:58:22 MainThread @decentralized_fqi_matrix.py:453]   Agent 5 progress: 10% (100/1000)
[12-16 09:58:22 MainThread @decentralized_fqi_matrix.py:453]   Agent 5 progress: 20% (200/1000)
[12-16 09:58:22 MainThread @decentralized_fqi_matrix.py:453]   Agent 5 progress: 30% (300/1000)
[12-16 09:58:22 MainThread @decentralized_fqi_matrix.py:453]   Agent 5 progress: 40% (400/1000)
[12-16 09:58:22 MainThread @decentralized_fqi_matrix.py:453]   Agent 5 progress: 50% (500/1000)
[12-16 09:58:22 MainThread @decentralized_fqi_matrix.py:453]   Agent 5 progress: 60% (600/1000)
[12-16 09:58:22 MainThread @decentralized_fqi_matrix.py:453]   Agent 5 progress: 70% (700/1000)
[12-16 09:58:22 MainThread @decentralized_fqi_matrix.py:453]   Agent 5 progress: 80% (800/1000)
[12-16 09:58:22 MainThread @decentralized_fqi_matrix.py:453]   Agent 5 progress: 90% (900/1000)
[12-16 09:58:22 MainThread @decentralized_fqi_matrix.py:486]   Agent 5 completed: avg Nash time=0.00ms
[12-16 09:58:22 MainThread @decentralized_fqi_matrix.py:379] Computing targets for agent 6/6...
[12-16 09:58:22 MainThread @decentralized_fqi_matrix.py:453]   Agent 6 progress: 10% (100/1000)
[12-16 09:58:22 MainThread @decentralized_fqi_matrix.py:453]   Agent 6 progress: 20% (200/1000)
[12-16 09:58:22 MainThread @decentralized_fqi_matrix.py:453]   Agent 6 progress: 30% (300/1000)
[12-16 09:58:22 MainThread @decentralized_fqi_matrix.py:453]   Agent 6 progress: 40% (400/1000)
[12-16 09:58:22 MainThread @decentralized_fqi_matrix.py:453]   Agent 6 progress: 50% (500/1000)
[12-16 09:58:22 MainThread @decentralized_fqi_matrix.py:453]   Agent 6 progress: 60% (600/1000)
[12-16 09:58:22 MainThread @decentralized_fqi_matrix.py:453]   Agent 6 progress: 70% (700/1000)
[12-16 09:58:22 MainThread @decentralized_fqi_matrix.py:453]   Agent 6 progress: 80% (800/1000)
[12-16 09:58:22 MainThread @decentralized_fqi_matrix.py:453]   Agent 6 progress: 90% (900/1000)
[12-16 09:58:22 MainThread @decentralized_fqi_matrix.py:486]   Agent 6 completed: avg Nash time=0.00ms
[12-16 09:58:22 MainThread @decentralized_fqi_matrix.py:389] Mean Nash solving time: 0.0000s
[12-16 09:58:22 MainThread @decentralized_fqi_matrix.py:393] Nash cache: 0.0% hit rate (0 hits, 18 misses, 18 cached)
[12-16 09:58:22 MainThread @decentralized_fqi_matrix.py:398] Solving (4) by DIGing decentralized optimization...
[12-16 09:58:24 MainThread @decentralized_fqi_matrix.py:417] Iteration 66 completed: loss=0.4577, td_error=0.5345, consensus_error=0.001794
[12-16 09:58:24 MainThread @decentralized_fqi_matrix.py:573]   [收敛检测] Loss趋势: +0.0005, 波动std: 0.0003
[12-16 09:58:24 MainThread @decentralized_fqi_matrix.py:581]   ✓ Loss已稳定(std=0.0003), 可能已收敛
[12-16 09:58:24 MainThread @decentralized_fqi_matrix.py:369] 
=== Fitted Q-Iteration 67/100 ===
[12-16 09:58:24 MainThread @decentralized_fqi_matrix.py:379] Computing targets for agent 1/6...
[12-16 09:58:24 MainThread @decentralized_fqi_matrix.py:453]   Agent 1 progress: 10% (100/1000)
[12-16 09:58:24 MainThread @decentralized_fqi_matrix.py:453]   Agent 1 progress: 20% (200/1000)
[12-16 09:58:24 MainThread @decentralized_fqi_matrix.py:453]   Agent 1 progress: 30% (300/1000)
[12-16 09:58:24 MainThread @decentralized_fqi_matrix.py:453]   Agent 1 progress: 40% (400/1000)
[12-16 09:58:24 MainThread @decentralized_fqi_matrix.py:453]   Agent 1 progress: 50% (500/1000)
[12-16 09:58:24 MainThread @decentralized_fqi_matrix.py:453]   Agent 1 progress: 60% (600/1000)
[12-16 09:58:24 MainThread @decentralized_fqi_matrix.py:453]   Agent 1 progress: 70% (700/1000)
[12-16 09:58:24 MainThread @decentralized_fqi_matrix.py:453]   Agent 1 progress: 80% (800/1000)
[12-16 09:58:24 MainThread @decentralized_fqi_matrix.py:453]   Agent 1 progress: 90% (900/1000)
[12-16 09:58:24 MainThread @decentralized_fqi_matrix.py:486]   Agent 1 completed: avg Nash time=0.00ms
[12-16 09:58:24 MainThread @decentralized_fqi_matrix.py:379] Computing targets for agent 2/6...
[12-16 09:58:24 MainThread @decentralized_fqi_matrix.py:453]   Agent 2 progress: 10% (100/1000)
[12-16 09:58:24 MainThread @decentralized_fqi_matrix.py:453]   Agent 2 progress: 20% (200/1000)
[12-16 09:58:24 MainThread @decentralized_fqi_matrix.py:453]   Agent 2 progress: 30% (300/1000)
[12-16 09:58:24 MainThread @decentralized_fqi_matrix.py:453]   Agent 2 progress: 40% (400/1000)
[12-16 09:58:24 MainThread @decentralized_fqi_matrix.py:453]   Agent 2 progress: 50% (500/1000)
[12-16 09:58:24 MainThread @decentralized_fqi_matrix.py:453]   Agent 2 progress: 60% (600/1000)
[12-16 09:58:24 MainThread @decentralized_fqi_matrix.py:453]   Agent 2 progress: 70% (700/1000)
[12-16 09:58:24 MainThread @decentralized_fqi_matrix.py:453]   Agent 2 progress: 80% (800/1000)
[12-16 09:58:24 MainThread @decentralized_fqi_matrix.py:453]   Agent 2 progress: 90% (900/1000)
[12-16 09:58:24 MainThread @decentralized_fqi_matrix.py:486]   Agent 2 completed: avg Nash time=0.00ms
[12-16 09:58:24 MainThread @decentralized_fqi_matrix.py:379] Computing targets for agent 3/6...
[12-16 09:58:24 MainThread @decentralized_fqi_matrix.py:453]   Agent 3 progress: 10% (100/1000)
[12-16 09:58:24 MainThread @decentralized_fqi_matrix.py:453]   Agent 3 progress: 20% (200/1000)
[12-16 09:58:24 MainThread @decentralized_fqi_matrix.py:453]   Agent 3 progress: 30% (300/1000)
[12-16 09:58:24 MainThread @decentralized_fqi_matrix.py:453]   Agent 3 progress: 40% (400/1000)
[12-16 09:58:24 MainThread @decentralized_fqi_matrix.py:453]   Agent 3 progress: 50% (500/1000)
[12-16 09:58:24 MainThread @decentralized_fqi_matrix.py:453]   Agent 3 progress: 60% (600/1000)
[12-16 09:58:24 MainThread @decentralized_fqi_matrix.py:453]   Agent 3 progress: 70% (700/1000)
[12-16 09:58:24 MainThread @decentralized_fqi_matrix.py:453]   Agent 3 progress: 80% (800/1000)
[12-16 09:58:24 MainThread @decentralized_fqi_matrix.py:453]   Agent 3 progress: 90% (900/1000)
[12-16 09:58:24 MainThread @decentralized_fqi_matrix.py:486]   Agent 3 completed: avg Nash time=0.00ms
[12-16 09:58:24 MainThread @decentralized_fqi_matrix.py:379] Computing targets for agent 4/6...
[12-16 09:58:24 MainThread @decentralized_fqi_matrix.py:453]   Agent 4 progress: 10% (100/1000)
[12-16 09:58:24 MainThread @decentralized_fqi_matrix.py:453]   Agent 4 progress: 20% (200/1000)
[12-16 09:58:24 MainThread @decentralized_fqi_matrix.py:453]   Agent 4 progress: 30% (300/1000)
[12-16 09:58:24 MainThread @decentralized_fqi_matrix.py:453]   Agent 4 progress: 40% (400/1000)
[12-16 09:58:24 MainThread @decentralized_fqi_matrix.py:453]   Agent 4 progress: 50% (500/1000)
[12-16 09:58:24 MainThread @decentralized_fqi_matrix.py:453]   Agent 4 progress: 60% (600/1000)
[12-16 09:58:24 MainThread @decentralized_fqi_matrix.py:453]   Agent 4 progress: 70% (700/1000)
[12-16 09:58:24 MainThread @decentralized_fqi_matrix.py:453]   Agent 4 progress: 80% (800/1000)
[12-16 09:58:24 MainThread @decentralized_fqi_matrix.py:453]   Agent 4 progress: 90% (900/1000)
[12-16 09:58:24 MainThread @decentralized_fqi_matrix.py:486]   Agent 4 completed: avg Nash time=0.00ms
[12-16 09:58:24 MainThread @decentralized_fqi_matrix.py:379] Computing targets for agent 5/6...
[12-16 09:58:24 MainThread @decentralized_fqi_matrix.py:453]   Agent 5 progress: 10% (100/1000)
[12-16 09:58:24 MainThread @decentralized_fqi_matrix.py:453]   Agent 5 progress: 20% (200/1000)
[12-16 09:58:24 MainThread @decentralized_fqi_matrix.py:453]   Agent 5 progress: 30% (300/1000)
[12-16 09:58:24 MainThread @decentralized_fqi_matrix.py:453]   Agent 5 progress: 40% (400/1000)
[12-16 09:58:24 MainThread @decentralized_fqi_matrix.py:453]   Agent 5 progress: 50% (500/1000)
[12-16 09:58:24 MainThread @decentralized_fqi_matrix.py:453]   Agent 5 progress: 60% (600/1000)
[12-16 09:58:24 MainThread @decentralized_fqi_matrix.py:453]   Agent 5 progress: 70% (700/1000)
[12-16 09:58:24 MainThread @decentralized_fqi_matrix.py:453]   Agent 5 progress: 80% (800/1000)
[12-16 09:58:24 MainThread @decentralized_fqi_matrix.py:453]   Agent 5 progress: 90% (900/1000)
[12-16 09:58:24 MainThread @decentralized_fqi_matrix.py:486]   Agent 5 completed: avg Nash time=0.00ms
[12-16 09:58:24 MainThread @decentralized_fqi_matrix.py:379] Computing targets for agent 6/6...
[12-16 09:58:24 MainThread @decentralized_fqi_matrix.py:453]   Agent 6 progress: 10% (100/1000)
[12-16 09:58:24 MainThread @decentralized_fqi_matrix.py:453]   Agent 6 progress: 20% (200/1000)
[12-16 09:58:24 MainThread @decentralized_fqi_matrix.py:453]   Agent 6 progress: 30% (300/1000)
[12-16 09:58:24 MainThread @decentralized_fqi_matrix.py:453]   Agent 6 progress: 40% (400/1000)
[12-16 09:58:24 MainThread @decentralized_fqi_matrix.py:453]   Agent 6 progress: 50% (500/1000)
[12-16 09:58:24 MainThread @decentralized_fqi_matrix.py:453]   Agent 6 progress: 60% (600/1000)
[12-16 09:58:24 MainThread @decentralized_fqi_matrix.py:453]   Agent 6 progress: 70% (700/1000)
[12-16 09:58:24 MainThread @decentralized_fqi_matrix.py:453]   Agent 6 progress: 80% (800/1000)
[12-16 09:58:24 MainThread @decentralized_fqi_matrix.py:453]   Agent 6 progress: 90% (900/1000)
[12-16 09:58:24 MainThread @decentralized_fqi_matrix.py:486]   Agent 6 completed: avg Nash time=0.00ms
[12-16 09:58:24 MainThread @decentralized_fqi_matrix.py:389] Mean Nash solving time: 0.0000s
[12-16 09:58:24 MainThread @decentralized_fqi_matrix.py:393] Nash cache: 0.0% hit rate (0 hits, 18 misses, 18 cached)
[12-16 09:58:24 MainThread @decentralized_fqi_matrix.py:398] Solving (4) by DIGing decentralized optimization...
[12-16 09:58:26 MainThread @decentralized_fqi_matrix.py:417] Iteration 67 completed: loss=0.4581, td_error=0.5348, consensus_error=0.000801
[12-16 09:58:26 MainThread @decentralized_fqi_matrix.py:573]   [收敛检测] Loss趋势: +0.0000, 波动std: 0.0003
[12-16 09:58:26 MainThread @decentralized_fqi_matrix.py:581]   ✓ Loss已稳定(std=0.0003), 可能已收敛
[12-16 09:58:26 MainThread @decentralized_fqi_matrix.py:369] 
=== Fitted Q-Iteration 68/100 ===
[12-16 09:58:26 MainThread @decentralized_fqi_matrix.py:379] Computing targets for agent 1/6...
[12-16 09:58:26 MainThread @decentralized_fqi_matrix.py:453]   Agent 1 progress: 10% (100/1000)
[12-16 09:58:26 MainThread @decentralized_fqi_matrix.py:453]   Agent 1 progress: 20% (200/1000)
[12-16 09:58:26 MainThread @decentralized_fqi_matrix.py:453]   Agent 1 progress: 30% (300/1000)
[12-16 09:58:26 MainThread @decentralized_fqi_matrix.py:453]   Agent 1 progress: 40% (400/1000)
[12-16 09:58:26 MainThread @decentralized_fqi_matrix.py:453]   Agent 1 progress: 50% (500/1000)
[12-16 09:58:26 MainThread @decentralized_fqi_matrix.py:453]   Agent 1 progress: 60% (600/1000)
[12-16 09:58:26 MainThread @decentralized_fqi_matrix.py:453]   Agent 1 progress: 70% (700/1000)
[12-16 09:58:26 MainThread @decentralized_fqi_matrix.py:453]   Agent 1 progress: 80% (800/1000)
[12-16 09:58:26 MainThread @decentralized_fqi_matrix.py:453]   Agent 1 progress: 90% (900/1000)
[12-16 09:58:26 MainThread @decentralized_fqi_matrix.py:486]   Agent 1 completed: avg Nash time=0.00ms
[12-16 09:58:26 MainThread @decentralized_fqi_matrix.py:379] Computing targets for agent 2/6...
[12-16 09:58:26 MainThread @decentralized_fqi_matrix.py:453]   Agent 2 progress: 10% (100/1000)
[12-16 09:58:26 MainThread @decentralized_fqi_matrix.py:453]   Agent 2 progress: 20% (200/1000)
[12-16 09:58:26 MainThread @decentralized_fqi_matrix.py:453]   Agent 2 progress: 30% (300/1000)
[12-16 09:58:26 MainThread @decentralized_fqi_matrix.py:453]   Agent 2 progress: 40% (400/1000)
[12-16 09:58:26 MainThread @decentralized_fqi_matrix.py:453]   Agent 2 progress: 50% (500/1000)
[12-16 09:58:26 MainThread @decentralized_fqi_matrix.py:453]   Agent 2 progress: 60% (600/1000)
[12-16 09:58:26 MainThread @decentralized_fqi_matrix.py:453]   Agent 2 progress: 70% (700/1000)
[12-16 09:58:26 MainThread @decentralized_fqi_matrix.py:453]   Agent 2 progress: 80% (800/1000)
[12-16 09:58:26 MainThread @decentralized_fqi_matrix.py:453]   Agent 2 progress: 90% (900/1000)
[12-16 09:58:26 MainThread @decentralized_fqi_matrix.py:486]   Agent 2 completed: avg Nash time=0.00ms
[12-16 09:58:26 MainThread @decentralized_fqi_matrix.py:379] Computing targets for agent 3/6...
[12-16 09:58:26 MainThread @decentralized_fqi_matrix.py:453]   Agent 3 progress: 10% (100/1000)
[12-16 09:58:26 MainThread @decentralized_fqi_matrix.py:453]   Agent 3 progress: 20% (200/1000)
[12-16 09:58:26 MainThread @decentralized_fqi_matrix.py:453]   Agent 3 progress: 30% (300/1000)
[12-16 09:58:26 MainThread @decentralized_fqi_matrix.py:453]   Agent 3 progress: 40% (400/1000)
[12-16 09:58:26 MainThread @decentralized_fqi_matrix.py:453]   Agent 3 progress: 50% (500/1000)
[12-16 09:58:26 MainThread @decentralized_fqi_matrix.py:453]   Agent 3 progress: 60% (600/1000)
[12-16 09:58:26 MainThread @decentralized_fqi_matrix.py:453]   Agent 3 progress: 70% (700/1000)
[12-16 09:58:26 MainThread @decentralized_fqi_matrix.py:453]   Agent 3 progress: 80% (800/1000)
[12-16 09:58:26 MainThread @decentralized_fqi_matrix.py:453]   Agent 3 progress: 90% (900/1000)
[12-16 09:58:26 MainThread @decentralized_fqi_matrix.py:486]   Agent 3 completed: avg Nash time=0.00ms
[12-16 09:58:26 MainThread @decentralized_fqi_matrix.py:379] Computing targets for agent 4/6...
[12-16 09:58:26 MainThread @decentralized_fqi_matrix.py:453]   Agent 4 progress: 10% (100/1000)
[12-16 09:58:26 MainThread @decentralized_fqi_matrix.py:453]   Agent 4 progress: 20% (200/1000)
[12-16 09:58:26 MainThread @decentralized_fqi_matrix.py:453]   Agent 4 progress: 30% (300/1000)
[12-16 09:58:26 MainThread @decentralized_fqi_matrix.py:453]   Agent 4 progress: 40% (400/1000)
[12-16 09:58:26 MainThread @decentralized_fqi_matrix.py:453]   Agent 4 progress: 50% (500/1000)
[12-16 09:58:26 MainThread @decentralized_fqi_matrix.py:453]   Agent 4 progress: 60% (600/1000)
[12-16 09:58:26 MainThread @decentralized_fqi_matrix.py:453]   Agent 4 progress: 70% (700/1000)
[12-16 09:58:26 MainThread @decentralized_fqi_matrix.py:453]   Agent 4 progress: 80% (800/1000)
[12-16 09:58:26 MainThread @decentralized_fqi_matrix.py:453]   Agent 4 progress: 90% (900/1000)
[12-16 09:58:26 MainThread @decentralized_fqi_matrix.py:486]   Agent 4 completed: avg Nash time=0.00ms
[12-16 09:58:26 MainThread @decentralized_fqi_matrix.py:379] Computing targets for agent 5/6...
[12-16 09:58:26 MainThread @decentralized_fqi_matrix.py:453]   Agent 5 progress: 10% (100/1000)
[12-16 09:58:26 MainThread @decentralized_fqi_matrix.py:453]   Agent 5 progress: 20% (200/1000)
[12-16 09:58:26 MainThread @decentralized_fqi_matrix.py:453]   Agent 5 progress: 30% (300/1000)
[12-16 09:58:26 MainThread @decentralized_fqi_matrix.py:453]   Agent 5 progress: 40% (400/1000)
[12-16 09:58:26 MainThread @decentralized_fqi_matrix.py:453]   Agent 5 progress: 50% (500/1000)
[12-16 09:58:26 MainThread @decentralized_fqi_matrix.py:453]   Agent 5 progress: 60% (600/1000)
[12-16 09:58:26 MainThread @decentralized_fqi_matrix.py:453]   Agent 5 progress: 70% (700/1000)
[12-16 09:58:26 MainThread @decentralized_fqi_matrix.py:453]   Agent 5 progress: 80% (800/1000)
[12-16 09:58:26 MainThread @decentralized_fqi_matrix.py:453]   Agent 5 progress: 90% (900/1000)
[12-16 09:58:26 MainThread @decentralized_fqi_matrix.py:486]   Agent 5 completed: avg Nash time=0.00ms
[12-16 09:58:26 MainThread @decentralized_fqi_matrix.py:379] Computing targets for agent 6/6...
[12-16 09:58:26 MainThread @decentralized_fqi_matrix.py:453]   Agent 6 progress: 10% (100/1000)
[12-16 09:58:26 MainThread @decentralized_fqi_matrix.py:453]   Agent 6 progress: 20% (200/1000)
[12-16 09:58:26 MainThread @decentralized_fqi_matrix.py:453]   Agent 6 progress: 30% (300/1000)
[12-16 09:58:26 MainThread @decentralized_fqi_matrix.py:453]   Agent 6 progress: 40% (400/1000)
[12-16 09:58:26 MainThread @decentralized_fqi_matrix.py:453]   Agent 6 progress: 50% (500/1000)
[12-16 09:58:26 MainThread @decentralized_fqi_matrix.py:453]   Agent 6 progress: 60% (600/1000)
[12-16 09:58:26 MainThread @decentralized_fqi_matrix.py:453]   Agent 6 progress: 70% (700/1000)
[12-16 09:58:26 MainThread @decentralized_fqi_matrix.py:453]   Agent 6 progress: 80% (800/1000)
[12-16 09:58:26 MainThread @decentralized_fqi_matrix.py:453]   Agent 6 progress: 90% (900/1000)
[12-16 09:58:26 MainThread @decentralized_fqi_matrix.py:486]   Agent 6 completed: avg Nash time=0.00ms
[12-16 09:58:26 MainThread @decentralized_fqi_matrix.py:389] Mean Nash solving time: 0.0000s
[12-16 09:58:26 MainThread @decentralized_fqi_matrix.py:393] Nash cache: 0.0% hit rate (0 hits, 18 misses, 18 cached)
[12-16 09:58:26 MainThread @decentralized_fqi_matrix.py:398] Solving (4) by DIGing decentralized optimization...
[12-16 09:58:27 MainThread @decentralized_fqi_matrix.py:417] Iteration 68 completed: loss=0.4582, td_error=0.5349, consensus_error=0.001437
[12-16 09:58:27 MainThread @decentralized_fqi_matrix.py:573]   [收敛检测] Loss趋势: +0.0001, 波动std: 0.0003
[12-16 09:58:27 MainThread @decentralized_fqi_matrix.py:581]   ✓ Loss已稳定(std=0.0003), 可能已收敛
[12-16 09:58:27 MainThread @decentralized_fqi_matrix.py:369] 
=== Fitted Q-Iteration 69/100 ===
[12-16 09:58:27 MainThread @decentralized_fqi_matrix.py:379] Computing targets for agent 1/6...
[12-16 09:58:27 MainThread @decentralized_fqi_matrix.py:453]   Agent 1 progress: 10% (100/1000)
[12-16 09:58:27 MainThread @decentralized_fqi_matrix.py:453]   Agent 1 progress: 20% (200/1000)
[12-16 09:58:27 MainThread @decentralized_fqi_matrix.py:453]   Agent 1 progress: 30% (300/1000)
[12-16 09:58:27 MainThread @decentralized_fqi_matrix.py:453]   Agent 1 progress: 40% (400/1000)
[12-16 09:58:27 MainThread @decentralized_fqi_matrix.py:453]   Agent 1 progress: 50% (500/1000)
[12-16 09:58:27 MainThread @decentralized_fqi_matrix.py:453]   Agent 1 progress: 60% (600/1000)
[12-16 09:58:27 MainThread @decentralized_fqi_matrix.py:453]   Agent 1 progress: 70% (700/1000)
[12-16 09:58:27 MainThread @decentralized_fqi_matrix.py:453]   Agent 1 progress: 80% (800/1000)
[12-16 09:58:27 MainThread @decentralized_fqi_matrix.py:453]   Agent 1 progress: 90% (900/1000)
[12-16 09:58:27 MainThread @decentralized_fqi_matrix.py:486]   Agent 1 completed: avg Nash time=0.00ms
[12-16 09:58:27 MainThread @decentralized_fqi_matrix.py:379] Computing targets for agent 2/6...
[12-16 09:58:27 MainThread @decentralized_fqi_matrix.py:453]   Agent 2 progress: 10% (100/1000)
[12-16 09:58:27 MainThread @decentralized_fqi_matrix.py:453]   Agent 2 progress: 20% (200/1000)
[12-16 09:58:27 MainThread @decentralized_fqi_matrix.py:453]   Agent 2 progress: 30% (300/1000)
[12-16 09:58:27 MainThread @decentralized_fqi_matrix.py:453]   Agent 2 progress: 40% (400/1000)
[12-16 09:58:27 MainThread @decentralized_fqi_matrix.py:453]   Agent 2 progress: 50% (500/1000)
[12-16 09:58:27 MainThread @decentralized_fqi_matrix.py:453]   Agent 2 progress: 60% (600/1000)
[12-16 09:58:27 MainThread @decentralized_fqi_matrix.py:453]   Agent 2 progress: 70% (700/1000)
[12-16 09:58:27 MainThread @decentralized_fqi_matrix.py:453]   Agent 2 progress: 80% (800/1000)
[12-16 09:58:27 MainThread @decentralized_fqi_matrix.py:453]   Agent 2 progress: 90% (900/1000)
[12-16 09:58:27 MainThread @decentralized_fqi_matrix.py:486]   Agent 2 completed: avg Nash time=0.00ms
[12-16 09:58:27 MainThread @decentralized_fqi_matrix.py:379] Computing targets for agent 3/6...
[12-16 09:58:27 MainThread @decentralized_fqi_matrix.py:453]   Agent 3 progress: 10% (100/1000)
[12-16 09:58:27 MainThread @decentralized_fqi_matrix.py:453]   Agent 3 progress: 20% (200/1000)
[12-16 09:58:27 MainThread @decentralized_fqi_matrix.py:453]   Agent 3 progress: 30% (300/1000)
[12-16 09:58:27 MainThread @decentralized_fqi_matrix.py:453]   Agent 3 progress: 40% (400/1000)
[12-16 09:58:27 MainThread @decentralized_fqi_matrix.py:453]   Agent 3 progress: 50% (500/1000)
[12-16 09:58:27 MainThread @decentralized_fqi_matrix.py:453]   Agent 3 progress: 60% (600/1000)
[12-16 09:58:27 MainThread @decentralized_fqi_matrix.py:453]   Agent 3 progress: 70% (700/1000)
[12-16 09:58:27 MainThread @decentralized_fqi_matrix.py:453]   Agent 3 progress: 80% (800/1000)
[12-16 09:58:27 MainThread @decentralized_fqi_matrix.py:453]   Agent 3 progress: 90% (900/1000)
[12-16 09:58:27 MainThread @decentralized_fqi_matrix.py:486]   Agent 3 completed: avg Nash time=0.00ms
[12-16 09:58:27 MainThread @decentralized_fqi_matrix.py:379] Computing targets for agent 4/6...
[12-16 09:58:27 MainThread @decentralized_fqi_matrix.py:453]   Agent 4 progress: 10% (100/1000)
[12-16 09:58:27 MainThread @decentralized_fqi_matrix.py:453]   Agent 4 progress: 20% (200/1000)
[12-16 09:58:27 MainThread @decentralized_fqi_matrix.py:453]   Agent 4 progress: 30% (300/1000)
[12-16 09:58:27 MainThread @decentralized_fqi_matrix.py:453]   Agent 4 progress: 40% (400/1000)
[12-16 09:58:27 MainThread @decentralized_fqi_matrix.py:453]   Agent 4 progress: 50% (500/1000)
[12-16 09:58:27 MainThread @decentralized_fqi_matrix.py:453]   Agent 4 progress: 60% (600/1000)
[12-16 09:58:27 MainThread @decentralized_fqi_matrix.py:453]   Agent 4 progress: 70% (700/1000)
[12-16 09:58:27 MainThread @decentralized_fqi_matrix.py:453]   Agent 4 progress: 80% (800/1000)
[12-16 09:58:27 MainThread @decentralized_fqi_matrix.py:453]   Agent 4 progress: 90% (900/1000)
[12-16 09:58:27 MainThread @decentralized_fqi_matrix.py:486]   Agent 4 completed: avg Nash time=0.00ms
[12-16 09:58:27 MainThread @decentralized_fqi_matrix.py:379] Computing targets for agent 5/6...
[12-16 09:58:27 MainThread @decentralized_fqi_matrix.py:453]   Agent 5 progress: 10% (100/1000)
[12-16 09:58:27 MainThread @decentralized_fqi_matrix.py:453]   Agent 5 progress: 20% (200/1000)
[12-16 09:58:27 MainThread @decentralized_fqi_matrix.py:453]   Agent 5 progress: 30% (300/1000)
[12-16 09:58:27 MainThread @decentralized_fqi_matrix.py:453]   Agent 5 progress: 40% (400/1000)
[12-16 09:58:27 MainThread @decentralized_fqi_matrix.py:453]   Agent 5 progress: 50% (500/1000)
[12-16 09:58:27 MainThread @decentralized_fqi_matrix.py:453]   Agent 5 progress: 60% (600/1000)
[12-16 09:58:27 MainThread @decentralized_fqi_matrix.py:453]   Agent 5 progress: 70% (700/1000)
[12-16 09:58:27 MainThread @decentralized_fqi_matrix.py:453]   Agent 5 progress: 80% (800/1000)
[12-16 09:58:27 MainThread @decentralized_fqi_matrix.py:453]   Agent 5 progress: 90% (900/1000)
[12-16 09:58:27 MainThread @decentralized_fqi_matrix.py:486]   Agent 5 completed: avg Nash time=0.00ms
[12-16 09:58:27 MainThread @decentralized_fqi_matrix.py:379] Computing targets for agent 6/6...
[12-16 09:58:27 MainThread @decentralized_fqi_matrix.py:453]   Agent 6 progress: 10% (100/1000)
[12-16 09:58:27 MainThread @decentralized_fqi_matrix.py:453]   Agent 6 progress: 20% (200/1000)
[12-16 09:58:27 MainThread @decentralized_fqi_matrix.py:453]   Agent 6 progress: 30% (300/1000)
[12-16 09:58:27 MainThread @decentralized_fqi_matrix.py:453]   Agent 6 progress: 40% (400/1000)
[12-16 09:58:27 MainThread @decentralized_fqi_matrix.py:453]   Agent 6 progress: 50% (500/1000)
[12-16 09:58:27 MainThread @decentralized_fqi_matrix.py:453]   Agent 6 progress: 60% (600/1000)
[12-16 09:58:27 MainThread @decentralized_fqi_matrix.py:453]   Agent 6 progress: 70% (700/1000)
[12-16 09:58:27 MainThread @decentralized_fqi_matrix.py:453]   Agent 6 progress: 80% (800/1000)
[12-16 09:58:27 MainThread @decentralized_fqi_matrix.py:453]   Agent 6 progress: 90% (900/1000)
[12-16 09:58:27 MainThread @decentralized_fqi_matrix.py:486]   Agent 6 completed: avg Nash time=0.00ms
[12-16 09:58:27 MainThread @decentralized_fqi_matrix.py:389] Mean Nash solving time: 0.0000s
[12-16 09:58:27 MainThread @decentralized_fqi_matrix.py:393] Nash cache: 0.0% hit rate (0 hits, 18 misses, 18 cached)
[12-16 09:58:27 MainThread @decentralized_fqi_matrix.py:398] Solving (4) by DIGing decentralized optimization...
[12-16 09:58:29 MainThread @decentralized_fqi_matrix.py:417] Iteration 69 completed: loss=0.4581, td_error=0.5347, consensus_error=0.001523
[12-16 09:58:29 MainThread @decentralized_fqi_matrix.py:573]   [收敛检测] Loss趋势: -0.0007, 波动std: 0.0003
[12-16 09:58:29 MainThread @decentralized_fqi_matrix.py:581]   ✓ Loss已稳定(std=0.0003), 可能已收敛
[12-16 09:58:29 MainThread @decentralized_fqi_matrix.py:369] 
=== Fitted Q-Iteration 70/100 ===
[12-16 09:58:29 MainThread @decentralized_fqi_matrix.py:379] Computing targets for agent 1/6...
[12-16 09:58:29 MainThread @decentralized_fqi_matrix.py:453]   Agent 1 progress: 10% (100/1000)
[12-16 09:58:29 MainThread @decentralized_fqi_matrix.py:453]   Agent 1 progress: 20% (200/1000)
[12-16 09:58:29 MainThread @decentralized_fqi_matrix.py:453]   Agent 1 progress: 30% (300/1000)
[12-16 09:58:29 MainThread @decentralized_fqi_matrix.py:453]   Agent 1 progress: 40% (400/1000)
[12-16 09:58:29 MainThread @decentralized_fqi_matrix.py:453]   Agent 1 progress: 50% (500/1000)
[12-16 09:58:29 MainThread @decentralized_fqi_matrix.py:453]   Agent 1 progress: 60% (600/1000)
[12-16 09:58:29 MainThread @decentralized_fqi_matrix.py:453]   Agent 1 progress: 70% (700/1000)
[12-16 09:58:29 MainThread @decentralized_fqi_matrix.py:453]   Agent 1 progress: 80% (800/1000)
[12-16 09:58:29 MainThread @decentralized_fqi_matrix.py:453]   Agent 1 progress: 90% (900/1000)
[12-16 09:58:29 MainThread @decentralized_fqi_matrix.py:486]   Agent 1 completed: avg Nash time=0.00ms
[12-16 09:58:29 MainThread @decentralized_fqi_matrix.py:379] Computing targets for agent 2/6...
[12-16 09:58:29 MainThread @decentralized_fqi_matrix.py:453]   Agent 2 progress: 10% (100/1000)
[12-16 09:58:29 MainThread @decentralized_fqi_matrix.py:453]   Agent 2 progress: 20% (200/1000)
[12-16 09:58:29 MainThread @decentralized_fqi_matrix.py:453]   Agent 2 progress: 30% (300/1000)
[12-16 09:58:29 MainThread @decentralized_fqi_matrix.py:453]   Agent 2 progress: 40% (400/1000)
[12-16 09:58:29 MainThread @decentralized_fqi_matrix.py:453]   Agent 2 progress: 50% (500/1000)
[12-16 09:58:29 MainThread @decentralized_fqi_matrix.py:453]   Agent 2 progress: 60% (600/1000)
[12-16 09:58:29 MainThread @decentralized_fqi_matrix.py:453]   Agent 2 progress: 70% (700/1000)
[12-16 09:58:29 MainThread @decentralized_fqi_matrix.py:453]   Agent 2 progress: 80% (800/1000)
[12-16 09:58:29 MainThread @decentralized_fqi_matrix.py:453]   Agent 2 progress: 90% (900/1000)
[12-16 09:58:29 MainThread @decentralized_fqi_matrix.py:486]   Agent 2 completed: avg Nash time=0.00ms
[12-16 09:58:29 MainThread @decentralized_fqi_matrix.py:379] Computing targets for agent 3/6...
[12-16 09:58:29 MainThread @decentralized_fqi_matrix.py:453]   Agent 3 progress: 10% (100/1000)
[12-16 09:58:29 MainThread @decentralized_fqi_matrix.py:453]   Agent 3 progress: 20% (200/1000)
[12-16 09:58:29 MainThread @decentralized_fqi_matrix.py:453]   Agent 3 progress: 30% (300/1000)
[12-16 09:58:29 MainThread @decentralized_fqi_matrix.py:453]   Agent 3 progress: 40% (400/1000)
[12-16 09:58:29 MainThread @decentralized_fqi_matrix.py:453]   Agent 3 progress: 50% (500/1000)
[12-16 09:58:29 MainThread @decentralized_fqi_matrix.py:453]   Agent 3 progress: 60% (600/1000)
[12-16 09:58:29 MainThread @decentralized_fqi_matrix.py:453]   Agent 3 progress: 70% (700/1000)
[12-16 09:58:29 MainThread @decentralized_fqi_matrix.py:453]   Agent 3 progress: 80% (800/1000)
[12-16 09:58:29 MainThread @decentralized_fqi_matrix.py:453]   Agent 3 progress: 90% (900/1000)
[12-16 09:58:29 MainThread @decentralized_fqi_matrix.py:486]   Agent 3 completed: avg Nash time=0.00ms
[12-16 09:58:29 MainThread @decentralized_fqi_matrix.py:379] Computing targets for agent 4/6...
[12-16 09:58:29 MainThread @decentralized_fqi_matrix.py:453]   Agent 4 progress: 10% (100/1000)
[12-16 09:58:29 MainThread @decentralized_fqi_matrix.py:453]   Agent 4 progress: 20% (200/1000)
[12-16 09:58:29 MainThread @decentralized_fqi_matrix.py:453]   Agent 4 progress: 30% (300/1000)
[12-16 09:58:29 MainThread @decentralized_fqi_matrix.py:453]   Agent 4 progress: 40% (400/1000)
[12-16 09:58:29 MainThread @decentralized_fqi_matrix.py:453]   Agent 4 progress: 50% (500/1000)
[12-16 09:58:29 MainThread @decentralized_fqi_matrix.py:453]   Agent 4 progress: 60% (600/1000)
[12-16 09:58:29 MainThread @decentralized_fqi_matrix.py:453]   Agent 4 progress: 70% (700/1000)
[12-16 09:58:29 MainThread @decentralized_fqi_matrix.py:453]   Agent 4 progress: 80% (800/1000)
[12-16 09:58:29 MainThread @decentralized_fqi_matrix.py:453]   Agent 4 progress: 90% (900/1000)
[12-16 09:58:29 MainThread @decentralized_fqi_matrix.py:486]   Agent 4 completed: avg Nash time=0.00ms
[12-16 09:58:29 MainThread @decentralized_fqi_matrix.py:379] Computing targets for agent 5/6...
[12-16 09:58:29 MainThread @decentralized_fqi_matrix.py:453]   Agent 5 progress: 10% (100/1000)
[12-16 09:58:29 MainThread @decentralized_fqi_matrix.py:453]   Agent 5 progress: 20% (200/1000)
[12-16 09:58:29 MainThread @decentralized_fqi_matrix.py:453]   Agent 5 progress: 30% (300/1000)
[12-16 09:58:29 MainThread @decentralized_fqi_matrix.py:453]   Agent 5 progress: 40% (400/1000)
[12-16 09:58:29 MainThread @decentralized_fqi_matrix.py:453]   Agent 5 progress: 50% (500/1000)
[12-16 09:58:29 MainThread @decentralized_fqi_matrix.py:453]   Agent 5 progress: 60% (600/1000)
[12-16 09:58:29 MainThread @decentralized_fqi_matrix.py:453]   Agent 5 progress: 70% (700/1000)
[12-16 09:58:29 MainThread @decentralized_fqi_matrix.py:453]   Agent 5 progress: 80% (800/1000)
[12-16 09:58:29 MainThread @decentralized_fqi_matrix.py:453]   Agent 5 progress: 90% (900/1000)
[12-16 09:58:29 MainThread @decentralized_fqi_matrix.py:486]   Agent 5 completed: avg Nash time=0.00ms
[12-16 09:58:29 MainThread @decentralized_fqi_matrix.py:379] Computing targets for agent 6/6...
[12-16 09:58:29 MainThread @decentralized_fqi_matrix.py:453]   Agent 6 progress: 10% (100/1000)
[12-16 09:58:29 MainThread @decentralized_fqi_matrix.py:453]   Agent 6 progress: 20% (200/1000)
[12-16 09:58:29 MainThread @decentralized_fqi_matrix.py:453]   Agent 6 progress: 30% (300/1000)
[12-16 09:58:29 MainThread @decentralized_fqi_matrix.py:453]   Agent 6 progress: 40% (400/1000)
[12-16 09:58:29 MainThread @decentralized_fqi_matrix.py:453]   Agent 6 progress: 50% (500/1000)
[12-16 09:58:29 MainThread @decentralized_fqi_matrix.py:453]   Agent 6 progress: 60% (600/1000)
[12-16 09:58:29 MainThread @decentralized_fqi_matrix.py:453]   Agent 6 progress: 70% (700/1000)
[12-16 09:58:29 MainThread @decentralized_fqi_matrix.py:453]   Agent 6 progress: 80% (800/1000)
[12-16 09:58:29 MainThread @decentralized_fqi_matrix.py:453]   Agent 6 progress: 90% (900/1000)
[12-16 09:58:29 MainThread @decentralized_fqi_matrix.py:486]   Agent 6 completed: avg Nash time=0.00ms
[12-16 09:58:29 MainThread @decentralized_fqi_matrix.py:389] Mean Nash solving time: 0.0000s
[12-16 09:58:29 MainThread @decentralized_fqi_matrix.py:393] Nash cache: 0.0% hit rate (0 hits, 18 misses, 18 cached)
[12-16 09:58:29 MainThread @decentralized_fqi_matrix.py:398] Solving (4) by DIGing decentralized optimization...
[12-16 09:58:31 MainThread @decentralized_fqi_matrix.py:417] Iteration 70 completed: loss=0.4577, td_error=0.5345, consensus_error=0.001097
[12-16 09:58:31 MainThread @decentralized_fqi_matrix.py:573]   [收敛检测] Loss趋势: -0.0000, 波动std: 0.0002
[12-16 09:58:31 MainThread @decentralized_fqi_matrix.py:581]   ✓ Loss已稳定(std=0.0002), 可能已收敛
[12-16 09:58:31 MainThread @train_matrix.py:293] 
=== Evaluation at Iteration 70 ===
[12-16 09:58:31 MainThread @train_matrix.py:294]   Nash distance: 0.816497
[12-16 09:58:31 MainThread @train_matrix.py:295]   Learned Nash value: 0.1298 (True: -0.0000)
[12-16 09:58:31 MainThread @train_matrix.py:297]   Value error: 0.129788

[12-16 09:58:31 MainThread @decentralized_fqi_matrix.py:369] 
=== Fitted Q-Iteration 71/100 ===
[12-16 09:58:31 MainThread @decentralized_fqi_matrix.py:379] Computing targets for agent 1/6...
[12-16 09:58:31 MainThread @decentralized_fqi_matrix.py:453]   Agent 1 progress: 10% (100/1000)
[12-16 09:58:31 MainThread @decentralized_fqi_matrix.py:453]   Agent 1 progress: 20% (200/1000)
[12-16 09:58:31 MainThread @decentralized_fqi_matrix.py:453]   Agent 1 progress: 30% (300/1000)
[12-16 09:58:31 MainThread @decentralized_fqi_matrix.py:453]   Agent 1 progress: 40% (400/1000)
[12-16 09:58:31 MainThread @decentralized_fqi_matrix.py:453]   Agent 1 progress: 50% (500/1000)
[12-16 09:58:31 MainThread @decentralized_fqi_matrix.py:453]   Agent 1 progress: 60% (600/1000)
[12-16 09:58:31 MainThread @decentralized_fqi_matrix.py:453]   Agent 1 progress: 70% (700/1000)
[12-16 09:58:31 MainThread @decentralized_fqi_matrix.py:453]   Agent 1 progress: 80% (800/1000)
[12-16 09:58:31 MainThread @decentralized_fqi_matrix.py:453]   Agent 1 progress: 90% (900/1000)
[12-16 09:58:31 MainThread @decentralized_fqi_matrix.py:486]   Agent 1 completed: avg Nash time=0.00ms
[12-16 09:58:31 MainThread @decentralized_fqi_matrix.py:379] Computing targets for agent 2/6...
[12-16 09:58:31 MainThread @decentralized_fqi_matrix.py:453]   Agent 2 progress: 10% (100/1000)
[12-16 09:58:31 MainThread @decentralized_fqi_matrix.py:453]   Agent 2 progress: 20% (200/1000)
[12-16 09:58:31 MainThread @decentralized_fqi_matrix.py:453]   Agent 2 progress: 30% (300/1000)
[12-16 09:58:31 MainThread @decentralized_fqi_matrix.py:453]   Agent 2 progress: 40% (400/1000)
[12-16 09:58:31 MainThread @decentralized_fqi_matrix.py:453]   Agent 2 progress: 50% (500/1000)
[12-16 09:58:31 MainThread @decentralized_fqi_matrix.py:453]   Agent 2 progress: 60% (600/1000)
[12-16 09:58:31 MainThread @decentralized_fqi_matrix.py:453]   Agent 2 progress: 70% (700/1000)
[12-16 09:58:31 MainThread @decentralized_fqi_matrix.py:453]   Agent 2 progress: 80% (800/1000)
[12-16 09:58:31 MainThread @decentralized_fqi_matrix.py:453]   Agent 2 progress: 90% (900/1000)
[12-16 09:58:31 MainThread @decentralized_fqi_matrix.py:486]   Agent 2 completed: avg Nash time=0.00ms
[12-16 09:58:31 MainThread @decentralized_fqi_matrix.py:379] Computing targets for agent 3/6...
[12-16 09:58:31 MainThread @decentralized_fqi_matrix.py:453]   Agent 3 progress: 10% (100/1000)
[12-16 09:58:31 MainThread @decentralized_fqi_matrix.py:453]   Agent 3 progress: 20% (200/1000)
[12-16 09:58:31 MainThread @decentralized_fqi_matrix.py:453]   Agent 3 progress: 30% (300/1000)
[12-16 09:58:31 MainThread @decentralized_fqi_matrix.py:453]   Agent 3 progress: 40% (400/1000)
[12-16 09:58:31 MainThread @decentralized_fqi_matrix.py:453]   Agent 3 progress: 50% (500/1000)
[12-16 09:58:31 MainThread @decentralized_fqi_matrix.py:453]   Agent 3 progress: 60% (600/1000)
[12-16 09:58:31 MainThread @decentralized_fqi_matrix.py:453]   Agent 3 progress: 70% (700/1000)
[12-16 09:58:31 MainThread @decentralized_fqi_matrix.py:453]   Agent 3 progress: 80% (800/1000)
[12-16 09:58:31 MainThread @decentralized_fqi_matrix.py:453]   Agent 3 progress: 90% (900/1000)
[12-16 09:58:31 MainThread @decentralized_fqi_matrix.py:486]   Agent 3 completed: avg Nash time=0.00ms
[12-16 09:58:31 MainThread @decentralized_fqi_matrix.py:379] Computing targets for agent 4/6...
[12-16 09:58:31 MainThread @decentralized_fqi_matrix.py:453]   Agent 4 progress: 10% (100/1000)
[12-16 09:58:31 MainThread @decentralized_fqi_matrix.py:453]   Agent 4 progress: 20% (200/1000)
[12-16 09:58:31 MainThread @decentralized_fqi_matrix.py:453]   Agent 4 progress: 30% (300/1000)
[12-16 09:58:31 MainThread @decentralized_fqi_matrix.py:453]   Agent 4 progress: 40% (400/1000)
[12-16 09:58:31 MainThread @decentralized_fqi_matrix.py:453]   Agent 4 progress: 50% (500/1000)
[12-16 09:58:31 MainThread @decentralized_fqi_matrix.py:453]   Agent 4 progress: 60% (600/1000)
[12-16 09:58:31 MainThread @decentralized_fqi_matrix.py:453]   Agent 4 progress: 70% (700/1000)
[12-16 09:58:31 MainThread @decentralized_fqi_matrix.py:453]   Agent 4 progress: 80% (800/1000)
[12-16 09:58:31 MainThread @decentralized_fqi_matrix.py:453]   Agent 4 progress: 90% (900/1000)
[12-16 09:58:31 MainThread @decentralized_fqi_matrix.py:486]   Agent 4 completed: avg Nash time=0.00ms
[12-16 09:58:31 MainThread @decentralized_fqi_matrix.py:379] Computing targets for agent 5/6...
[12-16 09:58:31 MainThread @decentralized_fqi_matrix.py:453]   Agent 5 progress: 10% (100/1000)
[12-16 09:58:31 MainThread @decentralized_fqi_matrix.py:453]   Agent 5 progress: 20% (200/1000)
[12-16 09:58:31 MainThread @decentralized_fqi_matrix.py:453]   Agent 5 progress: 30% (300/1000)
[12-16 09:58:31 MainThread @decentralized_fqi_matrix.py:453]   Agent 5 progress: 40% (400/1000)
[12-16 09:58:31 MainThread @decentralized_fqi_matrix.py:453]   Agent 5 progress: 50% (500/1000)
[12-16 09:58:31 MainThread @decentralized_fqi_matrix.py:453]   Agent 5 progress: 60% (600/1000)
[12-16 09:58:31 MainThread @decentralized_fqi_matrix.py:453]   Agent 5 progress: 70% (700/1000)
[12-16 09:58:31 MainThread @decentralized_fqi_matrix.py:453]   Agent 5 progress: 80% (800/1000)
[12-16 09:58:31 MainThread @decentralized_fqi_matrix.py:453]   Agent 5 progress: 90% (900/1000)
[12-16 09:58:31 MainThread @decentralized_fqi_matrix.py:486]   Agent 5 completed: avg Nash time=0.00ms
[12-16 09:58:31 MainThread @decentralized_fqi_matrix.py:379] Computing targets for agent 6/6...
[12-16 09:58:31 MainThread @decentralized_fqi_matrix.py:453]   Agent 6 progress: 10% (100/1000)
[12-16 09:58:31 MainThread @decentralized_fqi_matrix.py:453]   Agent 6 progress: 20% (200/1000)
[12-16 09:58:31 MainThread @decentralized_fqi_matrix.py:453]   Agent 6 progress: 30% (300/1000)
[12-16 09:58:31 MainThread @decentralized_fqi_matrix.py:453]   Agent 6 progress: 40% (400/1000)
[12-16 09:58:31 MainThread @decentralized_fqi_matrix.py:453]   Agent 6 progress: 50% (500/1000)
[12-16 09:58:31 MainThread @decentralized_fqi_matrix.py:453]   Agent 6 progress: 60% (600/1000)
[12-16 09:58:31 MainThread @decentralized_fqi_matrix.py:453]   Agent 6 progress: 70% (700/1000)
[12-16 09:58:31 MainThread @decentralized_fqi_matrix.py:453]   Agent 6 progress: 80% (800/1000)
[12-16 09:58:31 MainThread @decentralized_fqi_matrix.py:453]   Agent 6 progress: 90% (900/1000)
[12-16 09:58:31 MainThread @decentralized_fqi_matrix.py:486]   Agent 6 completed: avg Nash time=0.00ms
[12-16 09:58:31 MainThread @decentralized_fqi_matrix.py:389] Mean Nash solving time: 0.0000s
[12-16 09:58:31 MainThread @decentralized_fqi_matrix.py:393] Nash cache: 0.0% hit rate (0 hits, 21 misses, 21 cached)
[12-16 09:58:31 MainThread @decentralized_fqi_matrix.py:398] Solving (4) by DIGing decentralized optimization...
[12-16 09:58:33 MainThread @decentralized_fqi_matrix.py:417] Iteration 71 completed: loss=0.4589, td_error=0.5355, consensus_error=0.001832
[12-16 09:58:33 MainThread @decentralized_fqi_matrix.py:573]   [收敛检测] Loss趋势: -0.0008, 波动std: 0.0004
[12-16 09:58:33 MainThread @decentralized_fqi_matrix.py:581]   ✓ Loss已稳定(std=0.0004), 可能已收敛
[12-16 09:58:33 MainThread @decentralized_fqi_matrix.py:369] 
=== Fitted Q-Iteration 72/100 ===
[12-16 09:58:33 MainThread @decentralized_fqi_matrix.py:379] Computing targets for agent 1/6...
[12-16 09:58:33 MainThread @decentralized_fqi_matrix.py:453]   Agent 1 progress: 10% (100/1000)
[12-16 09:58:33 MainThread @decentralized_fqi_matrix.py:453]   Agent 1 progress: 20% (200/1000)
[12-16 09:58:33 MainThread @decentralized_fqi_matrix.py:453]   Agent 1 progress: 30% (300/1000)
[12-16 09:58:33 MainThread @decentralized_fqi_matrix.py:453]   Agent 1 progress: 40% (400/1000)
[12-16 09:58:33 MainThread @decentralized_fqi_matrix.py:453]   Agent 1 progress: 50% (500/1000)
[12-16 09:58:33 MainThread @decentralized_fqi_matrix.py:453]   Agent 1 progress: 60% (600/1000)
[12-16 09:58:33 MainThread @decentralized_fqi_matrix.py:453]   Agent 1 progress: 70% (700/1000)
[12-16 09:58:33 MainThread @decentralized_fqi_matrix.py:453]   Agent 1 progress: 80% (800/1000)
[12-16 09:58:33 MainThread @decentralized_fqi_matrix.py:453]   Agent 1 progress: 90% (900/1000)
[12-16 09:58:33 MainThread @decentralized_fqi_matrix.py:486]   Agent 1 completed: avg Nash time=0.00ms
[12-16 09:58:33 MainThread @decentralized_fqi_matrix.py:379] Computing targets for agent 2/6...
[12-16 09:58:33 MainThread @decentralized_fqi_matrix.py:453]   Agent 2 progress: 10% (100/1000)
[12-16 09:58:33 MainThread @decentralized_fqi_matrix.py:453]   Agent 2 progress: 20% (200/1000)
[12-16 09:58:33 MainThread @decentralized_fqi_matrix.py:453]   Agent 2 progress: 30% (300/1000)
[12-16 09:58:33 MainThread @decentralized_fqi_matrix.py:453]   Agent 2 progress: 40% (400/1000)
[12-16 09:58:33 MainThread @decentralized_fqi_matrix.py:453]   Agent 2 progress: 50% (500/1000)
[12-16 09:58:33 MainThread @decentralized_fqi_matrix.py:453]   Agent 2 progress: 60% (600/1000)
[12-16 09:58:33 MainThread @decentralized_fqi_matrix.py:453]   Agent 2 progress: 70% (700/1000)
[12-16 09:58:33 MainThread @decentralized_fqi_matrix.py:453]   Agent 2 progress: 80% (800/1000)
[12-16 09:58:33 MainThread @decentralized_fqi_matrix.py:453]   Agent 2 progress: 90% (900/1000)
[12-16 09:58:33 MainThread @decentralized_fqi_matrix.py:486]   Agent 2 completed: avg Nash time=0.00ms
[12-16 09:58:33 MainThread @decentralized_fqi_matrix.py:379] Computing targets for agent 3/6...
[12-16 09:58:33 MainThread @decentralized_fqi_matrix.py:453]   Agent 3 progress: 10% (100/1000)
[12-16 09:58:33 MainThread @decentralized_fqi_matrix.py:453]   Agent 3 progress: 20% (200/1000)
[12-16 09:58:33 MainThread @decentralized_fqi_matrix.py:453]   Agent 3 progress: 30% (300/1000)
[12-16 09:58:33 MainThread @decentralized_fqi_matrix.py:453]   Agent 3 progress: 40% (400/1000)
[12-16 09:58:33 MainThread @decentralized_fqi_matrix.py:453]   Agent 3 progress: 50% (500/1000)
[12-16 09:58:33 MainThread @decentralized_fqi_matrix.py:453]   Agent 3 progress: 60% (600/1000)
[12-16 09:58:33 MainThread @decentralized_fqi_matrix.py:453]   Agent 3 progress: 70% (700/1000)
[12-16 09:58:33 MainThread @decentralized_fqi_matrix.py:453]   Agent 3 progress: 80% (800/1000)
[12-16 09:58:33 MainThread @decentralized_fqi_matrix.py:453]   Agent 3 progress: 90% (900/1000)
[12-16 09:58:33 MainThread @decentralized_fqi_matrix.py:486]   Agent 3 completed: avg Nash time=0.00ms
[12-16 09:58:33 MainThread @decentralized_fqi_matrix.py:379] Computing targets for agent 4/6...
[12-16 09:58:33 MainThread @decentralized_fqi_matrix.py:453]   Agent 4 progress: 10% (100/1000)
[12-16 09:58:33 MainThread @decentralized_fqi_matrix.py:453]   Agent 4 progress: 20% (200/1000)
[12-16 09:58:33 MainThread @decentralized_fqi_matrix.py:453]   Agent 4 progress: 30% (300/1000)
[12-16 09:58:33 MainThread @decentralized_fqi_matrix.py:453]   Agent 4 progress: 40% (400/1000)
[12-16 09:58:33 MainThread @decentralized_fqi_matrix.py:453]   Agent 4 progress: 50% (500/1000)
[12-16 09:58:33 MainThread @decentralized_fqi_matrix.py:453]   Agent 4 progress: 60% (600/1000)
[12-16 09:58:33 MainThread @decentralized_fqi_matrix.py:453]   Agent 4 progress: 70% (700/1000)
[12-16 09:58:33 MainThread @decentralized_fqi_matrix.py:453]   Agent 4 progress: 80% (800/1000)
[12-16 09:58:33 MainThread @decentralized_fqi_matrix.py:453]   Agent 4 progress: 90% (900/1000)
[12-16 09:58:33 MainThread @decentralized_fqi_matrix.py:486]   Agent 4 completed: avg Nash time=0.00ms
[12-16 09:58:33 MainThread @decentralized_fqi_matrix.py:379] Computing targets for agent 5/6...
[12-16 09:58:33 MainThread @decentralized_fqi_matrix.py:453]   Agent 5 progress: 10% (100/1000)
[12-16 09:58:33 MainThread @decentralized_fqi_matrix.py:453]   Agent 5 progress: 20% (200/1000)
[12-16 09:58:33 MainThread @decentralized_fqi_matrix.py:453]   Agent 5 progress: 30% (300/1000)
[12-16 09:58:33 MainThread @decentralized_fqi_matrix.py:453]   Agent 5 progress: 40% (400/1000)
[12-16 09:58:33 MainThread @decentralized_fqi_matrix.py:453]   Agent 5 progress: 50% (500/1000)
[12-16 09:58:33 MainThread @decentralized_fqi_matrix.py:453]   Agent 5 progress: 60% (600/1000)
[12-16 09:58:33 MainThread @decentralized_fqi_matrix.py:453]   Agent 5 progress: 70% (700/1000)
[12-16 09:58:33 MainThread @decentralized_fqi_matrix.py:453]   Agent 5 progress: 80% (800/1000)
[12-16 09:58:33 MainThread @decentralized_fqi_matrix.py:453]   Agent 5 progress: 90% (900/1000)
[12-16 09:58:33 MainThread @decentralized_fqi_matrix.py:486]   Agent 5 completed: avg Nash time=0.00ms
[12-16 09:58:33 MainThread @decentralized_fqi_matrix.py:379] Computing targets for agent 6/6...
[12-16 09:58:33 MainThread @decentralized_fqi_matrix.py:453]   Agent 6 progress: 10% (100/1000)
[12-16 09:58:33 MainThread @decentralized_fqi_matrix.py:453]   Agent 6 progress: 20% (200/1000)
[12-16 09:58:33 MainThread @decentralized_fqi_matrix.py:453]   Agent 6 progress: 30% (300/1000)
[12-16 09:58:33 MainThread @decentralized_fqi_matrix.py:453]   Agent 6 progress: 40% (400/1000)
[12-16 09:58:33 MainThread @decentralized_fqi_matrix.py:453]   Agent 6 progress: 50% (500/1000)
[12-16 09:58:33 MainThread @decentralized_fqi_matrix.py:453]   Agent 6 progress: 60% (600/1000)
[12-16 09:58:33 MainThread @decentralized_fqi_matrix.py:453]   Agent 6 progress: 70% (700/1000)
[12-16 09:58:33 MainThread @decentralized_fqi_matrix.py:453]   Agent 6 progress: 80% (800/1000)
[12-16 09:58:33 MainThread @decentralized_fqi_matrix.py:453]   Agent 6 progress: 90% (900/1000)
[12-16 09:58:33 MainThread @decentralized_fqi_matrix.py:486]   Agent 6 completed: avg Nash time=0.00ms
[12-16 09:58:33 MainThread @decentralized_fqi_matrix.py:389] Mean Nash solving time: 0.0000s
[12-16 09:58:33 MainThread @decentralized_fqi_matrix.py:393] Nash cache: 0.0% hit rate (0 hits, 21 misses, 21 cached)
[12-16 09:58:33 MainThread @decentralized_fqi_matrix.py:398] Solving (4) by DIGing decentralized optimization...
[12-16 09:58:35 MainThread @decentralized_fqi_matrix.py:417] Iteration 72 completed: loss=0.4582, td_error=0.5348, consensus_error=0.002011
[12-16 09:58:35 MainThread @decentralized_fqi_matrix.py:573]   [收敛检测] Loss趋势: -0.0000, 波动std: 0.0004
[12-16 09:58:35 MainThread @decentralized_fqi_matrix.py:581]   ✓ Loss已稳定(std=0.0004), 可能已收敛
[12-16 09:58:35 MainThread @decentralized_fqi_matrix.py:369] 
=== Fitted Q-Iteration 73/100 ===
[12-16 09:58:35 MainThread @decentralized_fqi_matrix.py:379] Computing targets for agent 1/6...
[12-16 09:58:35 MainThread @decentralized_fqi_matrix.py:453]   Agent 1 progress: 10% (100/1000)
[12-16 09:58:35 MainThread @decentralized_fqi_matrix.py:453]   Agent 1 progress: 20% (200/1000)
[12-16 09:58:35 MainThread @decentralized_fqi_matrix.py:453]   Agent 1 progress: 30% (300/1000)
[12-16 09:58:35 MainThread @decentralized_fqi_matrix.py:453]   Agent 1 progress: 40% (400/1000)
[12-16 09:58:35 MainThread @decentralized_fqi_matrix.py:453]   Agent 1 progress: 50% (500/1000)
[12-16 09:58:35 MainThread @decentralized_fqi_matrix.py:453]   Agent 1 progress: 60% (600/1000)
[12-16 09:58:35 MainThread @decentralized_fqi_matrix.py:453]   Agent 1 progress: 70% (700/1000)
[12-16 09:58:35 MainThread @decentralized_fqi_matrix.py:453]   Agent 1 progress: 80% (800/1000)
[12-16 09:58:35 MainThread @decentralized_fqi_matrix.py:453]   Agent 1 progress: 90% (900/1000)
[12-16 09:58:35 MainThread @decentralized_fqi_matrix.py:486]   Agent 1 completed: avg Nash time=0.00ms
[12-16 09:58:35 MainThread @decentralized_fqi_matrix.py:379] Computing targets for agent 2/6...
[12-16 09:58:35 MainThread @decentralized_fqi_matrix.py:453]   Agent 2 progress: 10% (100/1000)
[12-16 09:58:35 MainThread @decentralized_fqi_matrix.py:453]   Agent 2 progress: 20% (200/1000)
[12-16 09:58:35 MainThread @decentralized_fqi_matrix.py:453]   Agent 2 progress: 30% (300/1000)
[12-16 09:58:35 MainThread @decentralized_fqi_matrix.py:453]   Agent 2 progress: 40% (400/1000)
[12-16 09:58:35 MainThread @decentralized_fqi_matrix.py:453]   Agent 2 progress: 50% (500/1000)
[12-16 09:58:35 MainThread @decentralized_fqi_matrix.py:453]   Agent 2 progress: 60% (600/1000)
[12-16 09:58:35 MainThread @decentralized_fqi_matrix.py:453]   Agent 2 progress: 70% (700/1000)
[12-16 09:58:35 MainThread @decentralized_fqi_matrix.py:453]   Agent 2 progress: 80% (800/1000)
[12-16 09:58:35 MainThread @decentralized_fqi_matrix.py:453]   Agent 2 progress: 90% (900/1000)
[12-16 09:58:35 MainThread @decentralized_fqi_matrix.py:486]   Agent 2 completed: avg Nash time=0.00ms
[12-16 09:58:35 MainThread @decentralized_fqi_matrix.py:379] Computing targets for agent 3/6...
[12-16 09:58:35 MainThread @decentralized_fqi_matrix.py:453]   Agent 3 progress: 10% (100/1000)
[12-16 09:58:35 MainThread @decentralized_fqi_matrix.py:453]   Agent 3 progress: 20% (200/1000)
[12-16 09:58:35 MainThread @decentralized_fqi_matrix.py:453]   Agent 3 progress: 30% (300/1000)
[12-16 09:58:35 MainThread @decentralized_fqi_matrix.py:453]   Agent 3 progress: 40% (400/1000)
[12-16 09:58:35 MainThread @decentralized_fqi_matrix.py:453]   Agent 3 progress: 50% (500/1000)
[12-16 09:58:35 MainThread @decentralized_fqi_matrix.py:453]   Agent 3 progress: 60% (600/1000)
[12-16 09:58:35 MainThread @decentralized_fqi_matrix.py:453]   Agent 3 progress: 70% (700/1000)
[12-16 09:58:35 MainThread @decentralized_fqi_matrix.py:453]   Agent 3 progress: 80% (800/1000)
[12-16 09:58:35 MainThread @decentralized_fqi_matrix.py:453]   Agent 3 progress: 90% (900/1000)
[12-16 09:58:35 MainThread @decentralized_fqi_matrix.py:486]   Agent 3 completed: avg Nash time=0.00ms
[12-16 09:58:35 MainThread @decentralized_fqi_matrix.py:379] Computing targets for agent 4/6...
[12-16 09:58:35 MainThread @decentralized_fqi_matrix.py:453]   Agent 4 progress: 10% (100/1000)
[12-16 09:58:35 MainThread @decentralized_fqi_matrix.py:453]   Agent 4 progress: 20% (200/1000)
[12-16 09:58:35 MainThread @decentralized_fqi_matrix.py:453]   Agent 4 progress: 30% (300/1000)
[12-16 09:58:35 MainThread @decentralized_fqi_matrix.py:453]   Agent 4 progress: 40% (400/1000)
[12-16 09:58:35 MainThread @decentralized_fqi_matrix.py:453]   Agent 4 progress: 50% (500/1000)
[12-16 09:58:35 MainThread @decentralized_fqi_matrix.py:453]   Agent 4 progress: 60% (600/1000)
[12-16 09:58:35 MainThread @decentralized_fqi_matrix.py:453]   Agent 4 progress: 70% (700/1000)
[12-16 09:58:35 MainThread @decentralized_fqi_matrix.py:453]   Agent 4 progress: 80% (800/1000)
[12-16 09:58:35 MainThread @decentralized_fqi_matrix.py:453]   Agent 4 progress: 90% (900/1000)
[12-16 09:58:35 MainThread @decentralized_fqi_matrix.py:486]   Agent 4 completed: avg Nash time=0.00ms
[12-16 09:58:35 MainThread @decentralized_fqi_matrix.py:379] Computing targets for agent 5/6...
[12-16 09:58:35 MainThread @decentralized_fqi_matrix.py:453]   Agent 5 progress: 10% (100/1000)
[12-16 09:58:35 MainThread @decentralized_fqi_matrix.py:453]   Agent 5 progress: 20% (200/1000)
[12-16 09:58:35 MainThread @decentralized_fqi_matrix.py:453]   Agent 5 progress: 30% (300/1000)
[12-16 09:58:35 MainThread @decentralized_fqi_matrix.py:453]   Agent 5 progress: 40% (400/1000)
[12-16 09:58:35 MainThread @decentralized_fqi_matrix.py:453]   Agent 5 progress: 50% (500/1000)
[12-16 09:58:35 MainThread @decentralized_fqi_matrix.py:453]   Agent 5 progress: 60% (600/1000)
[12-16 09:58:35 MainThread @decentralized_fqi_matrix.py:453]   Agent 5 progress: 70% (700/1000)
[12-16 09:58:35 MainThread @decentralized_fqi_matrix.py:453]   Agent 5 progress: 80% (800/1000)
[12-16 09:58:35 MainThread @decentralized_fqi_matrix.py:453]   Agent 5 progress: 90% (900/1000)
[12-16 09:58:35 MainThread @decentralized_fqi_matrix.py:486]   Agent 5 completed: avg Nash time=0.00ms
[12-16 09:58:35 MainThread @decentralized_fqi_matrix.py:379] Computing targets for agent 6/6...
[12-16 09:58:35 MainThread @decentralized_fqi_matrix.py:453]   Agent 6 progress: 10% (100/1000)
[12-16 09:58:35 MainThread @decentralized_fqi_matrix.py:453]   Agent 6 progress: 20% (200/1000)
[12-16 09:58:35 MainThread @decentralized_fqi_matrix.py:453]   Agent 6 progress: 30% (300/1000)
[12-16 09:58:35 MainThread @decentralized_fqi_matrix.py:453]   Agent 6 progress: 40% (400/1000)
[12-16 09:58:35 MainThread @decentralized_fqi_matrix.py:453]   Agent 6 progress: 50% (500/1000)
[12-16 09:58:35 MainThread @decentralized_fqi_matrix.py:453]   Agent 6 progress: 60% (600/1000)
[12-16 09:58:35 MainThread @decentralized_fqi_matrix.py:453]   Agent 6 progress: 70% (700/1000)
[12-16 09:58:35 MainThread @decentralized_fqi_matrix.py:453]   Agent 6 progress: 80% (800/1000)
[12-16 09:58:35 MainThread @decentralized_fqi_matrix.py:453]   Agent 6 progress: 90% (900/1000)
[12-16 09:58:35 MainThread @decentralized_fqi_matrix.py:486]   Agent 6 completed: avg Nash time=0.00ms
[12-16 09:58:35 MainThread @decentralized_fqi_matrix.py:389] Mean Nash solving time: 0.0000s
[12-16 09:58:35 MainThread @decentralized_fqi_matrix.py:393] Nash cache: 0.0% hit rate (0 hits, 21 misses, 21 cached)
[12-16 09:58:35 MainThread @decentralized_fqi_matrix.py:398] Solving (4) by DIGing decentralized optimization...
[12-16 09:58:37 MainThread @decentralized_fqi_matrix.py:417] Iteration 73 completed: loss=0.4580, td_error=0.5346, consensus_error=0.002323
[12-16 09:58:37 MainThread @decentralized_fqi_matrix.py:573]   [收敛检测] Loss趋势: +0.0000, 波动std: 0.0004
[12-16 09:58:37 MainThread @decentralized_fqi_matrix.py:581]   ✓ Loss已稳定(std=0.0004), 可能已收敛
[12-16 09:58:37 MainThread @decentralized_fqi_matrix.py:369] 
=== Fitted Q-Iteration 74/100 ===
[12-16 09:58:37 MainThread @decentralized_fqi_matrix.py:379] Computing targets for agent 1/6...
[12-16 09:58:37 MainThread @decentralized_fqi_matrix.py:453]   Agent 1 progress: 10% (100/1000)
[12-16 09:58:37 MainThread @decentralized_fqi_matrix.py:453]   Agent 1 progress: 20% (200/1000)
[12-16 09:58:37 MainThread @decentralized_fqi_matrix.py:453]   Agent 1 progress: 30% (300/1000)
[12-16 09:58:37 MainThread @decentralized_fqi_matrix.py:453]   Agent 1 progress: 40% (400/1000)
[12-16 09:58:37 MainThread @decentralized_fqi_matrix.py:453]   Agent 1 progress: 50% (500/1000)
[12-16 09:58:37 MainThread @decentralized_fqi_matrix.py:453]   Agent 1 progress: 60% (600/1000)
[12-16 09:58:37 MainThread @decentralized_fqi_matrix.py:453]   Agent 1 progress: 70% (700/1000)
[12-16 09:58:37 MainThread @decentralized_fqi_matrix.py:453]   Agent 1 progress: 80% (800/1000)
[12-16 09:58:37 MainThread @decentralized_fqi_matrix.py:453]   Agent 1 progress: 90% (900/1000)
[12-16 09:58:37 MainThread @decentralized_fqi_matrix.py:486]   Agent 1 completed: avg Nash time=0.00ms
[12-16 09:58:37 MainThread @decentralized_fqi_matrix.py:379] Computing targets for agent 2/6...
[12-16 09:58:37 MainThread @decentralized_fqi_matrix.py:453]   Agent 2 progress: 10% (100/1000)
[12-16 09:58:37 MainThread @decentralized_fqi_matrix.py:453]   Agent 2 progress: 20% (200/1000)
[12-16 09:58:37 MainThread @decentralized_fqi_matrix.py:453]   Agent 2 progress: 30% (300/1000)
[12-16 09:58:37 MainThread @decentralized_fqi_matrix.py:453]   Agent 2 progress: 40% (400/1000)
[12-16 09:58:37 MainThread @decentralized_fqi_matrix.py:453]   Agent 2 progress: 50% (500/1000)
[12-16 09:58:37 MainThread @decentralized_fqi_matrix.py:453]   Agent 2 progress: 60% (600/1000)
[12-16 09:58:37 MainThread @decentralized_fqi_matrix.py:453]   Agent 2 progress: 70% (700/1000)
[12-16 09:58:37 MainThread @decentralized_fqi_matrix.py:453]   Agent 2 progress: 80% (800/1000)
[12-16 09:58:37 MainThread @decentralized_fqi_matrix.py:453]   Agent 2 progress: 90% (900/1000)
[12-16 09:58:37 MainThread @decentralized_fqi_matrix.py:486]   Agent 2 completed: avg Nash time=0.00ms
[12-16 09:58:37 MainThread @decentralized_fqi_matrix.py:379] Computing targets for agent 3/6...
[12-16 09:58:37 MainThread @decentralized_fqi_matrix.py:453]   Agent 3 progress: 10% (100/1000)
[12-16 09:58:37 MainThread @decentralized_fqi_matrix.py:453]   Agent 3 progress: 20% (200/1000)
[12-16 09:58:37 MainThread @decentralized_fqi_matrix.py:453]   Agent 3 progress: 30% (300/1000)
[12-16 09:58:37 MainThread @decentralized_fqi_matrix.py:453]   Agent 3 progress: 40% (400/1000)
[12-16 09:58:37 MainThread @decentralized_fqi_matrix.py:453]   Agent 3 progress: 50% (500/1000)
[12-16 09:58:37 MainThread @decentralized_fqi_matrix.py:453]   Agent 3 progress: 60% (600/1000)
[12-16 09:58:37 MainThread @decentralized_fqi_matrix.py:453]   Agent 3 progress: 70% (700/1000)
[12-16 09:58:37 MainThread @decentralized_fqi_matrix.py:453]   Agent 3 progress: 80% (800/1000)
[12-16 09:58:37 MainThread @decentralized_fqi_matrix.py:453]   Agent 3 progress: 90% (900/1000)
[12-16 09:58:37 MainThread @decentralized_fqi_matrix.py:486]   Agent 3 completed: avg Nash time=0.00ms
[12-16 09:58:37 MainThread @decentralized_fqi_matrix.py:379] Computing targets for agent 4/6...
[12-16 09:58:37 MainThread @decentralized_fqi_matrix.py:453]   Agent 4 progress: 10% (100/1000)
[12-16 09:58:37 MainThread @decentralized_fqi_matrix.py:453]   Agent 4 progress: 20% (200/1000)
[12-16 09:58:37 MainThread @decentralized_fqi_matrix.py:453]   Agent 4 progress: 30% (300/1000)
[12-16 09:58:37 MainThread @decentralized_fqi_matrix.py:453]   Agent 4 progress: 40% (400/1000)
[12-16 09:58:37 MainThread @decentralized_fqi_matrix.py:453]   Agent 4 progress: 50% (500/1000)
[12-16 09:58:37 MainThread @decentralized_fqi_matrix.py:453]   Agent 4 progress: 60% (600/1000)
[12-16 09:58:37 MainThread @decentralized_fqi_matrix.py:453]   Agent 4 progress: 70% (700/1000)
[12-16 09:58:37 MainThread @decentralized_fqi_matrix.py:453]   Agent 4 progress: 80% (800/1000)
[12-16 09:58:37 MainThread @decentralized_fqi_matrix.py:453]   Agent 4 progress: 90% (900/1000)
[12-16 09:58:37 MainThread @decentralized_fqi_matrix.py:486]   Agent 4 completed: avg Nash time=0.00ms
[12-16 09:58:37 MainThread @decentralized_fqi_matrix.py:379] Computing targets for agent 5/6...
[12-16 09:58:37 MainThread @decentralized_fqi_matrix.py:453]   Agent 5 progress: 10% (100/1000)
[12-16 09:58:37 MainThread @decentralized_fqi_matrix.py:453]   Agent 5 progress: 20% (200/1000)
[12-16 09:58:37 MainThread @decentralized_fqi_matrix.py:453]   Agent 5 progress: 30% (300/1000)
[12-16 09:58:37 MainThread @decentralized_fqi_matrix.py:453]   Agent 5 progress: 40% (400/1000)
[12-16 09:58:37 MainThread @decentralized_fqi_matrix.py:453]   Agent 5 progress: 50% (500/1000)
[12-16 09:58:37 MainThread @decentralized_fqi_matrix.py:453]   Agent 5 progress: 60% (600/1000)
[12-16 09:58:37 MainThread @decentralized_fqi_matrix.py:453]   Agent 5 progress: 70% (700/1000)
[12-16 09:58:37 MainThread @decentralized_fqi_matrix.py:453]   Agent 5 progress: 80% (800/1000)
[12-16 09:58:37 MainThread @decentralized_fqi_matrix.py:453]   Agent 5 progress: 90% (900/1000)
[12-16 09:58:37 MainThread @decentralized_fqi_matrix.py:486]   Agent 5 completed: avg Nash time=0.00ms
[12-16 09:58:37 MainThread @decentralized_fqi_matrix.py:379] Computing targets for agent 6/6...
[12-16 09:58:37 MainThread @decentralized_fqi_matrix.py:453]   Agent 6 progress: 10% (100/1000)
[12-16 09:58:37 MainThread @decentralized_fqi_matrix.py:453]   Agent 6 progress: 20% (200/1000)
[12-16 09:58:37 MainThread @decentralized_fqi_matrix.py:453]   Agent 6 progress: 30% (300/1000)
[12-16 09:58:37 MainThread @decentralized_fqi_matrix.py:453]   Agent 6 progress: 40% (400/1000)
[12-16 09:58:37 MainThread @decentralized_fqi_matrix.py:453]   Agent 6 progress: 50% (500/1000)
[12-16 09:58:37 MainThread @decentralized_fqi_matrix.py:453]   Agent 6 progress: 60% (600/1000)
[12-16 09:58:37 MainThread @decentralized_fqi_matrix.py:453]   Agent 6 progress: 70% (700/1000)
[12-16 09:58:37 MainThread @decentralized_fqi_matrix.py:453]   Agent 6 progress: 80% (800/1000)
[12-16 09:58:37 MainThread @decentralized_fqi_matrix.py:453]   Agent 6 progress: 90% (900/1000)
[12-16 09:58:37 MainThread @decentralized_fqi_matrix.py:486]   Agent 6 completed: avg Nash time=0.00ms
[12-16 09:58:37 MainThread @decentralized_fqi_matrix.py:389] Mean Nash solving time: 0.0000s
[12-16 09:58:37 MainThread @decentralized_fqi_matrix.py:393] Nash cache: 0.0% hit rate (0 hits, 21 misses, 21 cached)
[12-16 09:58:37 MainThread @decentralized_fqi_matrix.py:398] Solving (4) by DIGing decentralized optimization...
[12-16 09:58:39 MainThread @decentralized_fqi_matrix.py:417] Iteration 74 completed: loss=0.4580, td_error=0.5346, consensus_error=0.000980
[12-16 09:58:39 MainThread @decentralized_fqi_matrix.py:573]   [收敛检测] Loss趋势: -0.0003, 波动std: 0.0004
[12-16 09:58:39 MainThread @decentralized_fqi_matrix.py:581]   ✓ Loss已稳定(std=0.0004), 可能已收敛
[12-16 09:58:39 MainThread @decentralized_fqi_matrix.py:369] 
=== Fitted Q-Iteration 75/100 ===
[12-16 09:58:39 MainThread @decentralized_fqi_matrix.py:379] Computing targets for agent 1/6...
[12-16 09:58:39 MainThread @decentralized_fqi_matrix.py:453]   Agent 1 progress: 10% (100/1000)
[12-16 09:58:39 MainThread @decentralized_fqi_matrix.py:453]   Agent 1 progress: 20% (200/1000)
[12-16 09:58:39 MainThread @decentralized_fqi_matrix.py:453]   Agent 1 progress: 30% (300/1000)
[12-16 09:58:39 MainThread @decentralized_fqi_matrix.py:453]   Agent 1 progress: 40% (400/1000)
[12-16 09:58:39 MainThread @decentralized_fqi_matrix.py:453]   Agent 1 progress: 50% (500/1000)
[12-16 09:58:39 MainThread @decentralized_fqi_matrix.py:453]   Agent 1 progress: 60% (600/1000)
[12-16 09:58:39 MainThread @decentralized_fqi_matrix.py:453]   Agent 1 progress: 70% (700/1000)
[12-16 09:58:39 MainThread @decentralized_fqi_matrix.py:453]   Agent 1 progress: 80% (800/1000)
[12-16 09:58:39 MainThread @decentralized_fqi_matrix.py:453]   Agent 1 progress: 90% (900/1000)
[12-16 09:58:39 MainThread @decentralized_fqi_matrix.py:486]   Agent 1 completed: avg Nash time=0.00ms
[12-16 09:58:39 MainThread @decentralized_fqi_matrix.py:379] Computing targets for agent 2/6...
[12-16 09:58:39 MainThread @decentralized_fqi_matrix.py:453]   Agent 2 progress: 10% (100/1000)
[12-16 09:58:39 MainThread @decentralized_fqi_matrix.py:453]   Agent 2 progress: 20% (200/1000)
[12-16 09:58:39 MainThread @decentralized_fqi_matrix.py:453]   Agent 2 progress: 30% (300/1000)
[12-16 09:58:39 MainThread @decentralized_fqi_matrix.py:453]   Agent 2 progress: 40% (400/1000)
[12-16 09:58:39 MainThread @decentralized_fqi_matrix.py:453]   Agent 2 progress: 50% (500/1000)
[12-16 09:58:39 MainThread @decentralized_fqi_matrix.py:453]   Agent 2 progress: 60% (600/1000)
[12-16 09:58:39 MainThread @decentralized_fqi_matrix.py:453]   Agent 2 progress: 70% (700/1000)
[12-16 09:58:39 MainThread @decentralized_fqi_matrix.py:453]   Agent 2 progress: 80% (800/1000)
[12-16 09:58:39 MainThread @decentralized_fqi_matrix.py:453]   Agent 2 progress: 90% (900/1000)
[12-16 09:58:39 MainThread @decentralized_fqi_matrix.py:486]   Agent 2 completed: avg Nash time=0.00ms
[12-16 09:58:39 MainThread @decentralized_fqi_matrix.py:379] Computing targets for agent 3/6...
[12-16 09:58:39 MainThread @decentralized_fqi_matrix.py:453]   Agent 3 progress: 10% (100/1000)
[12-16 09:58:39 MainThread @decentralized_fqi_matrix.py:453]   Agent 3 progress: 20% (200/1000)
[12-16 09:58:39 MainThread @decentralized_fqi_matrix.py:453]   Agent 3 progress: 30% (300/1000)
[12-16 09:58:39 MainThread @decentralized_fqi_matrix.py:453]   Agent 3 progress: 40% (400/1000)
[12-16 09:58:39 MainThread @decentralized_fqi_matrix.py:453]   Agent 3 progress: 50% (500/1000)
[12-16 09:58:39 MainThread @decentralized_fqi_matrix.py:453]   Agent 3 progress: 60% (600/1000)
[12-16 09:58:39 MainThread @decentralized_fqi_matrix.py:453]   Agent 3 progress: 70% (700/1000)
[12-16 09:58:39 MainThread @decentralized_fqi_matrix.py:453]   Agent 3 progress: 80% (800/1000)
[12-16 09:58:39 MainThread @decentralized_fqi_matrix.py:453]   Agent 3 progress: 90% (900/1000)
[12-16 09:58:39 MainThread @decentralized_fqi_matrix.py:486]   Agent 3 completed: avg Nash time=0.00ms
[12-16 09:58:39 MainThread @decentralized_fqi_matrix.py:379] Computing targets for agent 4/6...
[12-16 09:58:39 MainThread @decentralized_fqi_matrix.py:453]   Agent 4 progress: 10% (100/1000)
[12-16 09:58:39 MainThread @decentralized_fqi_matrix.py:453]   Agent 4 progress: 20% (200/1000)
[12-16 09:58:39 MainThread @decentralized_fqi_matrix.py:453]   Agent 4 progress: 30% (300/1000)
[12-16 09:58:39 MainThread @decentralized_fqi_matrix.py:453]   Agent 4 progress: 40% (400/1000)
[12-16 09:58:39 MainThread @decentralized_fqi_matrix.py:453]   Agent 4 progress: 50% (500/1000)
[12-16 09:58:39 MainThread @decentralized_fqi_matrix.py:453]   Agent 4 progress: 60% (600/1000)
[12-16 09:58:39 MainThread @decentralized_fqi_matrix.py:453]   Agent 4 progress: 70% (700/1000)
[12-16 09:58:39 MainThread @decentralized_fqi_matrix.py:453]   Agent 4 progress: 80% (800/1000)
[12-16 09:58:39 MainThread @decentralized_fqi_matrix.py:453]   Agent 4 progress: 90% (900/1000)
[12-16 09:58:39 MainThread @decentralized_fqi_matrix.py:486]   Agent 4 completed: avg Nash time=0.00ms
[12-16 09:58:39 MainThread @decentralized_fqi_matrix.py:379] Computing targets for agent 5/6...
[12-16 09:58:39 MainThread @decentralized_fqi_matrix.py:453]   Agent 5 progress: 10% (100/1000)
[12-16 09:58:39 MainThread @decentralized_fqi_matrix.py:453]   Agent 5 progress: 20% (200/1000)
[12-16 09:58:39 MainThread @decentralized_fqi_matrix.py:453]   Agent 5 progress: 30% (300/1000)
[12-16 09:58:39 MainThread @decentralized_fqi_matrix.py:453]   Agent 5 progress: 40% (400/1000)
[12-16 09:58:39 MainThread @decentralized_fqi_matrix.py:453]   Agent 5 progress: 50% (500/1000)
[12-16 09:58:39 MainThread @decentralized_fqi_matrix.py:453]   Agent 5 progress: 60% (600/1000)
[12-16 09:58:39 MainThread @decentralized_fqi_matrix.py:453]   Agent 5 progress: 70% (700/1000)
[12-16 09:58:39 MainThread @decentralized_fqi_matrix.py:453]   Agent 5 progress: 80% (800/1000)
[12-16 09:58:39 MainThread @decentralized_fqi_matrix.py:453]   Agent 5 progress: 90% (900/1000)
[12-16 09:58:39 MainThread @decentralized_fqi_matrix.py:486]   Agent 5 completed: avg Nash time=0.00ms
[12-16 09:58:39 MainThread @decentralized_fqi_matrix.py:379] Computing targets for agent 6/6...
[12-16 09:58:39 MainThread @decentralized_fqi_matrix.py:453]   Agent 6 progress: 10% (100/1000)
[12-16 09:58:39 MainThread @decentralized_fqi_matrix.py:453]   Agent 6 progress: 20% (200/1000)
[12-16 09:58:39 MainThread @decentralized_fqi_matrix.py:453]   Agent 6 progress: 30% (300/1000)
[12-16 09:58:39 MainThread @decentralized_fqi_matrix.py:453]   Agent 6 progress: 40% (400/1000)
[12-16 09:58:39 MainThread @decentralized_fqi_matrix.py:453]   Agent 6 progress: 50% (500/1000)
[12-16 09:58:39 MainThread @decentralized_fqi_matrix.py:453]   Agent 6 progress: 60% (600/1000)
[12-16 09:58:39 MainThread @decentralized_fqi_matrix.py:453]   Agent 6 progress: 70% (700/1000)
[12-16 09:58:39 MainThread @decentralized_fqi_matrix.py:453]   Agent 6 progress: 80% (800/1000)
[12-16 09:58:39 MainThread @decentralized_fqi_matrix.py:453]   Agent 6 progress: 90% (900/1000)
[12-16 09:58:39 MainThread @decentralized_fqi_matrix.py:486]   Agent 6 completed: avg Nash time=0.00ms
[12-16 09:58:39 MainThread @decentralized_fqi_matrix.py:389] Mean Nash solving time: 0.0000s
[12-16 09:58:39 MainThread @decentralized_fqi_matrix.py:393] Nash cache: 0.0% hit rate (0 hits, 21 misses, 21 cached)
[12-16 09:58:39 MainThread @decentralized_fqi_matrix.py:398] Solving (4) by DIGing decentralized optimization...
[12-16 09:58:41 MainThread @decentralized_fqi_matrix.py:417] Iteration 75 completed: loss=0.4582, td_error=0.5346, consensus_error=0.001981
[12-16 09:58:41 MainThread @decentralized_fqi_matrix.py:573]   [收敛检测] Loss趋势: +0.0007, 波动std: 0.0003
[12-16 09:58:41 MainThread @decentralized_fqi_matrix.py:581]   ✓ Loss已稳定(std=0.0003), 可能已收敛
[12-16 09:58:41 MainThread @decentralized_fqi_matrix.py:369] 
=== Fitted Q-Iteration 76/100 ===
[12-16 09:58:41 MainThread @decentralized_fqi_matrix.py:379] Computing targets for agent 1/6...
[12-16 09:58:41 MainThread @decentralized_fqi_matrix.py:453]   Agent 1 progress: 10% (100/1000)
[12-16 09:58:41 MainThread @decentralized_fqi_matrix.py:453]   Agent 1 progress: 20% (200/1000)
[12-16 09:58:41 MainThread @decentralized_fqi_matrix.py:453]   Agent 1 progress: 30% (300/1000)
[12-16 09:58:41 MainThread @decentralized_fqi_matrix.py:453]   Agent 1 progress: 40% (400/1000)
[12-16 09:58:41 MainThread @decentralized_fqi_matrix.py:453]   Agent 1 progress: 50% (500/1000)
[12-16 09:58:41 MainThread @decentralized_fqi_matrix.py:453]   Agent 1 progress: 60% (600/1000)
[12-16 09:58:41 MainThread @decentralized_fqi_matrix.py:453]   Agent 1 progress: 70% (700/1000)
[12-16 09:58:41 MainThread @decentralized_fqi_matrix.py:453]   Agent 1 progress: 80% (800/1000)
[12-16 09:58:41 MainThread @decentralized_fqi_matrix.py:453]   Agent 1 progress: 90% (900/1000)
[12-16 09:58:41 MainThread @decentralized_fqi_matrix.py:486]   Agent 1 completed: avg Nash time=0.00ms
[12-16 09:58:41 MainThread @decentralized_fqi_matrix.py:379] Computing targets for agent 2/6...
[12-16 09:58:41 MainThread @decentralized_fqi_matrix.py:453]   Agent 2 progress: 10% (100/1000)
[12-16 09:58:41 MainThread @decentralized_fqi_matrix.py:453]   Agent 2 progress: 20% (200/1000)
[12-16 09:58:41 MainThread @decentralized_fqi_matrix.py:453]   Agent 2 progress: 30% (300/1000)
[12-16 09:58:41 MainThread @decentralized_fqi_matrix.py:453]   Agent 2 progress: 40% (400/1000)
[12-16 09:58:41 MainThread @decentralized_fqi_matrix.py:453]   Agent 2 progress: 50% (500/1000)
[12-16 09:58:41 MainThread @decentralized_fqi_matrix.py:453]   Agent 2 progress: 60% (600/1000)
[12-16 09:58:41 MainThread @decentralized_fqi_matrix.py:453]   Agent 2 progress: 70% (700/1000)
[12-16 09:58:41 MainThread @decentralized_fqi_matrix.py:453]   Agent 2 progress: 80% (800/1000)
[12-16 09:58:41 MainThread @decentralized_fqi_matrix.py:453]   Agent 2 progress: 90% (900/1000)
[12-16 09:58:41 MainThread @decentralized_fqi_matrix.py:486]   Agent 2 completed: avg Nash time=0.00ms
[12-16 09:58:41 MainThread @decentralized_fqi_matrix.py:379] Computing targets for agent 3/6...
[12-16 09:58:41 MainThread @decentralized_fqi_matrix.py:453]   Agent 3 progress: 10% (100/1000)
[12-16 09:58:41 MainThread @decentralized_fqi_matrix.py:453]   Agent 3 progress: 20% (200/1000)
[12-16 09:58:41 MainThread @decentralized_fqi_matrix.py:453]   Agent 3 progress: 30% (300/1000)
[12-16 09:58:41 MainThread @decentralized_fqi_matrix.py:453]   Agent 3 progress: 40% (400/1000)
[12-16 09:58:41 MainThread @decentralized_fqi_matrix.py:453]   Agent 3 progress: 50% (500/1000)
[12-16 09:58:41 MainThread @decentralized_fqi_matrix.py:453]   Agent 3 progress: 60% (600/1000)
[12-16 09:58:41 MainThread @decentralized_fqi_matrix.py:453]   Agent 3 progress: 70% (700/1000)
[12-16 09:58:41 MainThread @decentralized_fqi_matrix.py:453]   Agent 3 progress: 80% (800/1000)
[12-16 09:58:41 MainThread @decentralized_fqi_matrix.py:453]   Agent 3 progress: 90% (900/1000)
[12-16 09:58:41 MainThread @decentralized_fqi_matrix.py:486]   Agent 3 completed: avg Nash time=0.00ms
[12-16 09:58:41 MainThread @decentralized_fqi_matrix.py:379] Computing targets for agent 4/6...
[12-16 09:58:41 MainThread @decentralized_fqi_matrix.py:453]   Agent 4 progress: 10% (100/1000)
[12-16 09:58:41 MainThread @decentralized_fqi_matrix.py:453]   Agent 4 progress: 20% (200/1000)
[12-16 09:58:41 MainThread @decentralized_fqi_matrix.py:453]   Agent 4 progress: 30% (300/1000)
[12-16 09:58:41 MainThread @decentralized_fqi_matrix.py:453]   Agent 4 progress: 40% (400/1000)
[12-16 09:58:41 MainThread @decentralized_fqi_matrix.py:453]   Agent 4 progress: 50% (500/1000)
[12-16 09:58:41 MainThread @decentralized_fqi_matrix.py:453]   Agent 4 progress: 60% (600/1000)
[12-16 09:58:41 MainThread @decentralized_fqi_matrix.py:453]   Agent 4 progress: 70% (700/1000)
[12-16 09:58:41 MainThread @decentralized_fqi_matrix.py:453]   Agent 4 progress: 80% (800/1000)
[12-16 09:58:41 MainThread @decentralized_fqi_matrix.py:453]   Agent 4 progress: 90% (900/1000)
[12-16 09:58:41 MainThread @decentralized_fqi_matrix.py:486]   Agent 4 completed: avg Nash time=0.00ms
[12-16 09:58:41 MainThread @decentralized_fqi_matrix.py:379] Computing targets for agent 5/6...
[12-16 09:58:41 MainThread @decentralized_fqi_matrix.py:453]   Agent 5 progress: 10% (100/1000)
[12-16 09:58:41 MainThread @decentralized_fqi_matrix.py:453]   Agent 5 progress: 20% (200/1000)
[12-16 09:58:41 MainThread @decentralized_fqi_matrix.py:453]   Agent 5 progress: 30% (300/1000)
[12-16 09:58:41 MainThread @decentralized_fqi_matrix.py:453]   Agent 5 progress: 40% (400/1000)
[12-16 09:58:41 MainThread @decentralized_fqi_matrix.py:453]   Agent 5 progress: 50% (500/1000)
[12-16 09:58:41 MainThread @decentralized_fqi_matrix.py:453]   Agent 5 progress: 60% (600/1000)
[12-16 09:58:41 MainThread @decentralized_fqi_matrix.py:453]   Agent 5 progress: 70% (700/1000)
[12-16 09:58:41 MainThread @decentralized_fqi_matrix.py:453]   Agent 5 progress: 80% (800/1000)
[12-16 09:58:41 MainThread @decentralized_fqi_matrix.py:453]   Agent 5 progress: 90% (900/1000)
[12-16 09:58:41 MainThread @decentralized_fqi_matrix.py:486]   Agent 5 completed: avg Nash time=0.00ms
[12-16 09:58:41 MainThread @decentralized_fqi_matrix.py:379] Computing targets for agent 6/6...
[12-16 09:58:41 MainThread @decentralized_fqi_matrix.py:453]   Agent 6 progress: 10% (100/1000)
[12-16 09:58:41 MainThread @decentralized_fqi_matrix.py:453]   Agent 6 progress: 20% (200/1000)
[12-16 09:58:41 MainThread @decentralized_fqi_matrix.py:453]   Agent 6 progress: 30% (300/1000)
[12-16 09:58:41 MainThread @decentralized_fqi_matrix.py:453]   Agent 6 progress: 40% (400/1000)
[12-16 09:58:41 MainThread @decentralized_fqi_matrix.py:453]   Agent 6 progress: 50% (500/1000)
[12-16 09:58:41 MainThread @decentralized_fqi_matrix.py:453]   Agent 6 progress: 60% (600/1000)
[12-16 09:58:41 MainThread @decentralized_fqi_matrix.py:453]   Agent 6 progress: 70% (700/1000)
[12-16 09:58:41 MainThread @decentralized_fqi_matrix.py:453]   Agent 6 progress: 80% (800/1000)
[12-16 09:58:41 MainThread @decentralized_fqi_matrix.py:453]   Agent 6 progress: 90% (900/1000)
[12-16 09:58:41 MainThread @decentralized_fqi_matrix.py:486]   Agent 6 completed: avg Nash time=0.00ms
[12-16 09:58:41 MainThread @decentralized_fqi_matrix.py:389] Mean Nash solving time: 0.0000s
[12-16 09:58:41 MainThread @decentralized_fqi_matrix.py:393] Nash cache: 0.0% hit rate (0 hits, 21 misses, 21 cached)
[12-16 09:58:41 MainThread @decentralized_fqi_matrix.py:398] Solving (4) by DIGing decentralized optimization...
[12-16 09:58:43 MainThread @decentralized_fqi_matrix.py:417] Iteration 76 completed: loss=0.4582, td_error=0.5348, consensus_error=0.002188
[12-16 09:58:43 MainThread @decentralized_fqi_matrix.py:573]   [收敛检测] Loss趋势: -0.0001, 波动std: 0.0001
[12-16 09:58:43 MainThread @decentralized_fqi_matrix.py:581]   ✓ Loss已稳定(std=0.0001), 可能已收敛
[12-16 09:58:43 MainThread @decentralized_fqi_matrix.py:369] 
=== Fitted Q-Iteration 77/100 ===
[12-16 09:58:43 MainThread @decentralized_fqi_matrix.py:379] Computing targets for agent 1/6...
[12-16 09:58:43 MainThread @decentralized_fqi_matrix.py:453]   Agent 1 progress: 10% (100/1000)
[12-16 09:58:43 MainThread @decentralized_fqi_matrix.py:453]   Agent 1 progress: 20% (200/1000)
[12-16 09:58:43 MainThread @decentralized_fqi_matrix.py:453]   Agent 1 progress: 30% (300/1000)
[12-16 09:58:43 MainThread @decentralized_fqi_matrix.py:453]   Agent 1 progress: 40% (400/1000)
[12-16 09:58:43 MainThread @decentralized_fqi_matrix.py:453]   Agent 1 progress: 50% (500/1000)
[12-16 09:58:43 MainThread @decentralized_fqi_matrix.py:453]   Agent 1 progress: 60% (600/1000)
[12-16 09:58:43 MainThread @decentralized_fqi_matrix.py:453]   Agent 1 progress: 70% (700/1000)
[12-16 09:58:43 MainThread @decentralized_fqi_matrix.py:453]   Agent 1 progress: 80% (800/1000)
[12-16 09:58:43 MainThread @decentralized_fqi_matrix.py:453]   Agent 1 progress: 90% (900/1000)
[12-16 09:58:43 MainThread @decentralized_fqi_matrix.py:486]   Agent 1 completed: avg Nash time=0.00ms
[12-16 09:58:43 MainThread @decentralized_fqi_matrix.py:379] Computing targets for agent 2/6...
[12-16 09:58:43 MainThread @decentralized_fqi_matrix.py:453]   Agent 2 progress: 10% (100/1000)
[12-16 09:58:43 MainThread @decentralized_fqi_matrix.py:453]   Agent 2 progress: 20% (200/1000)
[12-16 09:58:43 MainThread @decentralized_fqi_matrix.py:453]   Agent 2 progress: 30% (300/1000)
[12-16 09:58:43 MainThread @decentralized_fqi_matrix.py:453]   Agent 2 progress: 40% (400/1000)
[12-16 09:58:43 MainThread @decentralized_fqi_matrix.py:453]   Agent 2 progress: 50% (500/1000)
[12-16 09:58:43 MainThread @decentralized_fqi_matrix.py:453]   Agent 2 progress: 60% (600/1000)
[12-16 09:58:43 MainThread @decentralized_fqi_matrix.py:453]   Agent 2 progress: 70% (700/1000)
[12-16 09:58:43 MainThread @decentralized_fqi_matrix.py:453]   Agent 2 progress: 80% (800/1000)
[12-16 09:58:43 MainThread @decentralized_fqi_matrix.py:453]   Agent 2 progress: 90% (900/1000)
[12-16 09:58:43 MainThread @decentralized_fqi_matrix.py:486]   Agent 2 completed: avg Nash time=0.00ms
[12-16 09:58:43 MainThread @decentralized_fqi_matrix.py:379] Computing targets for agent 3/6...
[12-16 09:58:43 MainThread @decentralized_fqi_matrix.py:453]   Agent 3 progress: 10% (100/1000)
[12-16 09:58:43 MainThread @decentralized_fqi_matrix.py:453]   Agent 3 progress: 20% (200/1000)
[12-16 09:58:43 MainThread @decentralized_fqi_matrix.py:453]   Agent 3 progress: 30% (300/1000)
[12-16 09:58:43 MainThread @decentralized_fqi_matrix.py:453]   Agent 3 progress: 40% (400/1000)
[12-16 09:58:43 MainThread @decentralized_fqi_matrix.py:453]   Agent 3 progress: 50% (500/1000)
[12-16 09:58:43 MainThread @decentralized_fqi_matrix.py:453]   Agent 3 progress: 60% (600/1000)
[12-16 09:58:43 MainThread @decentralized_fqi_matrix.py:453]   Agent 3 progress: 70% (700/1000)
[12-16 09:58:43 MainThread @decentralized_fqi_matrix.py:453]   Agent 3 progress: 80% (800/1000)
[12-16 09:58:43 MainThread @decentralized_fqi_matrix.py:453]   Agent 3 progress: 90% (900/1000)
[12-16 09:58:43 MainThread @decentralized_fqi_matrix.py:486]   Agent 3 completed: avg Nash time=0.00ms
[12-16 09:58:43 MainThread @decentralized_fqi_matrix.py:379] Computing targets for agent 4/6...
[12-16 09:58:43 MainThread @decentralized_fqi_matrix.py:453]   Agent 4 progress: 10% (100/1000)
[12-16 09:58:43 MainThread @decentralized_fqi_matrix.py:453]   Agent 4 progress: 20% (200/1000)
[12-16 09:58:43 MainThread @decentralized_fqi_matrix.py:453]   Agent 4 progress: 30% (300/1000)
[12-16 09:58:43 MainThread @decentralized_fqi_matrix.py:453]   Agent 4 progress: 40% (400/1000)
[12-16 09:58:43 MainThread @decentralized_fqi_matrix.py:453]   Agent 4 progress: 50% (500/1000)
[12-16 09:58:43 MainThread @decentralized_fqi_matrix.py:453]   Agent 4 progress: 60% (600/1000)
[12-16 09:58:43 MainThread @decentralized_fqi_matrix.py:453]   Agent 4 progress: 70% (700/1000)
[12-16 09:58:43 MainThread @decentralized_fqi_matrix.py:453]   Agent 4 progress: 80% (800/1000)
[12-16 09:58:43 MainThread @decentralized_fqi_matrix.py:453]   Agent 4 progress: 90% (900/1000)
[12-16 09:58:43 MainThread @decentralized_fqi_matrix.py:486]   Agent 4 completed: avg Nash time=0.00ms
[12-16 09:58:43 MainThread @decentralized_fqi_matrix.py:379] Computing targets for agent 5/6...
[12-16 09:58:43 MainThread @decentralized_fqi_matrix.py:453]   Agent 5 progress: 10% (100/1000)
[12-16 09:58:43 MainThread @decentralized_fqi_matrix.py:453]   Agent 5 progress: 20% (200/1000)
[12-16 09:58:43 MainThread @decentralized_fqi_matrix.py:453]   Agent 5 progress: 30% (300/1000)
[12-16 09:58:43 MainThread @decentralized_fqi_matrix.py:453]   Agent 5 progress: 40% (400/1000)
[12-16 09:58:43 MainThread @decentralized_fqi_matrix.py:453]   Agent 5 progress: 50% (500/1000)
[12-16 09:58:43 MainThread @decentralized_fqi_matrix.py:453]   Agent 5 progress: 60% (600/1000)
[12-16 09:58:43 MainThread @decentralized_fqi_matrix.py:453]   Agent 5 progress: 70% (700/1000)
[12-16 09:58:43 MainThread @decentralized_fqi_matrix.py:453]   Agent 5 progress: 80% (800/1000)
[12-16 09:58:43 MainThread @decentralized_fqi_matrix.py:453]   Agent 5 progress: 90% (900/1000)
[12-16 09:58:43 MainThread @decentralized_fqi_matrix.py:486]   Agent 5 completed: avg Nash time=0.00ms
[12-16 09:58:43 MainThread @decentralized_fqi_matrix.py:379] Computing targets for agent 6/6...
[12-16 09:58:43 MainThread @decentralized_fqi_matrix.py:453]   Agent 6 progress: 10% (100/1000)
[12-16 09:58:43 MainThread @decentralized_fqi_matrix.py:453]   Agent 6 progress: 20% (200/1000)
[12-16 09:58:43 MainThread @decentralized_fqi_matrix.py:453]   Agent 6 progress: 30% (300/1000)
[12-16 09:58:43 MainThread @decentralized_fqi_matrix.py:453]   Agent 6 progress: 40% (400/1000)
[12-16 09:58:43 MainThread @decentralized_fqi_matrix.py:453]   Agent 6 progress: 50% (500/1000)
[12-16 09:58:43 MainThread @decentralized_fqi_matrix.py:453]   Agent 6 progress: 60% (600/1000)
[12-16 09:58:43 MainThread @decentralized_fqi_matrix.py:453]   Agent 6 progress: 70% (700/1000)
[12-16 09:58:43 MainThread @decentralized_fqi_matrix.py:453]   Agent 6 progress: 80% (800/1000)
[12-16 09:58:43 MainThread @decentralized_fqi_matrix.py:453]   Agent 6 progress: 90% (900/1000)
[12-16 09:58:43 MainThread @decentralized_fqi_matrix.py:486]   Agent 6 completed: avg Nash time=0.00ms
[12-16 09:58:43 MainThread @decentralized_fqi_matrix.py:389] Mean Nash solving time: 0.0000s
[12-16 09:58:43 MainThread @decentralized_fqi_matrix.py:393] Nash cache: 0.0% hit rate (0 hits, 21 misses, 21 cached)
[12-16 09:58:43 MainThread @decentralized_fqi_matrix.py:398] Solving (4) by DIGing decentralized optimization...
[12-16 09:58:44 MainThread @decentralized_fqi_matrix.py:417] Iteration 77 completed: loss=0.4581, td_error=0.5348, consensus_error=0.003075
[12-16 09:58:44 MainThread @decentralized_fqi_matrix.py:573]   [收敛检测] Loss趋势: -0.0001, 波动std: 0.0001
[12-16 09:58:44 MainThread @decentralized_fqi_matrix.py:581]   ✓ Loss已稳定(std=0.0001), 可能已收敛
[12-16 09:58:44 MainThread @decentralized_fqi_matrix.py:369] 
=== Fitted Q-Iteration 78/100 ===
[12-16 09:58:44 MainThread @decentralized_fqi_matrix.py:379] Computing targets for agent 1/6...
[12-16 09:58:44 MainThread @decentralized_fqi_matrix.py:453]   Agent 1 progress: 10% (100/1000)
[12-16 09:58:44 MainThread @decentralized_fqi_matrix.py:453]   Agent 1 progress: 20% (200/1000)
[12-16 09:58:44 MainThread @decentralized_fqi_matrix.py:453]   Agent 1 progress: 30% (300/1000)
[12-16 09:58:44 MainThread @decentralized_fqi_matrix.py:453]   Agent 1 progress: 40% (400/1000)
[12-16 09:58:44 MainThread @decentralized_fqi_matrix.py:453]   Agent 1 progress: 50% (500/1000)
[12-16 09:58:44 MainThread @decentralized_fqi_matrix.py:453]   Agent 1 progress: 60% (600/1000)
[12-16 09:58:44 MainThread @decentralized_fqi_matrix.py:453]   Agent 1 progress: 70% (700/1000)
[12-16 09:58:44 MainThread @decentralized_fqi_matrix.py:453]   Agent 1 progress: 80% (800/1000)
[12-16 09:58:44 MainThread @decentralized_fqi_matrix.py:453]   Agent 1 progress: 90% (900/1000)
[12-16 09:58:44 MainThread @decentralized_fqi_matrix.py:486]   Agent 1 completed: avg Nash time=0.00ms
[12-16 09:58:44 MainThread @decentralized_fqi_matrix.py:379] Computing targets for agent 2/6...
[12-16 09:58:44 MainThread @decentralized_fqi_matrix.py:453]   Agent 2 progress: 10% (100/1000)
[12-16 09:58:44 MainThread @decentralized_fqi_matrix.py:453]   Agent 2 progress: 20% (200/1000)
[12-16 09:58:44 MainThread @decentralized_fqi_matrix.py:453]   Agent 2 progress: 30% (300/1000)
[12-16 09:58:44 MainThread @decentralized_fqi_matrix.py:453]   Agent 2 progress: 40% (400/1000)
[12-16 09:58:44 MainThread @decentralized_fqi_matrix.py:453]   Agent 2 progress: 50% (500/1000)
[12-16 09:58:44 MainThread @decentralized_fqi_matrix.py:453]   Agent 2 progress: 60% (600/1000)
[12-16 09:58:44 MainThread @decentralized_fqi_matrix.py:453]   Agent 2 progress: 70% (700/1000)
[12-16 09:58:44 MainThread @decentralized_fqi_matrix.py:453]   Agent 2 progress: 80% (800/1000)
[12-16 09:58:44 MainThread @decentralized_fqi_matrix.py:453]   Agent 2 progress: 90% (900/1000)
[12-16 09:58:44 MainThread @decentralized_fqi_matrix.py:486]   Agent 2 completed: avg Nash time=0.00ms
[12-16 09:58:44 MainThread @decentralized_fqi_matrix.py:379] Computing targets for agent 3/6...
[12-16 09:58:44 MainThread @decentralized_fqi_matrix.py:453]   Agent 3 progress: 10% (100/1000)
[12-16 09:58:44 MainThread @decentralized_fqi_matrix.py:453]   Agent 3 progress: 20% (200/1000)
[12-16 09:58:44 MainThread @decentralized_fqi_matrix.py:453]   Agent 3 progress: 30% (300/1000)
[12-16 09:58:44 MainThread @decentralized_fqi_matrix.py:453]   Agent 3 progress: 40% (400/1000)
[12-16 09:58:44 MainThread @decentralized_fqi_matrix.py:453]   Agent 3 progress: 50% (500/1000)
[12-16 09:58:44 MainThread @decentralized_fqi_matrix.py:453]   Agent 3 progress: 60% (600/1000)
[12-16 09:58:44 MainThread @decentralized_fqi_matrix.py:453]   Agent 3 progress: 70% (700/1000)
[12-16 09:58:44 MainThread @decentralized_fqi_matrix.py:453]   Agent 3 progress: 80% (800/1000)
[12-16 09:58:44 MainThread @decentralized_fqi_matrix.py:453]   Agent 3 progress: 90% (900/1000)
[12-16 09:58:44 MainThread @decentralized_fqi_matrix.py:486]   Agent 3 completed: avg Nash time=0.00ms
[12-16 09:58:44 MainThread @decentralized_fqi_matrix.py:379] Computing targets for agent 4/6...
[12-16 09:58:44 MainThread @decentralized_fqi_matrix.py:453]   Agent 4 progress: 10% (100/1000)
[12-16 09:58:44 MainThread @decentralized_fqi_matrix.py:453]   Agent 4 progress: 20% (200/1000)
[12-16 09:58:44 MainThread @decentralized_fqi_matrix.py:453]   Agent 4 progress: 30% (300/1000)
[12-16 09:58:44 MainThread @decentralized_fqi_matrix.py:453]   Agent 4 progress: 40% (400/1000)
[12-16 09:58:44 MainThread @decentralized_fqi_matrix.py:453]   Agent 4 progress: 50% (500/1000)
[12-16 09:58:44 MainThread @decentralized_fqi_matrix.py:453]   Agent 4 progress: 60% (600/1000)
[12-16 09:58:44 MainThread @decentralized_fqi_matrix.py:453]   Agent 4 progress: 70% (700/1000)
[12-16 09:58:44 MainThread @decentralized_fqi_matrix.py:453]   Agent 4 progress: 80% (800/1000)
[12-16 09:58:44 MainThread @decentralized_fqi_matrix.py:453]   Agent 4 progress: 90% (900/1000)
[12-16 09:58:44 MainThread @decentralized_fqi_matrix.py:486]   Agent 4 completed: avg Nash time=0.00ms
[12-16 09:58:44 MainThread @decentralized_fqi_matrix.py:379] Computing targets for agent 5/6...
[12-16 09:58:44 MainThread @decentralized_fqi_matrix.py:453]   Agent 5 progress: 10% (100/1000)
[12-16 09:58:44 MainThread @decentralized_fqi_matrix.py:453]   Agent 5 progress: 20% (200/1000)
[12-16 09:58:44 MainThread @decentralized_fqi_matrix.py:453]   Agent 5 progress: 30% (300/1000)
[12-16 09:58:44 MainThread @decentralized_fqi_matrix.py:453]   Agent 5 progress: 40% (400/1000)
[12-16 09:58:44 MainThread @decentralized_fqi_matrix.py:453]   Agent 5 progress: 50% (500/1000)
[12-16 09:58:44 MainThread @decentralized_fqi_matrix.py:453]   Agent 5 progress: 60% (600/1000)
[12-16 09:58:44 MainThread @decentralized_fqi_matrix.py:453]   Agent 5 progress: 70% (700/1000)
[12-16 09:58:44 MainThread @decentralized_fqi_matrix.py:453]   Agent 5 progress: 80% (800/1000)
[12-16 09:58:44 MainThread @decentralized_fqi_matrix.py:453]   Agent 5 progress: 90% (900/1000)
[12-16 09:58:44 MainThread @decentralized_fqi_matrix.py:486]   Agent 5 completed: avg Nash time=0.00ms
[12-16 09:58:44 MainThread @decentralized_fqi_matrix.py:379] Computing targets for agent 6/6...
[12-16 09:58:44 MainThread @decentralized_fqi_matrix.py:453]   Agent 6 progress: 10% (100/1000)
[12-16 09:58:44 MainThread @decentralized_fqi_matrix.py:453]   Agent 6 progress: 20% (200/1000)
[12-16 09:58:44 MainThread @decentralized_fqi_matrix.py:453]   Agent 6 progress: 30% (300/1000)
[12-16 09:58:44 MainThread @decentralized_fqi_matrix.py:453]   Agent 6 progress: 40% (400/1000)
[12-16 09:58:44 MainThread @decentralized_fqi_matrix.py:453]   Agent 6 progress: 50% (500/1000)
[12-16 09:58:44 MainThread @decentralized_fqi_matrix.py:453]   Agent 6 progress: 60% (600/1000)
[12-16 09:58:44 MainThread @decentralized_fqi_matrix.py:453]   Agent 6 progress: 70% (700/1000)
[12-16 09:58:44 MainThread @decentralized_fqi_matrix.py:453]   Agent 6 progress: 80% (800/1000)
[12-16 09:58:44 MainThread @decentralized_fqi_matrix.py:453]   Agent 6 progress: 90% (900/1000)
[12-16 09:58:44 MainThread @decentralized_fqi_matrix.py:486]   Agent 6 completed: avg Nash time=0.00ms
[12-16 09:58:44 MainThread @decentralized_fqi_matrix.py:389] Mean Nash solving time: 0.0000s
[12-16 09:58:44 MainThread @decentralized_fqi_matrix.py:393] Nash cache: 0.0% hit rate (0 hits, 21 misses, 21 cached)
[12-16 09:58:44 MainThread @decentralized_fqi_matrix.py:398] Solving (4) by DIGing decentralized optimization...
[12-16 09:58:46 MainThread @decentralized_fqi_matrix.py:417] Iteration 78 completed: loss=0.4589, td_error=0.5354, consensus_error=0.002485
[12-16 09:58:46 MainThread @decentralized_fqi_matrix.py:573]   [收敛检测] Loss趋势: -0.0009, 波动std: 0.0003
[12-16 09:58:46 MainThread @decentralized_fqi_matrix.py:581]   ✓ Loss已稳定(std=0.0003), 可能已收敛
[12-16 09:58:46 MainThread @decentralized_fqi_matrix.py:369] 
=== Fitted Q-Iteration 79/100 ===
[12-16 09:58:46 MainThread @decentralized_fqi_matrix.py:379] Computing targets for agent 1/6...
[12-16 09:58:46 MainThread @decentralized_fqi_matrix.py:453]   Agent 1 progress: 10% (100/1000)
[12-16 09:58:46 MainThread @decentralized_fqi_matrix.py:453]   Agent 1 progress: 20% (200/1000)
[12-16 09:58:46 MainThread @decentralized_fqi_matrix.py:453]   Agent 1 progress: 30% (300/1000)
[12-16 09:58:46 MainThread @decentralized_fqi_matrix.py:453]   Agent 1 progress: 40% (400/1000)
[12-16 09:58:46 MainThread @decentralized_fqi_matrix.py:453]   Agent 1 progress: 50% (500/1000)
[12-16 09:58:46 MainThread @decentralized_fqi_matrix.py:453]   Agent 1 progress: 60% (600/1000)
[12-16 09:58:46 MainThread @decentralized_fqi_matrix.py:453]   Agent 1 progress: 70% (700/1000)
[12-16 09:58:46 MainThread @decentralized_fqi_matrix.py:453]   Agent 1 progress: 80% (800/1000)
[12-16 09:58:46 MainThread @decentralized_fqi_matrix.py:453]   Agent 1 progress: 90% (900/1000)
[12-16 09:58:46 MainThread @decentralized_fqi_matrix.py:486]   Agent 1 completed: avg Nash time=0.00ms
[12-16 09:58:46 MainThread @decentralized_fqi_matrix.py:379] Computing targets for agent 2/6...
[12-16 09:58:46 MainThread @decentralized_fqi_matrix.py:453]   Agent 2 progress: 10% (100/1000)
[12-16 09:58:46 MainThread @decentralized_fqi_matrix.py:453]   Agent 2 progress: 20% (200/1000)
[12-16 09:58:46 MainThread @decentralized_fqi_matrix.py:453]   Agent 2 progress: 30% (300/1000)
[12-16 09:58:46 MainThread @decentralized_fqi_matrix.py:453]   Agent 2 progress: 40% (400/1000)
[12-16 09:58:46 MainThread @decentralized_fqi_matrix.py:453]   Agent 2 progress: 50% (500/1000)
[12-16 09:58:46 MainThread @decentralized_fqi_matrix.py:453]   Agent 2 progress: 60% (600/1000)
[12-16 09:58:46 MainThread @decentralized_fqi_matrix.py:453]   Agent 2 progress: 70% (700/1000)
[12-16 09:58:46 MainThread @decentralized_fqi_matrix.py:453]   Agent 2 progress: 80% (800/1000)
[12-16 09:58:46 MainThread @decentralized_fqi_matrix.py:453]   Agent 2 progress: 90% (900/1000)
[12-16 09:58:46 MainThread @decentralized_fqi_matrix.py:486]   Agent 2 completed: avg Nash time=0.00ms
[12-16 09:58:46 MainThread @decentralized_fqi_matrix.py:379] Computing targets for agent 3/6...
[12-16 09:58:46 MainThread @decentralized_fqi_matrix.py:453]   Agent 3 progress: 10% (100/1000)
[12-16 09:58:46 MainThread @decentralized_fqi_matrix.py:453]   Agent 3 progress: 20% (200/1000)
[12-16 09:58:46 MainThread @decentralized_fqi_matrix.py:453]   Agent 3 progress: 30% (300/1000)
[12-16 09:58:46 MainThread @decentralized_fqi_matrix.py:453]   Agent 3 progress: 40% (400/1000)
[12-16 09:58:46 MainThread @decentralized_fqi_matrix.py:453]   Agent 3 progress: 50% (500/1000)
[12-16 09:58:46 MainThread @decentralized_fqi_matrix.py:453]   Agent 3 progress: 60% (600/1000)
[12-16 09:58:46 MainThread @decentralized_fqi_matrix.py:453]   Agent 3 progress: 70% (700/1000)
[12-16 09:58:46 MainThread @decentralized_fqi_matrix.py:453]   Agent 3 progress: 80% (800/1000)
[12-16 09:58:46 MainThread @decentralized_fqi_matrix.py:453]   Agent 3 progress: 90% (900/1000)
[12-16 09:58:46 MainThread @decentralized_fqi_matrix.py:486]   Agent 3 completed: avg Nash time=0.00ms
[12-16 09:58:46 MainThread @decentralized_fqi_matrix.py:379] Computing targets for agent 4/6...
[12-16 09:58:46 MainThread @decentralized_fqi_matrix.py:453]   Agent 4 progress: 10% (100/1000)
[12-16 09:58:46 MainThread @decentralized_fqi_matrix.py:453]   Agent 4 progress: 20% (200/1000)
[12-16 09:58:46 MainThread @decentralized_fqi_matrix.py:453]   Agent 4 progress: 30% (300/1000)
[12-16 09:58:46 MainThread @decentralized_fqi_matrix.py:453]   Agent 4 progress: 40% (400/1000)
[12-16 09:58:46 MainThread @decentralized_fqi_matrix.py:453]   Agent 4 progress: 50% (500/1000)
[12-16 09:58:46 MainThread @decentralized_fqi_matrix.py:453]   Agent 4 progress: 60% (600/1000)
[12-16 09:58:46 MainThread @decentralized_fqi_matrix.py:453]   Agent 4 progress: 70% (700/1000)
[12-16 09:58:46 MainThread @decentralized_fqi_matrix.py:453]   Agent 4 progress: 80% (800/1000)
[12-16 09:58:46 MainThread @decentralized_fqi_matrix.py:453]   Agent 4 progress: 90% (900/1000)
[12-16 09:58:46 MainThread @decentralized_fqi_matrix.py:486]   Agent 4 completed: avg Nash time=0.00ms
[12-16 09:58:46 MainThread @decentralized_fqi_matrix.py:379] Computing targets for agent 5/6...
[12-16 09:58:46 MainThread @decentralized_fqi_matrix.py:453]   Agent 5 progress: 10% (100/1000)
[12-16 09:58:46 MainThread @decentralized_fqi_matrix.py:453]   Agent 5 progress: 20% (200/1000)
[12-16 09:58:46 MainThread @decentralized_fqi_matrix.py:453]   Agent 5 progress: 30% (300/1000)
[12-16 09:58:46 MainThread @decentralized_fqi_matrix.py:453]   Agent 5 progress: 40% (400/1000)
[12-16 09:58:46 MainThread @decentralized_fqi_matrix.py:453]   Agent 5 progress: 50% (500/1000)
[12-16 09:58:46 MainThread @decentralized_fqi_matrix.py:453]   Agent 5 progress: 60% (600/1000)
[12-16 09:58:46 MainThread @decentralized_fqi_matrix.py:453]   Agent 5 progress: 70% (700/1000)
[12-16 09:58:46 MainThread @decentralized_fqi_matrix.py:453]   Agent 5 progress: 80% (800/1000)
[12-16 09:58:46 MainThread @decentralized_fqi_matrix.py:453]   Agent 5 progress: 90% (900/1000)
[12-16 09:58:46 MainThread @decentralized_fqi_matrix.py:486]   Agent 5 completed: avg Nash time=0.00ms
[12-16 09:58:46 MainThread @decentralized_fqi_matrix.py:379] Computing targets for agent 6/6...
[12-16 09:58:46 MainThread @decentralized_fqi_matrix.py:453]   Agent 6 progress: 10% (100/1000)
[12-16 09:58:46 MainThread @decentralized_fqi_matrix.py:453]   Agent 6 progress: 20% (200/1000)
[12-16 09:58:46 MainThread @decentralized_fqi_matrix.py:453]   Agent 6 progress: 30% (300/1000)
[12-16 09:58:46 MainThread @decentralized_fqi_matrix.py:453]   Agent 6 progress: 40% (400/1000)
[12-16 09:58:46 MainThread @decentralized_fqi_matrix.py:453]   Agent 6 progress: 50% (500/1000)
[12-16 09:58:46 MainThread @decentralized_fqi_matrix.py:453]   Agent 6 progress: 60% (600/1000)
[12-16 09:58:46 MainThread @decentralized_fqi_matrix.py:453]   Agent 6 progress: 70% (700/1000)
[12-16 09:58:46 MainThread @decentralized_fqi_matrix.py:453]   Agent 6 progress: 80% (800/1000)
[12-16 09:58:46 MainThread @decentralized_fqi_matrix.py:453]   Agent 6 progress: 90% (900/1000)
[12-16 09:58:46 MainThread @decentralized_fqi_matrix.py:486]   Agent 6 completed: avg Nash time=0.00ms
[12-16 09:58:46 MainThread @decentralized_fqi_matrix.py:389] Mean Nash solving time: 0.0000s
[12-16 09:58:46 MainThread @decentralized_fqi_matrix.py:393] Nash cache: 0.0% hit rate (0 hits, 21 misses, 21 cached)
[12-16 09:58:46 MainThread @decentralized_fqi_matrix.py:398] Solving (4) by DIGing decentralized optimization...
[12-16 09:58:48 MainThread @decentralized_fqi_matrix.py:417] Iteration 79 completed: loss=0.4580, td_error=0.5345, consensus_error=0.001247
[12-16 09:58:48 MainThread @decentralized_fqi_matrix.py:573]   [收敛检测] Loss趋势: +0.0002, 波动std: 0.0003
[12-16 09:58:48 MainThread @decentralized_fqi_matrix.py:581]   ✓ Loss已稳定(std=0.0003), 可能已收敛
[12-16 09:58:48 MainThread @decentralized_fqi_matrix.py:369] 
=== Fitted Q-Iteration 80/100 ===
[12-16 09:58:48 MainThread @decentralized_fqi_matrix.py:379] Computing targets for agent 1/6...
[12-16 09:58:48 MainThread @decentralized_fqi_matrix.py:453]   Agent 1 progress: 10% (100/1000)
[12-16 09:58:48 MainThread @decentralized_fqi_matrix.py:453]   Agent 1 progress: 20% (200/1000)
[12-16 09:58:48 MainThread @decentralized_fqi_matrix.py:453]   Agent 1 progress: 30% (300/1000)
[12-16 09:58:48 MainThread @decentralized_fqi_matrix.py:453]   Agent 1 progress: 40% (400/1000)
[12-16 09:58:48 MainThread @decentralized_fqi_matrix.py:453]   Agent 1 progress: 50% (500/1000)
[12-16 09:58:48 MainThread @decentralized_fqi_matrix.py:453]   Agent 1 progress: 60% (600/1000)
[12-16 09:58:48 MainThread @decentralized_fqi_matrix.py:453]   Agent 1 progress: 70% (700/1000)
[12-16 09:58:48 MainThread @decentralized_fqi_matrix.py:453]   Agent 1 progress: 80% (800/1000)
[12-16 09:58:48 MainThread @decentralized_fqi_matrix.py:453]   Agent 1 progress: 90% (900/1000)
[12-16 09:58:48 MainThread @decentralized_fqi_matrix.py:486]   Agent 1 completed: avg Nash time=0.00ms
[12-16 09:58:48 MainThread @decentralized_fqi_matrix.py:379] Computing targets for agent 2/6...
[12-16 09:58:48 MainThread @decentralized_fqi_matrix.py:453]   Agent 2 progress: 10% (100/1000)
[12-16 09:58:48 MainThread @decentralized_fqi_matrix.py:453]   Agent 2 progress: 20% (200/1000)
[12-16 09:58:48 MainThread @decentralized_fqi_matrix.py:453]   Agent 2 progress: 30% (300/1000)
[12-16 09:58:48 MainThread @decentralized_fqi_matrix.py:453]   Agent 2 progress: 40% (400/1000)
[12-16 09:58:48 MainThread @decentralized_fqi_matrix.py:453]   Agent 2 progress: 50% (500/1000)
[12-16 09:58:48 MainThread @decentralized_fqi_matrix.py:453]   Agent 2 progress: 60% (600/1000)
[12-16 09:58:48 MainThread @decentralized_fqi_matrix.py:453]   Agent 2 progress: 70% (700/1000)
[12-16 09:58:48 MainThread @decentralized_fqi_matrix.py:453]   Agent 2 progress: 80% (800/1000)
[12-16 09:58:48 MainThread @decentralized_fqi_matrix.py:453]   Agent 2 progress: 90% (900/1000)
[12-16 09:58:48 MainThread @decentralized_fqi_matrix.py:486]   Agent 2 completed: avg Nash time=0.00ms
[12-16 09:58:48 MainThread @decentralized_fqi_matrix.py:379] Computing targets for agent 3/6...
[12-16 09:58:48 MainThread @decentralized_fqi_matrix.py:453]   Agent 3 progress: 10% (100/1000)
[12-16 09:58:48 MainThread @decentralized_fqi_matrix.py:453]   Agent 3 progress: 20% (200/1000)
[12-16 09:58:48 MainThread @decentralized_fqi_matrix.py:453]   Agent 3 progress: 30% (300/1000)
[12-16 09:58:48 MainThread @decentralized_fqi_matrix.py:453]   Agent 3 progress: 40% (400/1000)
[12-16 09:58:48 MainThread @decentralized_fqi_matrix.py:453]   Agent 3 progress: 50% (500/1000)
[12-16 09:58:48 MainThread @decentralized_fqi_matrix.py:453]   Agent 3 progress: 60% (600/1000)
[12-16 09:58:48 MainThread @decentralized_fqi_matrix.py:453]   Agent 3 progress: 70% (700/1000)
[12-16 09:58:48 MainThread @decentralized_fqi_matrix.py:453]   Agent 3 progress: 80% (800/1000)
[12-16 09:58:48 MainThread @decentralized_fqi_matrix.py:453]   Agent 3 progress: 90% (900/1000)
[12-16 09:58:48 MainThread @decentralized_fqi_matrix.py:486]   Agent 3 completed: avg Nash time=0.00ms
[12-16 09:58:48 MainThread @decentralized_fqi_matrix.py:379] Computing targets for agent 4/6...
[12-16 09:58:48 MainThread @decentralized_fqi_matrix.py:453]   Agent 4 progress: 10% (100/1000)
[12-16 09:58:48 MainThread @decentralized_fqi_matrix.py:453]   Agent 4 progress: 20% (200/1000)
[12-16 09:58:48 MainThread @decentralized_fqi_matrix.py:453]   Agent 4 progress: 30% (300/1000)
[12-16 09:58:48 MainThread @decentralized_fqi_matrix.py:453]   Agent 4 progress: 40% (400/1000)
[12-16 09:58:48 MainThread @decentralized_fqi_matrix.py:453]   Agent 4 progress: 50% (500/1000)
[12-16 09:58:48 MainThread @decentralized_fqi_matrix.py:453]   Agent 4 progress: 60% (600/1000)
[12-16 09:58:48 MainThread @decentralized_fqi_matrix.py:453]   Agent 4 progress: 70% (700/1000)
[12-16 09:58:48 MainThread @decentralized_fqi_matrix.py:453]   Agent 4 progress: 80% (800/1000)
[12-16 09:58:48 MainThread @decentralized_fqi_matrix.py:453]   Agent 4 progress: 90% (900/1000)
[12-16 09:58:48 MainThread @decentralized_fqi_matrix.py:486]   Agent 4 completed: avg Nash time=0.00ms
[12-16 09:58:48 MainThread @decentralized_fqi_matrix.py:379] Computing targets for agent 5/6...
[12-16 09:58:48 MainThread @decentralized_fqi_matrix.py:453]   Agent 5 progress: 10% (100/1000)
[12-16 09:58:48 MainThread @decentralized_fqi_matrix.py:453]   Agent 5 progress: 20% (200/1000)
[12-16 09:58:48 MainThread @decentralized_fqi_matrix.py:453]   Agent 5 progress: 30% (300/1000)
[12-16 09:58:48 MainThread @decentralized_fqi_matrix.py:453]   Agent 5 progress: 40% (400/1000)
[12-16 09:58:48 MainThread @decentralized_fqi_matrix.py:453]   Agent 5 progress: 50% (500/1000)
[12-16 09:58:48 MainThread @decentralized_fqi_matrix.py:453]   Agent 5 progress: 60% (600/1000)
[12-16 09:58:48 MainThread @decentralized_fqi_matrix.py:453]   Agent 5 progress: 70% (700/1000)
[12-16 09:58:48 MainThread @decentralized_fqi_matrix.py:453]   Agent 5 progress: 80% (800/1000)
[12-16 09:58:48 MainThread @decentralized_fqi_matrix.py:453]   Agent 5 progress: 90% (900/1000)
[12-16 09:58:48 MainThread @decentralized_fqi_matrix.py:486]   Agent 5 completed: avg Nash time=0.00ms
[12-16 09:58:48 MainThread @decentralized_fqi_matrix.py:379] Computing targets for agent 6/6...
[12-16 09:58:48 MainThread @decentralized_fqi_matrix.py:453]   Agent 6 progress: 10% (100/1000)
[12-16 09:58:48 MainThread @decentralized_fqi_matrix.py:453]   Agent 6 progress: 20% (200/1000)
[12-16 09:58:48 MainThread @decentralized_fqi_matrix.py:453]   Agent 6 progress: 30% (300/1000)
[12-16 09:58:48 MainThread @decentralized_fqi_matrix.py:453]   Agent 6 progress: 40% (400/1000)
[12-16 09:58:48 MainThread @decentralized_fqi_matrix.py:453]   Agent 6 progress: 50% (500/1000)
[12-16 09:58:48 MainThread @decentralized_fqi_matrix.py:453]   Agent 6 progress: 60% (600/1000)
[12-16 09:58:48 MainThread @decentralized_fqi_matrix.py:453]   Agent 6 progress: 70% (700/1000)
[12-16 09:58:48 MainThread @decentralized_fqi_matrix.py:453]   Agent 6 progress: 80% (800/1000)
[12-16 09:58:48 MainThread @decentralized_fqi_matrix.py:453]   Agent 6 progress: 90% (900/1000)
[12-16 09:58:48 MainThread @decentralized_fqi_matrix.py:486]   Agent 6 completed: avg Nash time=0.00ms
[12-16 09:58:48 MainThread @decentralized_fqi_matrix.py:389] Mean Nash solving time: 0.0000s
[12-16 09:58:48 MainThread @decentralized_fqi_matrix.py:393] Nash cache: 0.0% hit rate (0 hits, 21 misses, 21 cached)
[12-16 09:58:48 MainThread @decentralized_fqi_matrix.py:398] Solving (4) by DIGing decentralized optimization...
[12-16 09:58:50 MainThread @decentralized_fqi_matrix.py:417] Iteration 80 completed: loss=0.4579, td_error=0.5343, consensus_error=0.004154
[12-16 09:58:50 MainThread @decentralized_fqi_matrix.py:573]   [收敛检测] Loss趋势: +0.0004, 波动std: 0.0003
[12-16 09:58:50 MainThread @decentralized_fqi_matrix.py:581]   ✓ Loss已稳定(std=0.0003), 可能已收敛
[12-16 09:58:50 MainThread @train_matrix.py:293] 
=== Evaluation at Iteration 80 ===
[12-16 09:58:50 MainThread @train_matrix.py:294]   Nash distance: 0.816497
[12-16 09:58:50 MainThread @train_matrix.py:295]   Learned Nash value: 0.0963 (True: -0.0000)
[12-16 09:58:50 MainThread @train_matrix.py:297]   Value error: 0.096350

[12-16 09:58:50 MainThread @decentralized_fqi_matrix.py:626] Models saved to ./matrix_models/train_20251216_095616
[12-16 09:58:50 MainThread @decentralized_fqi_matrix.py:369] 
=== Fitted Q-Iteration 81/100 ===
[12-16 09:58:50 MainThread @decentralized_fqi_matrix.py:379] Computing targets for agent 1/6...
[12-16 09:58:50 MainThread @decentralized_fqi_matrix.py:453]   Agent 1 progress: 10% (100/1000)
[12-16 09:58:50 MainThread @decentralized_fqi_matrix.py:453]   Agent 1 progress: 20% (200/1000)
[12-16 09:58:50 MainThread @decentralized_fqi_matrix.py:453]   Agent 1 progress: 30% (300/1000)
[12-16 09:58:50 MainThread @decentralized_fqi_matrix.py:453]   Agent 1 progress: 40% (400/1000)
[12-16 09:58:50 MainThread @decentralized_fqi_matrix.py:453]   Agent 1 progress: 50% (500/1000)
[12-16 09:58:50 MainThread @decentralized_fqi_matrix.py:453]   Agent 1 progress: 60% (600/1000)
[12-16 09:58:50 MainThread @decentralized_fqi_matrix.py:453]   Agent 1 progress: 70% (700/1000)
[12-16 09:58:50 MainThread @decentralized_fqi_matrix.py:453]   Agent 1 progress: 80% (800/1000)
[12-16 09:58:50 MainThread @decentralized_fqi_matrix.py:453]   Agent 1 progress: 90% (900/1000)
[12-16 09:58:50 MainThread @decentralized_fqi_matrix.py:486]   Agent 1 completed: avg Nash time=0.00ms
[12-16 09:58:50 MainThread @decentralized_fqi_matrix.py:379] Computing targets for agent 2/6...
[12-16 09:58:50 MainThread @decentralized_fqi_matrix.py:453]   Agent 2 progress: 10% (100/1000)
[12-16 09:58:50 MainThread @decentralized_fqi_matrix.py:453]   Agent 2 progress: 20% (200/1000)
[12-16 09:58:50 MainThread @decentralized_fqi_matrix.py:453]   Agent 2 progress: 30% (300/1000)
[12-16 09:58:50 MainThread @decentralized_fqi_matrix.py:453]   Agent 2 progress: 40% (400/1000)
[12-16 09:58:50 MainThread @decentralized_fqi_matrix.py:453]   Agent 2 progress: 50% (500/1000)
[12-16 09:58:50 MainThread @decentralized_fqi_matrix.py:453]   Agent 2 progress: 60% (600/1000)
[12-16 09:58:50 MainThread @decentralized_fqi_matrix.py:453]   Agent 2 progress: 70% (700/1000)
[12-16 09:58:50 MainThread @decentralized_fqi_matrix.py:453]   Agent 2 progress: 80% (800/1000)
[12-16 09:58:50 MainThread @decentralized_fqi_matrix.py:453]   Agent 2 progress: 90% (900/1000)
[12-16 09:58:50 MainThread @decentralized_fqi_matrix.py:486]   Agent 2 completed: avg Nash time=0.00ms
[12-16 09:58:50 MainThread @decentralized_fqi_matrix.py:379] Computing targets for agent 3/6...
[12-16 09:58:50 MainThread @decentralized_fqi_matrix.py:453]   Agent 3 progress: 10% (100/1000)
[12-16 09:58:50 MainThread @decentralized_fqi_matrix.py:453]   Agent 3 progress: 20% (200/1000)
[12-16 09:58:50 MainThread @decentralized_fqi_matrix.py:453]   Agent 3 progress: 30% (300/1000)
[12-16 09:58:50 MainThread @decentralized_fqi_matrix.py:453]   Agent 3 progress: 40% (400/1000)
[12-16 09:58:50 MainThread @decentralized_fqi_matrix.py:453]   Agent 3 progress: 50% (500/1000)
[12-16 09:58:50 MainThread @decentralized_fqi_matrix.py:453]   Agent 3 progress: 60% (600/1000)
[12-16 09:58:50 MainThread @decentralized_fqi_matrix.py:453]   Agent 3 progress: 70% (700/1000)
[12-16 09:58:50 MainThread @decentralized_fqi_matrix.py:453]   Agent 3 progress: 80% (800/1000)
[12-16 09:58:50 MainThread @decentralized_fqi_matrix.py:453]   Agent 3 progress: 90% (900/1000)
[12-16 09:58:50 MainThread @decentralized_fqi_matrix.py:486]   Agent 3 completed: avg Nash time=0.00ms
[12-16 09:58:50 MainThread @decentralized_fqi_matrix.py:379] Computing targets for agent 4/6...
[12-16 09:58:50 MainThread @decentralized_fqi_matrix.py:453]   Agent 4 progress: 10% (100/1000)
[12-16 09:58:50 MainThread @decentralized_fqi_matrix.py:453]   Agent 4 progress: 20% (200/1000)
[12-16 09:58:50 MainThread @decentralized_fqi_matrix.py:453]   Agent 4 progress: 30% (300/1000)
[12-16 09:58:50 MainThread @decentralized_fqi_matrix.py:453]   Agent 4 progress: 40% (400/1000)
[12-16 09:58:50 MainThread @decentralized_fqi_matrix.py:453]   Agent 4 progress: 50% (500/1000)
[12-16 09:58:50 MainThread @decentralized_fqi_matrix.py:453]   Agent 4 progress: 60% (600/1000)
[12-16 09:58:50 MainThread @decentralized_fqi_matrix.py:453]   Agent 4 progress: 70% (700/1000)
[12-16 09:58:50 MainThread @decentralized_fqi_matrix.py:453]   Agent 4 progress: 80% (800/1000)
[12-16 09:58:50 MainThread @decentralized_fqi_matrix.py:453]   Agent 4 progress: 90% (900/1000)
[12-16 09:58:50 MainThread @decentralized_fqi_matrix.py:486]   Agent 4 completed: avg Nash time=0.00ms
[12-16 09:58:50 MainThread @decentralized_fqi_matrix.py:379] Computing targets for agent 5/6...
[12-16 09:58:50 MainThread @decentralized_fqi_matrix.py:453]   Agent 5 progress: 10% (100/1000)
[12-16 09:58:50 MainThread @decentralized_fqi_matrix.py:453]   Agent 5 progress: 20% (200/1000)
[12-16 09:58:50 MainThread @decentralized_fqi_matrix.py:453]   Agent 5 progress: 30% (300/1000)
[12-16 09:58:50 MainThread @decentralized_fqi_matrix.py:453]   Agent 5 progress: 40% (400/1000)
[12-16 09:58:50 MainThread @decentralized_fqi_matrix.py:453]   Agent 5 progress: 50% (500/1000)
[12-16 09:58:50 MainThread @decentralized_fqi_matrix.py:453]   Agent 5 progress: 60% (600/1000)
[12-16 09:58:50 MainThread @decentralized_fqi_matrix.py:453]   Agent 5 progress: 70% (700/1000)
[12-16 09:58:50 MainThread @decentralized_fqi_matrix.py:453]   Agent 5 progress: 80% (800/1000)
[12-16 09:58:50 MainThread @decentralized_fqi_matrix.py:453]   Agent 5 progress: 90% (900/1000)
[12-16 09:58:50 MainThread @decentralized_fqi_matrix.py:486]   Agent 5 completed: avg Nash time=0.00ms
[12-16 09:58:50 MainThread @decentralized_fqi_matrix.py:379] Computing targets for agent 6/6...
[12-16 09:58:50 MainThread @decentralized_fqi_matrix.py:453]   Agent 6 progress: 10% (100/1000)
[12-16 09:58:50 MainThread @decentralized_fqi_matrix.py:453]   Agent 6 progress: 20% (200/1000)
[12-16 09:58:50 MainThread @decentralized_fqi_matrix.py:453]   Agent 6 progress: 30% (300/1000)
[12-16 09:58:50 MainThread @decentralized_fqi_matrix.py:453]   Agent 6 progress: 40% (400/1000)
[12-16 09:58:50 MainThread @decentralized_fqi_matrix.py:453]   Agent 6 progress: 50% (500/1000)
[12-16 09:58:50 MainThread @decentralized_fqi_matrix.py:453]   Agent 6 progress: 60% (600/1000)
[12-16 09:58:50 MainThread @decentralized_fqi_matrix.py:453]   Agent 6 progress: 70% (700/1000)
[12-16 09:58:50 MainThread @decentralized_fqi_matrix.py:453]   Agent 6 progress: 80% (800/1000)
[12-16 09:58:50 MainThread @decentralized_fqi_matrix.py:453]   Agent 6 progress: 90% (900/1000)
[12-16 09:58:50 MainThread @decentralized_fqi_matrix.py:486]   Agent 6 completed: avg Nash time=0.00ms
[12-16 09:58:50 MainThread @decentralized_fqi_matrix.py:389] Mean Nash solving time: 0.0000s
[12-16 09:58:50 MainThread @decentralized_fqi_matrix.py:393] Nash cache: 0.0% hit rate (0 hits, 24 misses, 24 cached)
[12-16 09:58:50 MainThread @decentralized_fqi_matrix.py:398] Solving (4) by DIGing decentralized optimization...
[12-16 09:58:52 MainThread @decentralized_fqi_matrix.py:417] Iteration 81 completed: loss=0.4582, td_error=0.5346, consensus_error=0.002007
[12-16 09:58:52 MainThread @decentralized_fqi_matrix.py:573]   [收敛检测] Loss趋势: -0.0001, 波动std: 0.0003
[12-16 09:58:52 MainThread @decentralized_fqi_matrix.py:581]   ✓ Loss已稳定(std=0.0003), 可能已收敛
[12-16 09:58:52 MainThread @decentralized_fqi_matrix.py:369] 
=== Fitted Q-Iteration 82/100 ===
[12-16 09:58:52 MainThread @decentralized_fqi_matrix.py:379] Computing targets for agent 1/6...
[12-16 09:58:52 MainThread @decentralized_fqi_matrix.py:453]   Agent 1 progress: 10% (100/1000)
[12-16 09:58:52 MainThread @decentralized_fqi_matrix.py:453]   Agent 1 progress: 20% (200/1000)
[12-16 09:58:52 MainThread @decentralized_fqi_matrix.py:453]   Agent 1 progress: 30% (300/1000)
[12-16 09:58:52 MainThread @decentralized_fqi_matrix.py:453]   Agent 1 progress: 40% (400/1000)
[12-16 09:58:52 MainThread @decentralized_fqi_matrix.py:453]   Agent 1 progress: 50% (500/1000)
[12-16 09:58:52 MainThread @decentralized_fqi_matrix.py:453]   Agent 1 progress: 60% (600/1000)
[12-16 09:58:52 MainThread @decentralized_fqi_matrix.py:453]   Agent 1 progress: 70% (700/1000)
[12-16 09:58:52 MainThread @decentralized_fqi_matrix.py:453]   Agent 1 progress: 80% (800/1000)
[12-16 09:58:52 MainThread @decentralized_fqi_matrix.py:453]   Agent 1 progress: 90% (900/1000)
[12-16 09:58:52 MainThread @decentralized_fqi_matrix.py:486]   Agent 1 completed: avg Nash time=0.00ms
[12-16 09:58:52 MainThread @decentralized_fqi_matrix.py:379] Computing targets for agent 2/6...
[12-16 09:58:52 MainThread @decentralized_fqi_matrix.py:453]   Agent 2 progress: 10% (100/1000)
[12-16 09:58:52 MainThread @decentralized_fqi_matrix.py:453]   Agent 2 progress: 20% (200/1000)
[12-16 09:58:52 MainThread @decentralized_fqi_matrix.py:453]   Agent 2 progress: 30% (300/1000)
[12-16 09:58:52 MainThread @decentralized_fqi_matrix.py:453]   Agent 2 progress: 40% (400/1000)
[12-16 09:58:52 MainThread @decentralized_fqi_matrix.py:453]   Agent 2 progress: 50% (500/1000)
[12-16 09:58:52 MainThread @decentralized_fqi_matrix.py:453]   Agent 2 progress: 60% (600/1000)
[12-16 09:58:52 MainThread @decentralized_fqi_matrix.py:453]   Agent 2 progress: 70% (700/1000)
[12-16 09:58:52 MainThread @decentralized_fqi_matrix.py:453]   Agent 2 progress: 80% (800/1000)
[12-16 09:58:52 MainThread @decentralized_fqi_matrix.py:453]   Agent 2 progress: 90% (900/1000)
[12-16 09:58:52 MainThread @decentralized_fqi_matrix.py:486]   Agent 2 completed: avg Nash time=0.00ms
[12-16 09:58:52 MainThread @decentralized_fqi_matrix.py:379] Computing targets for agent 3/6...
[12-16 09:58:52 MainThread @decentralized_fqi_matrix.py:453]   Agent 3 progress: 10% (100/1000)
[12-16 09:58:52 MainThread @decentralized_fqi_matrix.py:453]   Agent 3 progress: 20% (200/1000)
[12-16 09:58:52 MainThread @decentralized_fqi_matrix.py:453]   Agent 3 progress: 30% (300/1000)
[12-16 09:58:52 MainThread @decentralized_fqi_matrix.py:453]   Agent 3 progress: 40% (400/1000)
[12-16 09:58:52 MainThread @decentralized_fqi_matrix.py:453]   Agent 3 progress: 50% (500/1000)
[12-16 09:58:52 MainThread @decentralized_fqi_matrix.py:453]   Agent 3 progress: 60% (600/1000)
[12-16 09:58:52 MainThread @decentralized_fqi_matrix.py:453]   Agent 3 progress: 70% (700/1000)
[12-16 09:58:52 MainThread @decentralized_fqi_matrix.py:453]   Agent 3 progress: 80% (800/1000)
[12-16 09:58:52 MainThread @decentralized_fqi_matrix.py:453]   Agent 3 progress: 90% (900/1000)
[12-16 09:58:52 MainThread @decentralized_fqi_matrix.py:486]   Agent 3 completed: avg Nash time=0.00ms
[12-16 09:58:52 MainThread @decentralized_fqi_matrix.py:379] Computing targets for agent 4/6...
[12-16 09:58:52 MainThread @decentralized_fqi_matrix.py:453]   Agent 4 progress: 10% (100/1000)
[12-16 09:58:52 MainThread @decentralized_fqi_matrix.py:453]   Agent 4 progress: 20% (200/1000)
[12-16 09:58:52 MainThread @decentralized_fqi_matrix.py:453]   Agent 4 progress: 30% (300/1000)
[12-16 09:58:52 MainThread @decentralized_fqi_matrix.py:453]   Agent 4 progress: 40% (400/1000)
[12-16 09:58:52 MainThread @decentralized_fqi_matrix.py:453]   Agent 4 progress: 50% (500/1000)
[12-16 09:58:52 MainThread @decentralized_fqi_matrix.py:453]   Agent 4 progress: 60% (600/1000)
[12-16 09:58:52 MainThread @decentralized_fqi_matrix.py:453]   Agent 4 progress: 70% (700/1000)
[12-16 09:58:52 MainThread @decentralized_fqi_matrix.py:453]   Agent 4 progress: 80% (800/1000)
[12-16 09:58:52 MainThread @decentralized_fqi_matrix.py:453]   Agent 4 progress: 90% (900/1000)
[12-16 09:58:52 MainThread @decentralized_fqi_matrix.py:486]   Agent 4 completed: avg Nash time=0.00ms
[12-16 09:58:52 MainThread @decentralized_fqi_matrix.py:379] Computing targets for agent 5/6...
[12-16 09:58:52 MainThread @decentralized_fqi_matrix.py:453]   Agent 5 progress: 10% (100/1000)
[12-16 09:58:52 MainThread @decentralized_fqi_matrix.py:453]   Agent 5 progress: 20% (200/1000)
[12-16 09:58:52 MainThread @decentralized_fqi_matrix.py:453]   Agent 5 progress: 30% (300/1000)
[12-16 09:58:52 MainThread @decentralized_fqi_matrix.py:453]   Agent 5 progress: 40% (400/1000)
[12-16 09:58:52 MainThread @decentralized_fqi_matrix.py:453]   Agent 5 progress: 50% (500/1000)
[12-16 09:58:52 MainThread @decentralized_fqi_matrix.py:453]   Agent 5 progress: 60% (600/1000)
[12-16 09:58:52 MainThread @decentralized_fqi_matrix.py:453]   Agent 5 progress: 70% (700/1000)
[12-16 09:58:52 MainThread @decentralized_fqi_matrix.py:453]   Agent 5 progress: 80% (800/1000)
[12-16 09:58:52 MainThread @decentralized_fqi_matrix.py:453]   Agent 5 progress: 90% (900/1000)
[12-16 09:58:52 MainThread @decentralized_fqi_matrix.py:486]   Agent 5 completed: avg Nash time=0.00ms
[12-16 09:58:52 MainThread @decentralized_fqi_matrix.py:379] Computing targets for agent 6/6...
[12-16 09:58:52 MainThread @decentralized_fqi_matrix.py:453]   Agent 6 progress: 10% (100/1000)
[12-16 09:58:52 MainThread @decentralized_fqi_matrix.py:453]   Agent 6 progress: 20% (200/1000)
[12-16 09:58:52 MainThread @decentralized_fqi_matrix.py:453]   Agent 6 progress: 30% (300/1000)
[12-16 09:58:52 MainThread @decentralized_fqi_matrix.py:453]   Agent 6 progress: 40% (400/1000)
[12-16 09:58:52 MainThread @decentralized_fqi_matrix.py:453]   Agent 6 progress: 50% (500/1000)
[12-16 09:58:52 MainThread @decentralized_fqi_matrix.py:453]   Agent 6 progress: 60% (600/1000)
[12-16 09:58:52 MainThread @decentralized_fqi_matrix.py:453]   Agent 6 progress: 70% (700/1000)
[12-16 09:58:52 MainThread @decentralized_fqi_matrix.py:453]   Agent 6 progress: 80% (800/1000)
[12-16 09:58:52 MainThread @decentralized_fqi_matrix.py:453]   Agent 6 progress: 90% (900/1000)
[12-16 09:58:52 MainThread @decentralized_fqi_matrix.py:486]   Agent 6 completed: avg Nash time=0.00ms
[12-16 09:58:52 MainThread @decentralized_fqi_matrix.py:389] Mean Nash solving time: 0.0000s
[12-16 09:58:52 MainThread @decentralized_fqi_matrix.py:393] Nash cache: 0.0% hit rate (0 hits, 24 misses, 24 cached)
[12-16 09:58:52 MainThread @decentralized_fqi_matrix.py:398] Solving (4) by DIGing decentralized optimization...
[12-16 09:58:54 MainThread @decentralized_fqi_matrix.py:417] Iteration 82 completed: loss=0.4583, td_error=0.5346, consensus_error=0.002397
[12-16 09:58:54 MainThread @decentralized_fqi_matrix.py:573]   [收敛检测] Loss趋势: +0.0006, 波动std: 0.0003
[12-16 09:58:54 MainThread @decentralized_fqi_matrix.py:581]   ✓ Loss已稳定(std=0.0003), 可能已收敛
[12-16 09:58:54 MainThread @decentralized_fqi_matrix.py:369] 
=== Fitted Q-Iteration 83/100 ===
[12-16 09:58:54 MainThread @decentralized_fqi_matrix.py:379] Computing targets for agent 1/6...
[12-16 09:58:54 MainThread @decentralized_fqi_matrix.py:453]   Agent 1 progress: 10% (100/1000)
[12-16 09:58:54 MainThread @decentralized_fqi_matrix.py:453]   Agent 1 progress: 20% (200/1000)
[12-16 09:58:54 MainThread @decentralized_fqi_matrix.py:453]   Agent 1 progress: 30% (300/1000)
[12-16 09:58:54 MainThread @decentralized_fqi_matrix.py:453]   Agent 1 progress: 40% (400/1000)
[12-16 09:58:54 MainThread @decentralized_fqi_matrix.py:453]   Agent 1 progress: 50% (500/1000)
[12-16 09:58:54 MainThread @decentralized_fqi_matrix.py:453]   Agent 1 progress: 60% (600/1000)
[12-16 09:58:54 MainThread @decentralized_fqi_matrix.py:453]   Agent 1 progress: 70% (700/1000)
[12-16 09:58:54 MainThread @decentralized_fqi_matrix.py:453]   Agent 1 progress: 80% (800/1000)
[12-16 09:58:54 MainThread @decentralized_fqi_matrix.py:453]   Agent 1 progress: 90% (900/1000)
[12-16 09:58:54 MainThread @decentralized_fqi_matrix.py:486]   Agent 1 completed: avg Nash time=0.00ms
[12-16 09:58:54 MainThread @decentralized_fqi_matrix.py:379] Computing targets for agent 2/6...
[12-16 09:58:54 MainThread @decentralized_fqi_matrix.py:453]   Agent 2 progress: 10% (100/1000)
[12-16 09:58:54 MainThread @decentralized_fqi_matrix.py:453]   Agent 2 progress: 20% (200/1000)
[12-16 09:58:54 MainThread @decentralized_fqi_matrix.py:453]   Agent 2 progress: 30% (300/1000)
[12-16 09:58:54 MainThread @decentralized_fqi_matrix.py:453]   Agent 2 progress: 40% (400/1000)
[12-16 09:58:54 MainThread @decentralized_fqi_matrix.py:453]   Agent 2 progress: 50% (500/1000)
[12-16 09:58:54 MainThread @decentralized_fqi_matrix.py:453]   Agent 2 progress: 60% (600/1000)
[12-16 09:58:54 MainThread @decentralized_fqi_matrix.py:453]   Agent 2 progress: 70% (700/1000)
[12-16 09:58:54 MainThread @decentralized_fqi_matrix.py:453]   Agent 2 progress: 80% (800/1000)
[12-16 09:58:54 MainThread @decentralized_fqi_matrix.py:453]   Agent 2 progress: 90% (900/1000)
[12-16 09:58:54 MainThread @decentralized_fqi_matrix.py:486]   Agent 2 completed: avg Nash time=0.00ms
[12-16 09:58:54 MainThread @decentralized_fqi_matrix.py:379] Computing targets for agent 3/6...
[12-16 09:58:54 MainThread @decentralized_fqi_matrix.py:453]   Agent 3 progress: 10% (100/1000)
[12-16 09:58:54 MainThread @decentralized_fqi_matrix.py:453]   Agent 3 progress: 20% (200/1000)
[12-16 09:58:54 MainThread @decentralized_fqi_matrix.py:453]   Agent 3 progress: 30% (300/1000)
[12-16 09:58:54 MainThread @decentralized_fqi_matrix.py:453]   Agent 3 progress: 40% (400/1000)
[12-16 09:58:54 MainThread @decentralized_fqi_matrix.py:453]   Agent 3 progress: 50% (500/1000)
[12-16 09:58:54 MainThread @decentralized_fqi_matrix.py:453]   Agent 3 progress: 60% (600/1000)
[12-16 09:58:54 MainThread @decentralized_fqi_matrix.py:453]   Agent 3 progress: 70% (700/1000)
[12-16 09:58:54 MainThread @decentralized_fqi_matrix.py:453]   Agent 3 progress: 80% (800/1000)
[12-16 09:58:54 MainThread @decentralized_fqi_matrix.py:453]   Agent 3 progress: 90% (900/1000)
[12-16 09:58:54 MainThread @decentralized_fqi_matrix.py:486]   Agent 3 completed: avg Nash time=0.00ms
[12-16 09:58:54 MainThread @decentralized_fqi_matrix.py:379] Computing targets for agent 4/6...
[12-16 09:58:54 MainThread @decentralized_fqi_matrix.py:453]   Agent 4 progress: 10% (100/1000)
[12-16 09:58:54 MainThread @decentralized_fqi_matrix.py:453]   Agent 4 progress: 20% (200/1000)
[12-16 09:58:54 MainThread @decentralized_fqi_matrix.py:453]   Agent 4 progress: 30% (300/1000)
[12-16 09:58:54 MainThread @decentralized_fqi_matrix.py:453]   Agent 4 progress: 40% (400/1000)
[12-16 09:58:54 MainThread @decentralized_fqi_matrix.py:453]   Agent 4 progress: 50% (500/1000)
[12-16 09:58:54 MainThread @decentralized_fqi_matrix.py:453]   Agent 4 progress: 60% (600/1000)
[12-16 09:58:54 MainThread @decentralized_fqi_matrix.py:453]   Agent 4 progress: 70% (700/1000)
[12-16 09:58:54 MainThread @decentralized_fqi_matrix.py:453]   Agent 4 progress: 80% (800/1000)
[12-16 09:58:54 MainThread @decentralized_fqi_matrix.py:453]   Agent 4 progress: 90% (900/1000)
[12-16 09:58:54 MainThread @decentralized_fqi_matrix.py:486]   Agent 4 completed: avg Nash time=0.00ms
[12-16 09:58:54 MainThread @decentralized_fqi_matrix.py:379] Computing targets for agent 5/6...
[12-16 09:58:54 MainThread @decentralized_fqi_matrix.py:453]   Agent 5 progress: 10% (100/1000)
[12-16 09:58:54 MainThread @decentralized_fqi_matrix.py:453]   Agent 5 progress: 20% (200/1000)
[12-16 09:58:54 MainThread @decentralized_fqi_matrix.py:453]   Agent 5 progress: 30% (300/1000)
[12-16 09:58:54 MainThread @decentralized_fqi_matrix.py:453]   Agent 5 progress: 40% (400/1000)
[12-16 09:58:54 MainThread @decentralized_fqi_matrix.py:453]   Agent 5 progress: 50% (500/1000)
[12-16 09:58:54 MainThread @decentralized_fqi_matrix.py:453]   Agent 5 progress: 60% (600/1000)
[12-16 09:58:54 MainThread @decentralized_fqi_matrix.py:453]   Agent 5 progress: 70% (700/1000)
[12-16 09:58:54 MainThread @decentralized_fqi_matrix.py:453]   Agent 5 progress: 80% (800/1000)
[12-16 09:58:54 MainThread @decentralized_fqi_matrix.py:453]   Agent 5 progress: 90% (900/1000)
[12-16 09:58:54 MainThread @decentralized_fqi_matrix.py:486]   Agent 5 completed: avg Nash time=0.00ms
[12-16 09:58:54 MainThread @decentralized_fqi_matrix.py:379] Computing targets for agent 6/6...
[12-16 09:58:54 MainThread @decentralized_fqi_matrix.py:453]   Agent 6 progress: 10% (100/1000)
[12-16 09:58:54 MainThread @decentralized_fqi_matrix.py:453]   Agent 6 progress: 20% (200/1000)
[12-16 09:58:54 MainThread @decentralized_fqi_matrix.py:453]   Agent 6 progress: 30% (300/1000)
[12-16 09:58:54 MainThread @decentralized_fqi_matrix.py:453]   Agent 6 progress: 40% (400/1000)
[12-16 09:58:54 MainThread @decentralized_fqi_matrix.py:453]   Agent 6 progress: 50% (500/1000)
[12-16 09:58:54 MainThread @decentralized_fqi_matrix.py:453]   Agent 6 progress: 60% (600/1000)
[12-16 09:58:54 MainThread @decentralized_fqi_matrix.py:453]   Agent 6 progress: 70% (700/1000)
[12-16 09:58:54 MainThread @decentralized_fqi_matrix.py:453]   Agent 6 progress: 80% (800/1000)
[12-16 09:58:54 MainThread @decentralized_fqi_matrix.py:453]   Agent 6 progress: 90% (900/1000)
[12-16 09:58:54 MainThread @decentralized_fqi_matrix.py:486]   Agent 6 completed: avg Nash time=0.00ms
[12-16 09:58:54 MainThread @decentralized_fqi_matrix.py:389] Mean Nash solving time: 0.0000s
[12-16 09:58:54 MainThread @decentralized_fqi_matrix.py:393] Nash cache: 0.0% hit rate (0 hits, 24 misses, 24 cached)
[12-16 09:58:54 MainThread @decentralized_fqi_matrix.py:398] Solving (4) by DIGing decentralized optimization...
[12-16 09:58:56 MainThread @decentralized_fqi_matrix.py:417] Iteration 83 completed: loss=0.4580, td_error=0.5346, consensus_error=0.002201
[12-16 09:58:56 MainThread @decentralized_fqi_matrix.py:573]   [收敛检测] Loss趋势: +0.0000, 波动std: 0.0001
[12-16 09:58:56 MainThread @decentralized_fqi_matrix.py:581]   ✓ Loss已稳定(std=0.0001), 可能已收敛
[12-16 09:58:56 MainThread @decentralized_fqi_matrix.py:369] 
=== Fitted Q-Iteration 84/100 ===
[12-16 09:58:56 MainThread @decentralized_fqi_matrix.py:379] Computing targets for agent 1/6...
[12-16 09:58:56 MainThread @decentralized_fqi_matrix.py:453]   Agent 1 progress: 10% (100/1000)
[12-16 09:58:56 MainThread @decentralized_fqi_matrix.py:453]   Agent 1 progress: 20% (200/1000)
[12-16 09:58:56 MainThread @decentralized_fqi_matrix.py:453]   Agent 1 progress: 30% (300/1000)
[12-16 09:58:56 MainThread @decentralized_fqi_matrix.py:453]   Agent 1 progress: 40% (400/1000)
[12-16 09:58:56 MainThread @decentralized_fqi_matrix.py:453]   Agent 1 progress: 50% (500/1000)
[12-16 09:58:56 MainThread @decentralized_fqi_matrix.py:453]   Agent 1 progress: 60% (600/1000)
[12-16 09:58:56 MainThread @decentralized_fqi_matrix.py:453]   Agent 1 progress: 70% (700/1000)
[12-16 09:58:56 MainThread @decentralized_fqi_matrix.py:453]   Agent 1 progress: 80% (800/1000)
[12-16 09:58:56 MainThread @decentralized_fqi_matrix.py:453]   Agent 1 progress: 90% (900/1000)
[12-16 09:58:56 MainThread @decentralized_fqi_matrix.py:486]   Agent 1 completed: avg Nash time=0.00ms
[12-16 09:58:56 MainThread @decentralized_fqi_matrix.py:379] Computing targets for agent 2/6...
[12-16 09:58:56 MainThread @decentralized_fqi_matrix.py:453]   Agent 2 progress: 10% (100/1000)
[12-16 09:58:56 MainThread @decentralized_fqi_matrix.py:453]   Agent 2 progress: 20% (200/1000)
[12-16 09:58:56 MainThread @decentralized_fqi_matrix.py:453]   Agent 2 progress: 30% (300/1000)
[12-16 09:58:56 MainThread @decentralized_fqi_matrix.py:453]   Agent 2 progress: 40% (400/1000)
[12-16 09:58:56 MainThread @decentralized_fqi_matrix.py:453]   Agent 2 progress: 50% (500/1000)
[12-16 09:58:56 MainThread @decentralized_fqi_matrix.py:453]   Agent 2 progress: 60% (600/1000)
[12-16 09:58:56 MainThread @decentralized_fqi_matrix.py:453]   Agent 2 progress: 70% (700/1000)
[12-16 09:58:56 MainThread @decentralized_fqi_matrix.py:453]   Agent 2 progress: 80% (800/1000)
[12-16 09:58:56 MainThread @decentralized_fqi_matrix.py:453]   Agent 2 progress: 90% (900/1000)
[12-16 09:58:56 MainThread @decentralized_fqi_matrix.py:486]   Agent 2 completed: avg Nash time=0.00ms
[12-16 09:58:56 MainThread @decentralized_fqi_matrix.py:379] Computing targets for agent 3/6...
[12-16 09:58:56 MainThread @decentralized_fqi_matrix.py:453]   Agent 3 progress: 10% (100/1000)
[12-16 09:58:56 MainThread @decentralized_fqi_matrix.py:453]   Agent 3 progress: 20% (200/1000)
[12-16 09:58:56 MainThread @decentralized_fqi_matrix.py:453]   Agent 3 progress: 30% (300/1000)
[12-16 09:58:56 MainThread @decentralized_fqi_matrix.py:453]   Agent 3 progress: 40% (400/1000)
[12-16 09:58:56 MainThread @decentralized_fqi_matrix.py:453]   Agent 3 progress: 50% (500/1000)
[12-16 09:58:56 MainThread @decentralized_fqi_matrix.py:453]   Agent 3 progress: 60% (600/1000)
[12-16 09:58:56 MainThread @decentralized_fqi_matrix.py:453]   Agent 3 progress: 70% (700/1000)
[12-16 09:58:56 MainThread @decentralized_fqi_matrix.py:453]   Agent 3 progress: 80% (800/1000)
[12-16 09:58:56 MainThread @decentralized_fqi_matrix.py:453]   Agent 3 progress: 90% (900/1000)
[12-16 09:58:56 MainThread @decentralized_fqi_matrix.py:486]   Agent 3 completed: avg Nash time=0.00ms
[12-16 09:58:56 MainThread @decentralized_fqi_matrix.py:379] Computing targets for agent 4/6...
[12-16 09:58:56 MainThread @decentralized_fqi_matrix.py:453]   Agent 4 progress: 10% (100/1000)
[12-16 09:58:56 MainThread @decentralized_fqi_matrix.py:453]   Agent 4 progress: 20% (200/1000)
[12-16 09:58:56 MainThread @decentralized_fqi_matrix.py:453]   Agent 4 progress: 30% (300/1000)
[12-16 09:58:56 MainThread @decentralized_fqi_matrix.py:453]   Agent 4 progress: 40% (400/1000)
[12-16 09:58:56 MainThread @decentralized_fqi_matrix.py:453]   Agent 4 progress: 50% (500/1000)
[12-16 09:58:56 MainThread @decentralized_fqi_matrix.py:453]   Agent 4 progress: 60% (600/1000)
[12-16 09:58:56 MainThread @decentralized_fqi_matrix.py:453]   Agent 4 progress: 70% (700/1000)
[12-16 09:58:56 MainThread @decentralized_fqi_matrix.py:453]   Agent 4 progress: 80% (800/1000)
[12-16 09:58:56 MainThread @decentralized_fqi_matrix.py:453]   Agent 4 progress: 90% (900/1000)
[12-16 09:58:56 MainThread @decentralized_fqi_matrix.py:486]   Agent 4 completed: avg Nash time=0.00ms
[12-16 09:58:56 MainThread @decentralized_fqi_matrix.py:379] Computing targets for agent 5/6...
[12-16 09:58:56 MainThread @decentralized_fqi_matrix.py:453]   Agent 5 progress: 10% (100/1000)
[12-16 09:58:56 MainThread @decentralized_fqi_matrix.py:453]   Agent 5 progress: 20% (200/1000)
[12-16 09:58:56 MainThread @decentralized_fqi_matrix.py:453]   Agent 5 progress: 30% (300/1000)
[12-16 09:58:56 MainThread @decentralized_fqi_matrix.py:453]   Agent 5 progress: 40% (400/1000)
[12-16 09:58:56 MainThread @decentralized_fqi_matrix.py:453]   Agent 5 progress: 50% (500/1000)
[12-16 09:58:56 MainThread @decentralized_fqi_matrix.py:453]   Agent 5 progress: 60% (600/1000)
[12-16 09:58:56 MainThread @decentralized_fqi_matrix.py:453]   Agent 5 progress: 70% (700/1000)
[12-16 09:58:56 MainThread @decentralized_fqi_matrix.py:453]   Agent 5 progress: 80% (800/1000)
[12-16 09:58:56 MainThread @decentralized_fqi_matrix.py:453]   Agent 5 progress: 90% (900/1000)
[12-16 09:58:56 MainThread @decentralized_fqi_matrix.py:486]   Agent 5 completed: avg Nash time=0.00ms
[12-16 09:58:56 MainThread @decentralized_fqi_matrix.py:379] Computing targets for agent 6/6...
[12-16 09:58:56 MainThread @decentralized_fqi_matrix.py:453]   Agent 6 progress: 10% (100/1000)
[12-16 09:58:56 MainThread @decentralized_fqi_matrix.py:453]   Agent 6 progress: 20% (200/1000)
[12-16 09:58:56 MainThread @decentralized_fqi_matrix.py:453]   Agent 6 progress: 30% (300/1000)
[12-16 09:58:56 MainThread @decentralized_fqi_matrix.py:453]   Agent 6 progress: 40% (400/1000)
[12-16 09:58:56 MainThread @decentralized_fqi_matrix.py:453]   Agent 6 progress: 50% (500/1000)
[12-16 09:58:56 MainThread @decentralized_fqi_matrix.py:453]   Agent 6 progress: 60% (600/1000)
[12-16 09:58:56 MainThread @decentralized_fqi_matrix.py:453]   Agent 6 progress: 70% (700/1000)
[12-16 09:58:56 MainThread @decentralized_fqi_matrix.py:453]   Agent 6 progress: 80% (800/1000)
[12-16 09:58:56 MainThread @decentralized_fqi_matrix.py:453]   Agent 6 progress: 90% (900/1000)
[12-16 09:58:56 MainThread @decentralized_fqi_matrix.py:486]   Agent 6 completed: avg Nash time=0.00ms
[12-16 09:58:56 MainThread @decentralized_fqi_matrix.py:389] Mean Nash solving time: 0.0000s
[12-16 09:58:56 MainThread @decentralized_fqi_matrix.py:393] Nash cache: 0.0% hit rate (0 hits, 24 misses, 24 cached)
[12-16 09:58:56 MainThread @decentralized_fqi_matrix.py:398] Solving (4) by DIGing decentralized optimization...
[12-16 09:58:58 MainThread @decentralized_fqi_matrix.py:417] Iteration 84 completed: loss=0.4580, td_error=0.5344, consensus_error=0.003436
[12-16 09:58:58 MainThread @decentralized_fqi_matrix.py:573]   [收敛检测] Loss趋势: -0.0001, 波动std: 0.0001
[12-16 09:58:58 MainThread @decentralized_fqi_matrix.py:581]   ✓ Loss已稳定(std=0.0001), 可能已收敛
[12-16 09:58:58 MainThread @decentralized_fqi_matrix.py:369] 
=== Fitted Q-Iteration 85/100 ===
[12-16 09:58:58 MainThread @decentralized_fqi_matrix.py:379] Computing targets for agent 1/6...
[12-16 09:58:58 MainThread @decentralized_fqi_matrix.py:453]   Agent 1 progress: 10% (100/1000)
[12-16 09:58:58 MainThread @decentralized_fqi_matrix.py:453]   Agent 1 progress: 20% (200/1000)
[12-16 09:58:58 MainThread @decentralized_fqi_matrix.py:453]   Agent 1 progress: 30% (300/1000)
[12-16 09:58:58 MainThread @decentralized_fqi_matrix.py:453]   Agent 1 progress: 40% (400/1000)
[12-16 09:58:58 MainThread @decentralized_fqi_matrix.py:453]   Agent 1 progress: 50% (500/1000)
[12-16 09:58:58 MainThread @decentralized_fqi_matrix.py:453]   Agent 1 progress: 60% (600/1000)
[12-16 09:58:58 MainThread @decentralized_fqi_matrix.py:453]   Agent 1 progress: 70% (700/1000)
[12-16 09:58:58 MainThread @decentralized_fqi_matrix.py:453]   Agent 1 progress: 80% (800/1000)
[12-16 09:58:58 MainThread @decentralized_fqi_matrix.py:453]   Agent 1 progress: 90% (900/1000)
[12-16 09:58:58 MainThread @decentralized_fqi_matrix.py:486]   Agent 1 completed: avg Nash time=0.00ms
[12-16 09:58:58 MainThread @decentralized_fqi_matrix.py:379] Computing targets for agent 2/6...
[12-16 09:58:58 MainThread @decentralized_fqi_matrix.py:453]   Agent 2 progress: 10% (100/1000)
[12-16 09:58:58 MainThread @decentralized_fqi_matrix.py:453]   Agent 2 progress: 20% (200/1000)
[12-16 09:58:58 MainThread @decentralized_fqi_matrix.py:453]   Agent 2 progress: 30% (300/1000)
[12-16 09:58:58 MainThread @decentralized_fqi_matrix.py:453]   Agent 2 progress: 40% (400/1000)
[12-16 09:58:58 MainThread @decentralized_fqi_matrix.py:453]   Agent 2 progress: 50% (500/1000)
[12-16 09:58:58 MainThread @decentralized_fqi_matrix.py:453]   Agent 2 progress: 60% (600/1000)
[12-16 09:58:58 MainThread @decentralized_fqi_matrix.py:453]   Agent 2 progress: 70% (700/1000)
[12-16 09:58:58 MainThread @decentralized_fqi_matrix.py:453]   Agent 2 progress: 80% (800/1000)
[12-16 09:58:58 MainThread @decentralized_fqi_matrix.py:453]   Agent 2 progress: 90% (900/1000)
[12-16 09:58:58 MainThread @decentralized_fqi_matrix.py:486]   Agent 2 completed: avg Nash time=0.00ms
[12-16 09:58:58 MainThread @decentralized_fqi_matrix.py:379] Computing targets for agent 3/6...
[12-16 09:58:58 MainThread @decentralized_fqi_matrix.py:453]   Agent 3 progress: 10% (100/1000)
[12-16 09:58:58 MainThread @decentralized_fqi_matrix.py:453]   Agent 3 progress: 20% (200/1000)
[12-16 09:58:58 MainThread @decentralized_fqi_matrix.py:453]   Agent 3 progress: 30% (300/1000)
[12-16 09:58:58 MainThread @decentralized_fqi_matrix.py:453]   Agent 3 progress: 40% (400/1000)
[12-16 09:58:58 MainThread @decentralized_fqi_matrix.py:453]   Agent 3 progress: 50% (500/1000)
[12-16 09:58:58 MainThread @decentralized_fqi_matrix.py:453]   Agent 3 progress: 60% (600/1000)
[12-16 09:58:58 MainThread @decentralized_fqi_matrix.py:453]   Agent 3 progress: 70% (700/1000)
[12-16 09:58:58 MainThread @decentralized_fqi_matrix.py:453]   Agent 3 progress: 80% (800/1000)
[12-16 09:58:58 MainThread @decentralized_fqi_matrix.py:453]   Agent 3 progress: 90% (900/1000)
[12-16 09:58:58 MainThread @decentralized_fqi_matrix.py:486]   Agent 3 completed: avg Nash time=0.00ms
[12-16 09:58:58 MainThread @decentralized_fqi_matrix.py:379] Computing targets for agent 4/6...
[12-16 09:58:58 MainThread @decentralized_fqi_matrix.py:453]   Agent 4 progress: 10% (100/1000)
[12-16 09:58:58 MainThread @decentralized_fqi_matrix.py:453]   Agent 4 progress: 20% (200/1000)
[12-16 09:58:58 MainThread @decentralized_fqi_matrix.py:453]   Agent 4 progress: 30% (300/1000)
[12-16 09:58:58 MainThread @decentralized_fqi_matrix.py:453]   Agent 4 progress: 40% (400/1000)
[12-16 09:58:58 MainThread @decentralized_fqi_matrix.py:453]   Agent 4 progress: 50% (500/1000)
[12-16 09:58:58 MainThread @decentralized_fqi_matrix.py:453]   Agent 4 progress: 60% (600/1000)
[12-16 09:58:58 MainThread @decentralized_fqi_matrix.py:453]   Agent 4 progress: 70% (700/1000)
[12-16 09:58:58 MainThread @decentralized_fqi_matrix.py:453]   Agent 4 progress: 80% (800/1000)
[12-16 09:58:58 MainThread @decentralized_fqi_matrix.py:453]   Agent 4 progress: 90% (900/1000)
[12-16 09:58:58 MainThread @decentralized_fqi_matrix.py:486]   Agent 4 completed: avg Nash time=0.00ms
[12-16 09:58:58 MainThread @decentralized_fqi_matrix.py:379] Computing targets for agent 5/6...
[12-16 09:58:58 MainThread @decentralized_fqi_matrix.py:453]   Agent 5 progress: 10% (100/1000)
[12-16 09:58:58 MainThread @decentralized_fqi_matrix.py:453]   Agent 5 progress: 20% (200/1000)
[12-16 09:58:58 MainThread @decentralized_fqi_matrix.py:453]   Agent 5 progress: 30% (300/1000)
[12-16 09:58:58 MainThread @decentralized_fqi_matrix.py:453]   Agent 5 progress: 40% (400/1000)
[12-16 09:58:58 MainThread @decentralized_fqi_matrix.py:453]   Agent 5 progress: 50% (500/1000)
[12-16 09:58:58 MainThread @decentralized_fqi_matrix.py:453]   Agent 5 progress: 60% (600/1000)
[12-16 09:58:58 MainThread @decentralized_fqi_matrix.py:453]   Agent 5 progress: 70% (700/1000)
[12-16 09:58:58 MainThread @decentralized_fqi_matrix.py:453]   Agent 5 progress: 80% (800/1000)
[12-16 09:58:58 MainThread @decentralized_fqi_matrix.py:453]   Agent 5 progress: 90% (900/1000)
[12-16 09:58:58 MainThread @decentralized_fqi_matrix.py:486]   Agent 5 completed: avg Nash time=0.00ms
[12-16 09:58:58 MainThread @decentralized_fqi_matrix.py:379] Computing targets for agent 6/6...
[12-16 09:58:58 MainThread @decentralized_fqi_matrix.py:453]   Agent 6 progress: 10% (100/1000)
[12-16 09:58:58 MainThread @decentralized_fqi_matrix.py:453]   Agent 6 progress: 20% (200/1000)
[12-16 09:58:58 MainThread @decentralized_fqi_matrix.py:453]   Agent 6 progress: 30% (300/1000)
[12-16 09:58:58 MainThread @decentralized_fqi_matrix.py:453]   Agent 6 progress: 40% (400/1000)
[12-16 09:58:58 MainThread @decentralized_fqi_matrix.py:453]   Agent 6 progress: 50% (500/1000)
[12-16 09:58:58 MainThread @decentralized_fqi_matrix.py:453]   Agent 6 progress: 60% (600/1000)
[12-16 09:58:58 MainThread @decentralized_fqi_matrix.py:453]   Agent 6 progress: 70% (700/1000)
[12-16 09:58:58 MainThread @decentralized_fqi_matrix.py:453]   Agent 6 progress: 80% (800/1000)
[12-16 09:58:58 MainThread @decentralized_fqi_matrix.py:453]   Agent 6 progress: 90% (900/1000)
[12-16 09:58:58 MainThread @decentralized_fqi_matrix.py:486]   Agent 6 completed: avg Nash time=0.00ms
[12-16 09:58:58 MainThread @decentralized_fqi_matrix.py:389] Mean Nash solving time: 0.0000s
[12-16 09:58:58 MainThread @decentralized_fqi_matrix.py:393] Nash cache: 0.0% hit rate (0 hits, 24 misses, 24 cached)
[12-16 09:58:58 MainThread @decentralized_fqi_matrix.py:398] Solving (4) by DIGing decentralized optimization...
[12-16 09:59:00 MainThread @decentralized_fqi_matrix.py:417] Iteration 85 completed: loss=0.4580, td_error=0.5346, consensus_error=0.002466
[12-16 09:59:00 MainThread @decentralized_fqi_matrix.py:573]   [收敛检测] Loss趋势: +0.0001, 波动std: 0.0001
[12-16 09:59:00 MainThread @decentralized_fqi_matrix.py:581]   ✓ Loss已稳定(std=0.0001), 可能已收敛
[12-16 09:59:00 MainThread @decentralized_fqi_matrix.py:369] 
=== Fitted Q-Iteration 86/100 ===
[12-16 09:59:00 MainThread @decentralized_fqi_matrix.py:379] Computing targets for agent 1/6...
[12-16 09:59:00 MainThread @decentralized_fqi_matrix.py:453]   Agent 1 progress: 10% (100/1000)
[12-16 09:59:00 MainThread @decentralized_fqi_matrix.py:453]   Agent 1 progress: 20% (200/1000)
[12-16 09:59:00 MainThread @decentralized_fqi_matrix.py:453]   Agent 1 progress: 30% (300/1000)
[12-16 09:59:00 MainThread @decentralized_fqi_matrix.py:453]   Agent 1 progress: 40% (400/1000)
[12-16 09:59:00 MainThread @decentralized_fqi_matrix.py:453]   Agent 1 progress: 50% (500/1000)
[12-16 09:59:00 MainThread @decentralized_fqi_matrix.py:453]   Agent 1 progress: 60% (600/1000)
[12-16 09:59:00 MainThread @decentralized_fqi_matrix.py:453]   Agent 1 progress: 70% (700/1000)
[12-16 09:59:00 MainThread @decentralized_fqi_matrix.py:453]   Agent 1 progress: 80% (800/1000)
[12-16 09:59:00 MainThread @decentralized_fqi_matrix.py:453]   Agent 1 progress: 90% (900/1000)
[12-16 09:59:00 MainThread @decentralized_fqi_matrix.py:486]   Agent 1 completed: avg Nash time=0.00ms
[12-16 09:59:00 MainThread @decentralized_fqi_matrix.py:379] Computing targets for agent 2/6...
[12-16 09:59:00 MainThread @decentralized_fqi_matrix.py:453]   Agent 2 progress: 10% (100/1000)
[12-16 09:59:00 MainThread @decentralized_fqi_matrix.py:453]   Agent 2 progress: 20% (200/1000)
[12-16 09:59:00 MainThread @decentralized_fqi_matrix.py:453]   Agent 2 progress: 30% (300/1000)
[12-16 09:59:00 MainThread @decentralized_fqi_matrix.py:453]   Agent 2 progress: 40% (400/1000)
[12-16 09:59:00 MainThread @decentralized_fqi_matrix.py:453]   Agent 2 progress: 50% (500/1000)
[12-16 09:59:00 MainThread @decentralized_fqi_matrix.py:453]   Agent 2 progress: 60% (600/1000)
[12-16 09:59:00 MainThread @decentralized_fqi_matrix.py:453]   Agent 2 progress: 70% (700/1000)
[12-16 09:59:00 MainThread @decentralized_fqi_matrix.py:453]   Agent 2 progress: 80% (800/1000)
[12-16 09:59:00 MainThread @decentralized_fqi_matrix.py:453]   Agent 2 progress: 90% (900/1000)
[12-16 09:59:00 MainThread @decentralized_fqi_matrix.py:486]   Agent 2 completed: avg Nash time=0.00ms
[12-16 09:59:00 MainThread @decentralized_fqi_matrix.py:379] Computing targets for agent 3/6...
[12-16 09:59:00 MainThread @decentralized_fqi_matrix.py:453]   Agent 3 progress: 10% (100/1000)
[12-16 09:59:00 MainThread @decentralized_fqi_matrix.py:453]   Agent 3 progress: 20% (200/1000)
[12-16 09:59:00 MainThread @decentralized_fqi_matrix.py:453]   Agent 3 progress: 30% (300/1000)
[12-16 09:59:00 MainThread @decentralized_fqi_matrix.py:453]   Agent 3 progress: 40% (400/1000)
[12-16 09:59:00 MainThread @decentralized_fqi_matrix.py:453]   Agent 3 progress: 50% (500/1000)
[12-16 09:59:00 MainThread @decentralized_fqi_matrix.py:453]   Agent 3 progress: 60% (600/1000)
[12-16 09:59:00 MainThread @decentralized_fqi_matrix.py:453]   Agent 3 progress: 70% (700/1000)
[12-16 09:59:00 MainThread @decentralized_fqi_matrix.py:453]   Agent 3 progress: 80% (800/1000)
[12-16 09:59:00 MainThread @decentralized_fqi_matrix.py:453]   Agent 3 progress: 90% (900/1000)
[12-16 09:59:00 MainThread @decentralized_fqi_matrix.py:486]   Agent 3 completed: avg Nash time=0.00ms
[12-16 09:59:00 MainThread @decentralized_fqi_matrix.py:379] Computing targets for agent 4/6...
[12-16 09:59:00 MainThread @decentralized_fqi_matrix.py:453]   Agent 4 progress: 10% (100/1000)
[12-16 09:59:00 MainThread @decentralized_fqi_matrix.py:453]   Agent 4 progress: 20% (200/1000)
[12-16 09:59:00 MainThread @decentralized_fqi_matrix.py:453]   Agent 4 progress: 30% (300/1000)
[12-16 09:59:00 MainThread @decentralized_fqi_matrix.py:453]   Agent 4 progress: 40% (400/1000)
[12-16 09:59:00 MainThread @decentralized_fqi_matrix.py:453]   Agent 4 progress: 50% (500/1000)
[12-16 09:59:00 MainThread @decentralized_fqi_matrix.py:453]   Agent 4 progress: 60% (600/1000)
[12-16 09:59:00 MainThread @decentralized_fqi_matrix.py:453]   Agent 4 progress: 70% (700/1000)
[12-16 09:59:00 MainThread @decentralized_fqi_matrix.py:453]   Agent 4 progress: 80% (800/1000)
[12-16 09:59:00 MainThread @decentralized_fqi_matrix.py:453]   Agent 4 progress: 90% (900/1000)
[12-16 09:59:00 MainThread @decentralized_fqi_matrix.py:486]   Agent 4 completed: avg Nash time=0.00ms
[12-16 09:59:00 MainThread @decentralized_fqi_matrix.py:379] Computing targets for agent 5/6...
[12-16 09:59:00 MainThread @decentralized_fqi_matrix.py:453]   Agent 5 progress: 10% (100/1000)
[12-16 09:59:00 MainThread @decentralized_fqi_matrix.py:453]   Agent 5 progress: 20% (200/1000)
[12-16 09:59:00 MainThread @decentralized_fqi_matrix.py:453]   Agent 5 progress: 30% (300/1000)
[12-16 09:59:00 MainThread @decentralized_fqi_matrix.py:453]   Agent 5 progress: 40% (400/1000)
[12-16 09:59:00 MainThread @decentralized_fqi_matrix.py:453]   Agent 5 progress: 50% (500/1000)
[12-16 09:59:00 MainThread @decentralized_fqi_matrix.py:453]   Agent 5 progress: 60% (600/1000)
[12-16 09:59:00 MainThread @decentralized_fqi_matrix.py:453]   Agent 5 progress: 70% (700/1000)
[12-16 09:59:00 MainThread @decentralized_fqi_matrix.py:453]   Agent 5 progress: 80% (800/1000)
[12-16 09:59:00 MainThread @decentralized_fqi_matrix.py:453]   Agent 5 progress: 90% (900/1000)
[12-16 09:59:00 MainThread @decentralized_fqi_matrix.py:486]   Agent 5 completed: avg Nash time=0.00ms
[12-16 09:59:00 MainThread @decentralized_fqi_matrix.py:379] Computing targets for agent 6/6...
[12-16 09:59:00 MainThread @decentralized_fqi_matrix.py:453]   Agent 6 progress: 10% (100/1000)
[12-16 09:59:00 MainThread @decentralized_fqi_matrix.py:453]   Agent 6 progress: 20% (200/1000)
[12-16 09:59:00 MainThread @decentralized_fqi_matrix.py:453]   Agent 6 progress: 30% (300/1000)
[12-16 09:59:00 MainThread @decentralized_fqi_matrix.py:453]   Agent 6 progress: 40% (400/1000)
[12-16 09:59:00 MainThread @decentralized_fqi_matrix.py:453]   Agent 6 progress: 50% (500/1000)
[12-16 09:59:00 MainThread @decentralized_fqi_matrix.py:453]   Agent 6 progress: 60% (600/1000)
[12-16 09:59:00 MainThread @decentralized_fqi_matrix.py:453]   Agent 6 progress: 70% (700/1000)
[12-16 09:59:00 MainThread @decentralized_fqi_matrix.py:453]   Agent 6 progress: 80% (800/1000)
[12-16 09:59:00 MainThread @decentralized_fqi_matrix.py:453]   Agent 6 progress: 90% (900/1000)
[12-16 09:59:00 MainThread @decentralized_fqi_matrix.py:486]   Agent 6 completed: avg Nash time=0.00ms
[12-16 09:59:00 MainThread @decentralized_fqi_matrix.py:389] Mean Nash solving time: 0.0000s
[12-16 09:59:00 MainThread @decentralized_fqi_matrix.py:393] Nash cache: 0.0% hit rate (0 hits, 24 misses, 24 cached)
[12-16 09:59:00 MainThread @decentralized_fqi_matrix.py:398] Solving (4) by DIGing decentralized optimization...
[12-16 09:59:02 MainThread @decentralized_fqi_matrix.py:417] Iteration 86 completed: loss=0.4576, td_error=0.5343, consensus_error=0.001754
[12-16 09:59:02 MainThread @decentralized_fqi_matrix.py:573]   [收敛检测] Loss趋势: +0.0007, 波动std: 0.0002
[12-16 09:59:02 MainThread @decentralized_fqi_matrix.py:581]   ✓ Loss已稳定(std=0.0002), 可能已收敛
[12-16 09:59:02 MainThread @decentralized_fqi_matrix.py:369] 
=== Fitted Q-Iteration 87/100 ===
[12-16 09:59:02 MainThread @decentralized_fqi_matrix.py:379] Computing targets for agent 1/6...
[12-16 09:59:02 MainThread @decentralized_fqi_matrix.py:453]   Agent 1 progress: 10% (100/1000)
[12-16 09:59:02 MainThread @decentralized_fqi_matrix.py:453]   Agent 1 progress: 20% (200/1000)
[12-16 09:59:02 MainThread @decentralized_fqi_matrix.py:453]   Agent 1 progress: 30% (300/1000)
[12-16 09:59:02 MainThread @decentralized_fqi_matrix.py:453]   Agent 1 progress: 40% (400/1000)
[12-16 09:59:02 MainThread @decentralized_fqi_matrix.py:453]   Agent 1 progress: 50% (500/1000)
[12-16 09:59:02 MainThread @decentralized_fqi_matrix.py:453]   Agent 1 progress: 60% (600/1000)
[12-16 09:59:02 MainThread @decentralized_fqi_matrix.py:453]   Agent 1 progress: 70% (700/1000)
[12-16 09:59:02 MainThread @decentralized_fqi_matrix.py:453]   Agent 1 progress: 80% (800/1000)
[12-16 09:59:02 MainThread @decentralized_fqi_matrix.py:453]   Agent 1 progress: 90% (900/1000)
[12-16 09:59:02 MainThread @decentralized_fqi_matrix.py:486]   Agent 1 completed: avg Nash time=0.00ms
[12-16 09:59:02 MainThread @decentralized_fqi_matrix.py:379] Computing targets for agent 2/6...
[12-16 09:59:02 MainThread @decentralized_fqi_matrix.py:453]   Agent 2 progress: 10% (100/1000)
[12-16 09:59:02 MainThread @decentralized_fqi_matrix.py:453]   Agent 2 progress: 20% (200/1000)
[12-16 09:59:02 MainThread @decentralized_fqi_matrix.py:453]   Agent 2 progress: 30% (300/1000)
[12-16 09:59:02 MainThread @decentralized_fqi_matrix.py:453]   Agent 2 progress: 40% (400/1000)
[12-16 09:59:02 MainThread @decentralized_fqi_matrix.py:453]   Agent 2 progress: 50% (500/1000)
[12-16 09:59:02 MainThread @decentralized_fqi_matrix.py:453]   Agent 2 progress: 60% (600/1000)
[12-16 09:59:02 MainThread @decentralized_fqi_matrix.py:453]   Agent 2 progress: 70% (700/1000)
[12-16 09:59:02 MainThread @decentralized_fqi_matrix.py:453]   Agent 2 progress: 80% (800/1000)
[12-16 09:59:02 MainThread @decentralized_fqi_matrix.py:453]   Agent 2 progress: 90% (900/1000)
[12-16 09:59:02 MainThread @decentralized_fqi_matrix.py:486]   Agent 2 completed: avg Nash time=0.00ms
[12-16 09:59:02 MainThread @decentralized_fqi_matrix.py:379] Computing targets for agent 3/6...
[12-16 09:59:02 MainThread @decentralized_fqi_matrix.py:453]   Agent 3 progress: 10% (100/1000)
[12-16 09:59:02 MainThread @decentralized_fqi_matrix.py:453]   Agent 3 progress: 20% (200/1000)
[12-16 09:59:02 MainThread @decentralized_fqi_matrix.py:453]   Agent 3 progress: 30% (300/1000)
[12-16 09:59:02 MainThread @decentralized_fqi_matrix.py:453]   Agent 3 progress: 40% (400/1000)
[12-16 09:59:02 MainThread @decentralized_fqi_matrix.py:453]   Agent 3 progress: 50% (500/1000)
[12-16 09:59:02 MainThread @decentralized_fqi_matrix.py:453]   Agent 3 progress: 60% (600/1000)
[12-16 09:59:02 MainThread @decentralized_fqi_matrix.py:453]   Agent 3 progress: 70% (700/1000)
[12-16 09:59:02 MainThread @decentralized_fqi_matrix.py:453]   Agent 3 progress: 80% (800/1000)
[12-16 09:59:02 MainThread @decentralized_fqi_matrix.py:453]   Agent 3 progress: 90% (900/1000)
[12-16 09:59:02 MainThread @decentralized_fqi_matrix.py:486]   Agent 3 completed: avg Nash time=0.00ms
[12-16 09:59:02 MainThread @decentralized_fqi_matrix.py:379] Computing targets for agent 4/6...
[12-16 09:59:02 MainThread @decentralized_fqi_matrix.py:453]   Agent 4 progress: 10% (100/1000)
[12-16 09:59:02 MainThread @decentralized_fqi_matrix.py:453]   Agent 4 progress: 20% (200/1000)
[12-16 09:59:02 MainThread @decentralized_fqi_matrix.py:453]   Agent 4 progress: 30% (300/1000)
[12-16 09:59:02 MainThread @decentralized_fqi_matrix.py:453]   Agent 4 progress: 40% (400/1000)
[12-16 09:59:02 MainThread @decentralized_fqi_matrix.py:453]   Agent 4 progress: 50% (500/1000)
[12-16 09:59:02 MainThread @decentralized_fqi_matrix.py:453]   Agent 4 progress: 60% (600/1000)
[12-16 09:59:02 MainThread @decentralized_fqi_matrix.py:453]   Agent 4 progress: 70% (700/1000)
[12-16 09:59:02 MainThread @decentralized_fqi_matrix.py:453]   Agent 4 progress: 80% (800/1000)
[12-16 09:59:02 MainThread @decentralized_fqi_matrix.py:453]   Agent 4 progress: 90% (900/1000)
[12-16 09:59:02 MainThread @decentralized_fqi_matrix.py:486]   Agent 4 completed: avg Nash time=0.00ms
[12-16 09:59:02 MainThread @decentralized_fqi_matrix.py:379] Computing targets for agent 5/6...
[12-16 09:59:02 MainThread @decentralized_fqi_matrix.py:453]   Agent 5 progress: 10% (100/1000)
[12-16 09:59:02 MainThread @decentralized_fqi_matrix.py:453]   Agent 5 progress: 20% (200/1000)
[12-16 09:59:02 MainThread @decentralized_fqi_matrix.py:453]   Agent 5 progress: 30% (300/1000)
[12-16 09:59:02 MainThread @decentralized_fqi_matrix.py:453]   Agent 5 progress: 40% (400/1000)
[12-16 09:59:02 MainThread @decentralized_fqi_matrix.py:453]   Agent 5 progress: 50% (500/1000)
[12-16 09:59:02 MainThread @decentralized_fqi_matrix.py:453]   Agent 5 progress: 60% (600/1000)
[12-16 09:59:02 MainThread @decentralized_fqi_matrix.py:453]   Agent 5 progress: 70% (700/1000)
[12-16 09:59:02 MainThread @decentralized_fqi_matrix.py:453]   Agent 5 progress: 80% (800/1000)
[12-16 09:59:02 MainThread @decentralized_fqi_matrix.py:453]   Agent 5 progress: 90% (900/1000)
[12-16 09:59:02 MainThread @decentralized_fqi_matrix.py:486]   Agent 5 completed: avg Nash time=0.00ms
[12-16 09:59:02 MainThread @decentralized_fqi_matrix.py:379] Computing targets for agent 6/6...
[12-16 09:59:02 MainThread @decentralized_fqi_matrix.py:453]   Agent 6 progress: 10% (100/1000)
[12-16 09:59:02 MainThread @decentralized_fqi_matrix.py:453]   Agent 6 progress: 20% (200/1000)
[12-16 09:59:02 MainThread @decentralized_fqi_matrix.py:453]   Agent 6 progress: 30% (300/1000)
[12-16 09:59:02 MainThread @decentralized_fqi_matrix.py:453]   Agent 6 progress: 40% (400/1000)
[12-16 09:59:02 MainThread @decentralized_fqi_matrix.py:453]   Agent 6 progress: 50% (500/1000)
[12-16 09:59:02 MainThread @decentralized_fqi_matrix.py:453]   Agent 6 progress: 60% (600/1000)
[12-16 09:59:02 MainThread @decentralized_fqi_matrix.py:453]   Agent 6 progress: 70% (700/1000)
[12-16 09:59:02 MainThread @decentralized_fqi_matrix.py:453]   Agent 6 progress: 80% (800/1000)
[12-16 09:59:02 MainThread @decentralized_fqi_matrix.py:453]   Agent 6 progress: 90% (900/1000)
[12-16 09:59:02 MainThread @decentralized_fqi_matrix.py:486]   Agent 6 completed: avg Nash time=0.00ms
[12-16 09:59:02 MainThread @decentralized_fqi_matrix.py:389] Mean Nash solving time: 0.0000s
[12-16 09:59:02 MainThread @decentralized_fqi_matrix.py:393] Nash cache: 0.0% hit rate (0 hits, 24 misses, 24 cached)
[12-16 09:59:02 MainThread @decentralized_fqi_matrix.py:398] Solving (4) by DIGing decentralized optimization...
[12-16 09:59:04 MainThread @decentralized_fqi_matrix.py:417] Iteration 87 completed: loss=0.4579, td_error=0.5344, consensus_error=0.004933
[12-16 09:59:04 MainThread @decentralized_fqi_matrix.py:573]   [收敛检测] Loss趋势: +0.0001, 波动std: 0.0002
[12-16 09:59:04 MainThread @decentralized_fqi_matrix.py:581]   ✓ Loss已稳定(std=0.0002), 可能已收敛
[12-16 09:59:04 MainThread @decentralized_fqi_matrix.py:369] 
=== Fitted Q-Iteration 88/100 ===
[12-16 09:59:04 MainThread @decentralized_fqi_matrix.py:379] Computing targets for agent 1/6...
[12-16 09:59:04 MainThread @decentralized_fqi_matrix.py:453]   Agent 1 progress: 10% (100/1000)
[12-16 09:59:04 MainThread @decentralized_fqi_matrix.py:453]   Agent 1 progress: 20% (200/1000)
[12-16 09:59:04 MainThread @decentralized_fqi_matrix.py:453]   Agent 1 progress: 30% (300/1000)
[12-16 09:59:04 MainThread @decentralized_fqi_matrix.py:453]   Agent 1 progress: 40% (400/1000)
[12-16 09:59:04 MainThread @decentralized_fqi_matrix.py:453]   Agent 1 progress: 50% (500/1000)
[12-16 09:59:04 MainThread @decentralized_fqi_matrix.py:453]   Agent 1 progress: 60% (600/1000)
[12-16 09:59:04 MainThread @decentralized_fqi_matrix.py:453]   Agent 1 progress: 70% (700/1000)
[12-16 09:59:04 MainThread @decentralized_fqi_matrix.py:453]   Agent 1 progress: 80% (800/1000)
[12-16 09:59:04 MainThread @decentralized_fqi_matrix.py:453]   Agent 1 progress: 90% (900/1000)
[12-16 09:59:04 MainThread @decentralized_fqi_matrix.py:486]   Agent 1 completed: avg Nash time=0.00ms
[12-16 09:59:04 MainThread @decentralized_fqi_matrix.py:379] Computing targets for agent 2/6...
[12-16 09:59:04 MainThread @decentralized_fqi_matrix.py:453]   Agent 2 progress: 10% (100/1000)
[12-16 09:59:04 MainThread @decentralized_fqi_matrix.py:453]   Agent 2 progress: 20% (200/1000)
[12-16 09:59:04 MainThread @decentralized_fqi_matrix.py:453]   Agent 2 progress: 30% (300/1000)
[12-16 09:59:04 MainThread @decentralized_fqi_matrix.py:453]   Agent 2 progress: 40% (400/1000)
[12-16 09:59:04 MainThread @decentralized_fqi_matrix.py:453]   Agent 2 progress: 50% (500/1000)
[12-16 09:59:04 MainThread @decentralized_fqi_matrix.py:453]   Agent 2 progress: 60% (600/1000)
[12-16 09:59:04 MainThread @decentralized_fqi_matrix.py:453]   Agent 2 progress: 70% (700/1000)
[12-16 09:59:04 MainThread @decentralized_fqi_matrix.py:453]   Agent 2 progress: 80% (800/1000)
[12-16 09:59:04 MainThread @decentralized_fqi_matrix.py:453]   Agent 2 progress: 90% (900/1000)
[12-16 09:59:04 MainThread @decentralized_fqi_matrix.py:486]   Agent 2 completed: avg Nash time=0.00ms
[12-16 09:59:04 MainThread @decentralized_fqi_matrix.py:379] Computing targets for agent 3/6...
[12-16 09:59:04 MainThread @decentralized_fqi_matrix.py:453]   Agent 3 progress: 10% (100/1000)
[12-16 09:59:04 MainThread @decentralized_fqi_matrix.py:453]   Agent 3 progress: 20% (200/1000)
[12-16 09:59:04 MainThread @decentralized_fqi_matrix.py:453]   Agent 3 progress: 30% (300/1000)
[12-16 09:59:04 MainThread @decentralized_fqi_matrix.py:453]   Agent 3 progress: 40% (400/1000)
[12-16 09:59:04 MainThread @decentralized_fqi_matrix.py:453]   Agent 3 progress: 50% (500/1000)
[12-16 09:59:04 MainThread @decentralized_fqi_matrix.py:453]   Agent 3 progress: 60% (600/1000)
[12-16 09:59:04 MainThread @decentralized_fqi_matrix.py:453]   Agent 3 progress: 70% (700/1000)
[12-16 09:59:04 MainThread @decentralized_fqi_matrix.py:453]   Agent 3 progress: 80% (800/1000)
[12-16 09:59:04 MainThread @decentralized_fqi_matrix.py:453]   Agent 3 progress: 90% (900/1000)
[12-16 09:59:04 MainThread @decentralized_fqi_matrix.py:486]   Agent 3 completed: avg Nash time=0.00ms
[12-16 09:59:04 MainThread @decentralized_fqi_matrix.py:379] Computing targets for agent 4/6...
[12-16 09:59:04 MainThread @decentralized_fqi_matrix.py:453]   Agent 4 progress: 10% (100/1000)
[12-16 09:59:04 MainThread @decentralized_fqi_matrix.py:453]   Agent 4 progress: 20% (200/1000)
[12-16 09:59:04 MainThread @decentralized_fqi_matrix.py:453]   Agent 4 progress: 30% (300/1000)
[12-16 09:59:04 MainThread @decentralized_fqi_matrix.py:453]   Agent 4 progress: 40% (400/1000)
[12-16 09:59:04 MainThread @decentralized_fqi_matrix.py:453]   Agent 4 progress: 50% (500/1000)
[12-16 09:59:04 MainThread @decentralized_fqi_matrix.py:453]   Agent 4 progress: 60% (600/1000)
[12-16 09:59:04 MainThread @decentralized_fqi_matrix.py:453]   Agent 4 progress: 70% (700/1000)
[12-16 09:59:04 MainThread @decentralized_fqi_matrix.py:453]   Agent 4 progress: 80% (800/1000)
[12-16 09:59:04 MainThread @decentralized_fqi_matrix.py:453]   Agent 4 progress: 90% (900/1000)
[12-16 09:59:04 MainThread @decentralized_fqi_matrix.py:486]   Agent 4 completed: avg Nash time=0.00ms
[12-16 09:59:04 MainThread @decentralized_fqi_matrix.py:379] Computing targets for agent 5/6...
[12-16 09:59:04 MainThread @decentralized_fqi_matrix.py:453]   Agent 5 progress: 10% (100/1000)
[12-16 09:59:04 MainThread @decentralized_fqi_matrix.py:453]   Agent 5 progress: 20% (200/1000)
[12-16 09:59:04 MainThread @decentralized_fqi_matrix.py:453]   Agent 5 progress: 30% (300/1000)
[12-16 09:59:04 MainThread @decentralized_fqi_matrix.py:453]   Agent 5 progress: 40% (400/1000)
[12-16 09:59:04 MainThread @decentralized_fqi_matrix.py:453]   Agent 5 progress: 50% (500/1000)
[12-16 09:59:04 MainThread @decentralized_fqi_matrix.py:453]   Agent 5 progress: 60% (600/1000)
[12-16 09:59:04 MainThread @decentralized_fqi_matrix.py:453]   Agent 5 progress: 70% (700/1000)
[12-16 09:59:04 MainThread @decentralized_fqi_matrix.py:453]   Agent 5 progress: 80% (800/1000)
[12-16 09:59:04 MainThread @decentralized_fqi_matrix.py:453]   Agent 5 progress: 90% (900/1000)
[12-16 09:59:04 MainThread @decentralized_fqi_matrix.py:486]   Agent 5 completed: avg Nash time=0.00ms
[12-16 09:59:04 MainThread @decentralized_fqi_matrix.py:379] Computing targets for agent 6/6...
[12-16 09:59:04 MainThread @decentralized_fqi_matrix.py:453]   Agent 6 progress: 10% (100/1000)
[12-16 09:59:04 MainThread @decentralized_fqi_matrix.py:453]   Agent 6 progress: 20% (200/1000)
[12-16 09:59:04 MainThread @decentralized_fqi_matrix.py:453]   Agent 6 progress: 30% (300/1000)
[12-16 09:59:04 MainThread @decentralized_fqi_matrix.py:453]   Agent 6 progress: 40% (400/1000)
[12-16 09:59:04 MainThread @decentralized_fqi_matrix.py:453]   Agent 6 progress: 50% (500/1000)
[12-16 09:59:04 MainThread @decentralized_fqi_matrix.py:453]   Agent 6 progress: 60% (600/1000)
[12-16 09:59:04 MainThread @decentralized_fqi_matrix.py:453]   Agent 6 progress: 70% (700/1000)
[12-16 09:59:04 MainThread @decentralized_fqi_matrix.py:453]   Agent 6 progress: 80% (800/1000)
[12-16 09:59:04 MainThread @decentralized_fqi_matrix.py:453]   Agent 6 progress: 90% (900/1000)
[12-16 09:59:04 MainThread @decentralized_fqi_matrix.py:486]   Agent 6 completed: avg Nash time=0.00ms
[12-16 09:59:04 MainThread @decentralized_fqi_matrix.py:389] Mean Nash solving time: 0.0000s
[12-16 09:59:04 MainThread @decentralized_fqi_matrix.py:393] Nash cache: 0.0% hit rate (0 hits, 24 misses, 24 cached)
[12-16 09:59:04 MainThread @decentralized_fqi_matrix.py:398] Solving (4) by DIGing decentralized optimization...
[12-16 09:59:06 MainThread @decentralized_fqi_matrix.py:417] Iteration 88 completed: loss=0.4579, td_error=0.5345, consensus_error=0.004433
[12-16 09:59:06 MainThread @decentralized_fqi_matrix.py:573]   [收敛检测] Loss趋势: +0.0001, 波动std: 0.0002
[12-16 09:59:06 MainThread @decentralized_fqi_matrix.py:581]   ✓ Loss已稳定(std=0.0002), 可能已收敛
[12-16 09:59:06 MainThread @decentralized_fqi_matrix.py:369] 
=== Fitted Q-Iteration 89/100 ===
[12-16 09:59:06 MainThread @decentralized_fqi_matrix.py:379] Computing targets for agent 1/6...
[12-16 09:59:06 MainThread @decentralized_fqi_matrix.py:453]   Agent 1 progress: 10% (100/1000)
[12-16 09:59:06 MainThread @decentralized_fqi_matrix.py:453]   Agent 1 progress: 20% (200/1000)
[12-16 09:59:06 MainThread @decentralized_fqi_matrix.py:453]   Agent 1 progress: 30% (300/1000)
[12-16 09:59:06 MainThread @decentralized_fqi_matrix.py:453]   Agent 1 progress: 40% (400/1000)
[12-16 09:59:06 MainThread @decentralized_fqi_matrix.py:453]   Agent 1 progress: 50% (500/1000)
[12-16 09:59:06 MainThread @decentralized_fqi_matrix.py:453]   Agent 1 progress: 60% (600/1000)
[12-16 09:59:06 MainThread @decentralized_fqi_matrix.py:453]   Agent 1 progress: 70% (700/1000)
[12-16 09:59:06 MainThread @decentralized_fqi_matrix.py:453]   Agent 1 progress: 80% (800/1000)
[12-16 09:59:06 MainThread @decentralized_fqi_matrix.py:453]   Agent 1 progress: 90% (900/1000)
[12-16 09:59:06 MainThread @decentralized_fqi_matrix.py:486]   Agent 1 completed: avg Nash time=0.00ms
[12-16 09:59:06 MainThread @decentralized_fqi_matrix.py:379] Computing targets for agent 2/6...
[12-16 09:59:06 MainThread @decentralized_fqi_matrix.py:453]   Agent 2 progress: 10% (100/1000)
[12-16 09:59:06 MainThread @decentralized_fqi_matrix.py:453]   Agent 2 progress: 20% (200/1000)
[12-16 09:59:06 MainThread @decentralized_fqi_matrix.py:453]   Agent 2 progress: 30% (300/1000)
[12-16 09:59:06 MainThread @decentralized_fqi_matrix.py:453]   Agent 2 progress: 40% (400/1000)
[12-16 09:59:06 MainThread @decentralized_fqi_matrix.py:453]   Agent 2 progress: 50% (500/1000)
[12-16 09:59:06 MainThread @decentralized_fqi_matrix.py:453]   Agent 2 progress: 60% (600/1000)
[12-16 09:59:06 MainThread @decentralized_fqi_matrix.py:453]   Agent 2 progress: 70% (700/1000)
[12-16 09:59:06 MainThread @decentralized_fqi_matrix.py:453]   Agent 2 progress: 80% (800/1000)
[12-16 09:59:06 MainThread @decentralized_fqi_matrix.py:453]   Agent 2 progress: 90% (900/1000)
[12-16 09:59:06 MainThread @decentralized_fqi_matrix.py:486]   Agent 2 completed: avg Nash time=0.00ms
[12-16 09:59:06 MainThread @decentralized_fqi_matrix.py:379] Computing targets for agent 3/6...
[12-16 09:59:06 MainThread @decentralized_fqi_matrix.py:453]   Agent 3 progress: 10% (100/1000)
[12-16 09:59:06 MainThread @decentralized_fqi_matrix.py:453]   Agent 3 progress: 20% (200/1000)
[12-16 09:59:06 MainThread @decentralized_fqi_matrix.py:453]   Agent 3 progress: 30% (300/1000)
[12-16 09:59:06 MainThread @decentralized_fqi_matrix.py:453]   Agent 3 progress: 40% (400/1000)
[12-16 09:59:06 MainThread @decentralized_fqi_matrix.py:453]   Agent 3 progress: 50% (500/1000)
[12-16 09:59:06 MainThread @decentralized_fqi_matrix.py:453]   Agent 3 progress: 60% (600/1000)
[12-16 09:59:06 MainThread @decentralized_fqi_matrix.py:453]   Agent 3 progress: 70% (700/1000)
[12-16 09:59:06 MainThread @decentralized_fqi_matrix.py:453]   Agent 3 progress: 80% (800/1000)
[12-16 09:59:06 MainThread @decentralized_fqi_matrix.py:453]   Agent 3 progress: 90% (900/1000)
[12-16 09:59:06 MainThread @decentralized_fqi_matrix.py:486]   Agent 3 completed: avg Nash time=0.00ms
[12-16 09:59:06 MainThread @decentralized_fqi_matrix.py:379] Computing targets for agent 4/6...
[12-16 09:59:06 MainThread @decentralized_fqi_matrix.py:453]   Agent 4 progress: 10% (100/1000)
[12-16 09:59:06 MainThread @decentralized_fqi_matrix.py:453]   Agent 4 progress: 20% (200/1000)
[12-16 09:59:06 MainThread @decentralized_fqi_matrix.py:453]   Agent 4 progress: 30% (300/1000)
[12-16 09:59:06 MainThread @decentralized_fqi_matrix.py:453]   Agent 4 progress: 40% (400/1000)
[12-16 09:59:06 MainThread @decentralized_fqi_matrix.py:453]   Agent 4 progress: 50% (500/1000)
[12-16 09:59:06 MainThread @decentralized_fqi_matrix.py:453]   Agent 4 progress: 60% (600/1000)
[12-16 09:59:06 MainThread @decentralized_fqi_matrix.py:453]   Agent 4 progress: 70% (700/1000)
[12-16 09:59:06 MainThread @decentralized_fqi_matrix.py:453]   Agent 4 progress: 80% (800/1000)
[12-16 09:59:06 MainThread @decentralized_fqi_matrix.py:453]   Agent 4 progress: 90% (900/1000)
[12-16 09:59:06 MainThread @decentralized_fqi_matrix.py:486]   Agent 4 completed: avg Nash time=0.00ms
[12-16 09:59:06 MainThread @decentralized_fqi_matrix.py:379] Computing targets for agent 5/6...
[12-16 09:59:06 MainThread @decentralized_fqi_matrix.py:453]   Agent 5 progress: 10% (100/1000)
[12-16 09:59:06 MainThread @decentralized_fqi_matrix.py:453]   Agent 5 progress: 20% (200/1000)
[12-16 09:59:06 MainThread @decentralized_fqi_matrix.py:453]   Agent 5 progress: 30% (300/1000)
[12-16 09:59:06 MainThread @decentralized_fqi_matrix.py:453]   Agent 5 progress: 40% (400/1000)
[12-16 09:59:06 MainThread @decentralized_fqi_matrix.py:453]   Agent 5 progress: 50% (500/1000)
[12-16 09:59:06 MainThread @decentralized_fqi_matrix.py:453]   Agent 5 progress: 60% (600/1000)
[12-16 09:59:06 MainThread @decentralized_fqi_matrix.py:453]   Agent 5 progress: 70% (700/1000)
[12-16 09:59:06 MainThread @decentralized_fqi_matrix.py:453]   Agent 5 progress: 80% (800/1000)
[12-16 09:59:06 MainThread @decentralized_fqi_matrix.py:453]   Agent 5 progress: 90% (900/1000)
[12-16 09:59:06 MainThread @decentralized_fqi_matrix.py:486]   Agent 5 completed: avg Nash time=0.00ms
[12-16 09:59:06 MainThread @decentralized_fqi_matrix.py:379] Computing targets for agent 6/6...
[12-16 09:59:06 MainThread @decentralized_fqi_matrix.py:453]   Agent 6 progress: 10% (100/1000)
[12-16 09:59:06 MainThread @decentralized_fqi_matrix.py:453]   Agent 6 progress: 20% (200/1000)
[12-16 09:59:06 MainThread @decentralized_fqi_matrix.py:453]   Agent 6 progress: 30% (300/1000)
[12-16 09:59:06 MainThread @decentralized_fqi_matrix.py:453]   Agent 6 progress: 40% (400/1000)
[12-16 09:59:06 MainThread @decentralized_fqi_matrix.py:453]   Agent 6 progress: 50% (500/1000)
[12-16 09:59:06 MainThread @decentralized_fqi_matrix.py:453]   Agent 6 progress: 60% (600/1000)
[12-16 09:59:06 MainThread @decentralized_fqi_matrix.py:453]   Agent 6 progress: 70% (700/1000)
[12-16 09:59:06 MainThread @decentralized_fqi_matrix.py:453]   Agent 6 progress: 80% (800/1000)
[12-16 09:59:06 MainThread @decentralized_fqi_matrix.py:453]   Agent 6 progress: 90% (900/1000)
[12-16 09:59:06 MainThread @decentralized_fqi_matrix.py:486]   Agent 6 completed: avg Nash time=0.00ms
[12-16 09:59:06 MainThread @decentralized_fqi_matrix.py:389] Mean Nash solving time: 0.0000s
[12-16 09:59:06 MainThread @decentralized_fqi_matrix.py:393] Nash cache: 0.0% hit rate (0 hits, 24 misses, 24 cached)
[12-16 09:59:06 MainThread @decentralized_fqi_matrix.py:398] Solving (4) by DIGing decentralized optimization...
[12-16 09:59:07 MainThread @decentralized_fqi_matrix.py:417] Iteration 89 completed: loss=0.4580, td_error=0.5347, consensus_error=0.003902
[12-16 09:59:07 MainThread @decentralized_fqi_matrix.py:573]   [收敛检测] Loss趋势: +0.0001, 波动std: 0.0002
[12-16 09:59:07 MainThread @decentralized_fqi_matrix.py:581]   ✓ Loss已稳定(std=0.0002), 可能已收敛
[12-16 09:59:07 MainThread @decentralized_fqi_matrix.py:369] 
=== Fitted Q-Iteration 90/100 ===
[12-16 09:59:07 MainThread @decentralized_fqi_matrix.py:379] Computing targets for agent 1/6...
[12-16 09:59:07 MainThread @decentralized_fqi_matrix.py:453]   Agent 1 progress: 10% (100/1000)
[12-16 09:59:07 MainThread @decentralized_fqi_matrix.py:453]   Agent 1 progress: 20% (200/1000)
[12-16 09:59:07 MainThread @decentralized_fqi_matrix.py:453]   Agent 1 progress: 30% (300/1000)
[12-16 09:59:07 MainThread @decentralized_fqi_matrix.py:453]   Agent 1 progress: 40% (400/1000)
[12-16 09:59:07 MainThread @decentralized_fqi_matrix.py:453]   Agent 1 progress: 50% (500/1000)
[12-16 09:59:07 MainThread @decentralized_fqi_matrix.py:453]   Agent 1 progress: 60% (600/1000)
[12-16 09:59:07 MainThread @decentralized_fqi_matrix.py:453]   Agent 1 progress: 70% (700/1000)
[12-16 09:59:07 MainThread @decentralized_fqi_matrix.py:453]   Agent 1 progress: 80% (800/1000)
[12-16 09:59:07 MainThread @decentralized_fqi_matrix.py:453]   Agent 1 progress: 90% (900/1000)
[12-16 09:59:07 MainThread @decentralized_fqi_matrix.py:486]   Agent 1 completed: avg Nash time=0.00ms
[12-16 09:59:07 MainThread @decentralized_fqi_matrix.py:379] Computing targets for agent 2/6...
[12-16 09:59:07 MainThread @decentralized_fqi_matrix.py:453]   Agent 2 progress: 10% (100/1000)
[12-16 09:59:07 MainThread @decentralized_fqi_matrix.py:453]   Agent 2 progress: 20% (200/1000)
[12-16 09:59:07 MainThread @decentralized_fqi_matrix.py:453]   Agent 2 progress: 30% (300/1000)
[12-16 09:59:07 MainThread @decentralized_fqi_matrix.py:453]   Agent 2 progress: 40% (400/1000)
[12-16 09:59:07 MainThread @decentralized_fqi_matrix.py:453]   Agent 2 progress: 50% (500/1000)
[12-16 09:59:07 MainThread @decentralized_fqi_matrix.py:453]   Agent 2 progress: 60% (600/1000)
[12-16 09:59:07 MainThread @decentralized_fqi_matrix.py:453]   Agent 2 progress: 70% (700/1000)
[12-16 09:59:07 MainThread @decentralized_fqi_matrix.py:453]   Agent 2 progress: 80% (800/1000)
[12-16 09:59:07 MainThread @decentralized_fqi_matrix.py:453]   Agent 2 progress: 90% (900/1000)
[12-16 09:59:07 MainThread @decentralized_fqi_matrix.py:486]   Agent 2 completed: avg Nash time=0.00ms
[12-16 09:59:07 MainThread @decentralized_fqi_matrix.py:379] Computing targets for agent 3/6...
[12-16 09:59:07 MainThread @decentralized_fqi_matrix.py:453]   Agent 3 progress: 10% (100/1000)
[12-16 09:59:07 MainThread @decentralized_fqi_matrix.py:453]   Agent 3 progress: 20% (200/1000)
[12-16 09:59:07 MainThread @decentralized_fqi_matrix.py:453]   Agent 3 progress: 30% (300/1000)
[12-16 09:59:07 MainThread @decentralized_fqi_matrix.py:453]   Agent 3 progress: 40% (400/1000)
[12-16 09:59:07 MainThread @decentralized_fqi_matrix.py:453]   Agent 3 progress: 50% (500/1000)
[12-16 09:59:07 MainThread @decentralized_fqi_matrix.py:453]   Agent 3 progress: 60% (600/1000)
[12-16 09:59:07 MainThread @decentralized_fqi_matrix.py:453]   Agent 3 progress: 70% (700/1000)
[12-16 09:59:07 MainThread @decentralized_fqi_matrix.py:453]   Agent 3 progress: 80% (800/1000)
[12-16 09:59:07 MainThread @decentralized_fqi_matrix.py:453]   Agent 3 progress: 90% (900/1000)
[12-16 09:59:07 MainThread @decentralized_fqi_matrix.py:486]   Agent 3 completed: avg Nash time=0.00ms
[12-16 09:59:07 MainThread @decentralized_fqi_matrix.py:379] Computing targets for agent 4/6...
[12-16 09:59:07 MainThread @decentralized_fqi_matrix.py:453]   Agent 4 progress: 10% (100/1000)
[12-16 09:59:07 MainThread @decentralized_fqi_matrix.py:453]   Agent 4 progress: 20% (200/1000)
[12-16 09:59:07 MainThread @decentralized_fqi_matrix.py:453]   Agent 4 progress: 30% (300/1000)
[12-16 09:59:07 MainThread @decentralized_fqi_matrix.py:453]   Agent 4 progress: 40% (400/1000)
[12-16 09:59:07 MainThread @decentralized_fqi_matrix.py:453]   Agent 4 progress: 50% (500/1000)
[12-16 09:59:07 MainThread @decentralized_fqi_matrix.py:453]   Agent 4 progress: 60% (600/1000)
[12-16 09:59:07 MainThread @decentralized_fqi_matrix.py:453]   Agent 4 progress: 70% (700/1000)
[12-16 09:59:07 MainThread @decentralized_fqi_matrix.py:453]   Agent 4 progress: 80% (800/1000)
[12-16 09:59:07 MainThread @decentralized_fqi_matrix.py:453]   Agent 4 progress: 90% (900/1000)
[12-16 09:59:07 MainThread @decentralized_fqi_matrix.py:486]   Agent 4 completed: avg Nash time=0.00ms
[12-16 09:59:07 MainThread @decentralized_fqi_matrix.py:379] Computing targets for agent 5/6...
[12-16 09:59:07 MainThread @decentralized_fqi_matrix.py:453]   Agent 5 progress: 10% (100/1000)
[12-16 09:59:07 MainThread @decentralized_fqi_matrix.py:453]   Agent 5 progress: 20% (200/1000)
[12-16 09:59:07 MainThread @decentralized_fqi_matrix.py:453]   Agent 5 progress: 30% (300/1000)
[12-16 09:59:07 MainThread @decentralized_fqi_matrix.py:453]   Agent 5 progress: 40% (400/1000)
[12-16 09:59:07 MainThread @decentralized_fqi_matrix.py:453]   Agent 5 progress: 50% (500/1000)
[12-16 09:59:07 MainThread @decentralized_fqi_matrix.py:453]   Agent 5 progress: 60% (600/1000)
[12-16 09:59:07 MainThread @decentralized_fqi_matrix.py:453]   Agent 5 progress: 70% (700/1000)
[12-16 09:59:07 MainThread @decentralized_fqi_matrix.py:453]   Agent 5 progress: 80% (800/1000)
[12-16 09:59:07 MainThread @decentralized_fqi_matrix.py:453]   Agent 5 progress: 90% (900/1000)
[12-16 09:59:07 MainThread @decentralized_fqi_matrix.py:486]   Agent 5 completed: avg Nash time=0.00ms
[12-16 09:59:07 MainThread @decentralized_fqi_matrix.py:379] Computing targets for agent 6/6...
[12-16 09:59:07 MainThread @decentralized_fqi_matrix.py:453]   Agent 6 progress: 10% (100/1000)
[12-16 09:59:07 MainThread @decentralized_fqi_matrix.py:453]   Agent 6 progress: 20% (200/1000)
[12-16 09:59:07 MainThread @decentralized_fqi_matrix.py:453]   Agent 6 progress: 30% (300/1000)
[12-16 09:59:07 MainThread @decentralized_fqi_matrix.py:453]   Agent 6 progress: 40% (400/1000)
[12-16 09:59:07 MainThread @decentralized_fqi_matrix.py:453]   Agent 6 progress: 50% (500/1000)
[12-16 09:59:07 MainThread @decentralized_fqi_matrix.py:453]   Agent 6 progress: 60% (600/1000)
[12-16 09:59:07 MainThread @decentralized_fqi_matrix.py:453]   Agent 6 progress: 70% (700/1000)
[12-16 09:59:07 MainThread @decentralized_fqi_matrix.py:453]   Agent 6 progress: 80% (800/1000)
[12-16 09:59:07 MainThread @decentralized_fqi_matrix.py:453]   Agent 6 progress: 90% (900/1000)
[12-16 09:59:07 MainThread @decentralized_fqi_matrix.py:486]   Agent 6 completed: avg Nash time=0.00ms
[12-16 09:59:07 MainThread @decentralized_fqi_matrix.py:389] Mean Nash solving time: 0.0000s
[12-16 09:59:07 MainThread @decentralized_fqi_matrix.py:393] Nash cache: 0.0% hit rate (0 hits, 24 misses, 24 cached)
[12-16 09:59:07 MainThread @decentralized_fqi_matrix.py:398] Solving (4) by DIGing decentralized optimization...
[12-16 09:59:09 MainThread @decentralized_fqi_matrix.py:417] Iteration 90 completed: loss=0.4581, td_error=0.5347, consensus_error=0.001814
[12-16 09:59:09 MainThread @decentralized_fqi_matrix.py:573]   [收敛检测] Loss趋势: -0.0005, 波动std: 0.0002
[12-16 09:59:09 MainThread @decentralized_fqi_matrix.py:581]   ✓ Loss已稳定(std=0.0002), 可能已收敛
[12-16 09:59:09 MainThread @train_matrix.py:293] 
=== Evaluation at Iteration 90 ===
[12-16 09:59:09 MainThread @train_matrix.py:294]   Nash distance: 0.816497
[12-16 09:59:09 MainThread @train_matrix.py:295]   Learned Nash value: 0.1232 (True: -0.0000)
[12-16 09:59:09 MainThread @train_matrix.py:297]   Value error: 0.123160

[12-16 09:59:09 MainThread @decentralized_fqi_matrix.py:369] 
=== Fitted Q-Iteration 91/100 ===
[12-16 09:59:09 MainThread @decentralized_fqi_matrix.py:379] Computing targets for agent 1/6...
[12-16 09:59:09 MainThread @decentralized_fqi_matrix.py:453]   Agent 1 progress: 10% (100/1000)
[12-16 09:59:09 MainThread @decentralized_fqi_matrix.py:453]   Agent 1 progress: 20% (200/1000)
[12-16 09:59:09 MainThread @decentralized_fqi_matrix.py:453]   Agent 1 progress: 30% (300/1000)
[12-16 09:59:09 MainThread @decentralized_fqi_matrix.py:453]   Agent 1 progress: 40% (400/1000)
[12-16 09:59:09 MainThread @decentralized_fqi_matrix.py:453]   Agent 1 progress: 50% (500/1000)
[12-16 09:59:09 MainThread @decentralized_fqi_matrix.py:453]   Agent 1 progress: 60% (600/1000)
[12-16 09:59:09 MainThread @decentralized_fqi_matrix.py:453]   Agent 1 progress: 70% (700/1000)
[12-16 09:59:09 MainThread @decentralized_fqi_matrix.py:453]   Agent 1 progress: 80% (800/1000)
[12-16 09:59:09 MainThread @decentralized_fqi_matrix.py:453]   Agent 1 progress: 90% (900/1000)
[12-16 09:59:09 MainThread @decentralized_fqi_matrix.py:486]   Agent 1 completed: avg Nash time=0.00ms
[12-16 09:59:09 MainThread @decentralized_fqi_matrix.py:379] Computing targets for agent 2/6...
[12-16 09:59:09 MainThread @decentralized_fqi_matrix.py:453]   Agent 2 progress: 10% (100/1000)
[12-16 09:59:09 MainThread @decentralized_fqi_matrix.py:453]   Agent 2 progress: 20% (200/1000)
[12-16 09:59:09 MainThread @decentralized_fqi_matrix.py:453]   Agent 2 progress: 30% (300/1000)
[12-16 09:59:09 MainThread @decentralized_fqi_matrix.py:453]   Agent 2 progress: 40% (400/1000)
[12-16 09:59:09 MainThread @decentralized_fqi_matrix.py:453]   Agent 2 progress: 50% (500/1000)
[12-16 09:59:09 MainThread @decentralized_fqi_matrix.py:453]   Agent 2 progress: 60% (600/1000)
[12-16 09:59:09 MainThread @decentralized_fqi_matrix.py:453]   Agent 2 progress: 70% (700/1000)
[12-16 09:59:09 MainThread @decentralized_fqi_matrix.py:453]   Agent 2 progress: 80% (800/1000)
[12-16 09:59:09 MainThread @decentralized_fqi_matrix.py:453]   Agent 2 progress: 90% (900/1000)
[12-16 09:59:09 MainThread @decentralized_fqi_matrix.py:486]   Agent 2 completed: avg Nash time=0.00ms
[12-16 09:59:09 MainThread @decentralized_fqi_matrix.py:379] Computing targets for agent 3/6...
[12-16 09:59:09 MainThread @decentralized_fqi_matrix.py:453]   Agent 3 progress: 10% (100/1000)
[12-16 09:59:09 MainThread @decentralized_fqi_matrix.py:453]   Agent 3 progress: 20% (200/1000)
[12-16 09:59:09 MainThread @decentralized_fqi_matrix.py:453]   Agent 3 progress: 30% (300/1000)
[12-16 09:59:09 MainThread @decentralized_fqi_matrix.py:453]   Agent 3 progress: 40% (400/1000)
[12-16 09:59:09 MainThread @decentralized_fqi_matrix.py:453]   Agent 3 progress: 50% (500/1000)
[12-16 09:59:09 MainThread @decentralized_fqi_matrix.py:453]   Agent 3 progress: 60% (600/1000)
[12-16 09:59:09 MainThread @decentralized_fqi_matrix.py:453]   Agent 3 progress: 70% (700/1000)
[12-16 09:59:09 MainThread @decentralized_fqi_matrix.py:453]   Agent 3 progress: 80% (800/1000)
[12-16 09:59:09 MainThread @decentralized_fqi_matrix.py:453]   Agent 3 progress: 90% (900/1000)
[12-16 09:59:09 MainThread @decentralized_fqi_matrix.py:486]   Agent 3 completed: avg Nash time=0.00ms
[12-16 09:59:09 MainThread @decentralized_fqi_matrix.py:379] Computing targets for agent 4/6...
[12-16 09:59:09 MainThread @decentralized_fqi_matrix.py:453]   Agent 4 progress: 10% (100/1000)
[12-16 09:59:09 MainThread @decentralized_fqi_matrix.py:453]   Agent 4 progress: 20% (200/1000)
[12-16 09:59:09 MainThread @decentralized_fqi_matrix.py:453]   Agent 4 progress: 30% (300/1000)
[12-16 09:59:09 MainThread @decentralized_fqi_matrix.py:453]   Agent 4 progress: 40% (400/1000)
[12-16 09:59:09 MainThread @decentralized_fqi_matrix.py:453]   Agent 4 progress: 50% (500/1000)
[12-16 09:59:09 MainThread @decentralized_fqi_matrix.py:453]   Agent 4 progress: 60% (600/1000)
[12-16 09:59:09 MainThread @decentralized_fqi_matrix.py:453]   Agent 4 progress: 70% (700/1000)
[12-16 09:59:09 MainThread @decentralized_fqi_matrix.py:453]   Agent 4 progress: 80% (800/1000)
[12-16 09:59:09 MainThread @decentralized_fqi_matrix.py:453]   Agent 4 progress: 90% (900/1000)
[12-16 09:59:09 MainThread @decentralized_fqi_matrix.py:486]   Agent 4 completed: avg Nash time=0.00ms
[12-16 09:59:09 MainThread @decentralized_fqi_matrix.py:379] Computing targets for agent 5/6...
[12-16 09:59:09 MainThread @decentralized_fqi_matrix.py:453]   Agent 5 progress: 10% (100/1000)
[12-16 09:59:09 MainThread @decentralized_fqi_matrix.py:453]   Agent 5 progress: 20% (200/1000)
[12-16 09:59:09 MainThread @decentralized_fqi_matrix.py:453]   Agent 5 progress: 30% (300/1000)
[12-16 09:59:09 MainThread @decentralized_fqi_matrix.py:453]   Agent 5 progress: 40% (400/1000)
[12-16 09:59:09 MainThread @decentralized_fqi_matrix.py:453]   Agent 5 progress: 50% (500/1000)
[12-16 09:59:09 MainThread @decentralized_fqi_matrix.py:453]   Agent 5 progress: 60% (600/1000)
[12-16 09:59:09 MainThread @decentralized_fqi_matrix.py:453]   Agent 5 progress: 70% (700/1000)
[12-16 09:59:09 MainThread @decentralized_fqi_matrix.py:453]   Agent 5 progress: 80% (800/1000)
[12-16 09:59:09 MainThread @decentralized_fqi_matrix.py:453]   Agent 5 progress: 90% (900/1000)
[12-16 09:59:09 MainThread @decentralized_fqi_matrix.py:486]   Agent 5 completed: avg Nash time=0.00ms
[12-16 09:59:09 MainThread @decentralized_fqi_matrix.py:379] Computing targets for agent 6/6...
[12-16 09:59:09 MainThread @decentralized_fqi_matrix.py:453]   Agent 6 progress: 10% (100/1000)
[12-16 09:59:09 MainThread @decentralized_fqi_matrix.py:453]   Agent 6 progress: 20% (200/1000)
[12-16 09:59:09 MainThread @decentralized_fqi_matrix.py:453]   Agent 6 progress: 30% (300/1000)
[12-16 09:59:09 MainThread @decentralized_fqi_matrix.py:453]   Agent 6 progress: 40% (400/1000)
[12-16 09:59:09 MainThread @decentralized_fqi_matrix.py:453]   Agent 6 progress: 50% (500/1000)
[12-16 09:59:09 MainThread @decentralized_fqi_matrix.py:453]   Agent 6 progress: 60% (600/1000)
[12-16 09:59:09 MainThread @decentralized_fqi_matrix.py:453]   Agent 6 progress: 70% (700/1000)
[12-16 09:59:09 MainThread @decentralized_fqi_matrix.py:453]   Agent 6 progress: 80% (800/1000)
[12-16 09:59:09 MainThread @decentralized_fqi_matrix.py:453]   Agent 6 progress: 90% (900/1000)
[12-16 09:59:09 MainThread @decentralized_fqi_matrix.py:486]   Agent 6 completed: avg Nash time=0.00ms
[12-16 09:59:09 MainThread @decentralized_fqi_matrix.py:389] Mean Nash solving time: 0.0000s
[12-16 09:59:09 MainThread @decentralized_fqi_matrix.py:393] Nash cache: 0.0% hit rate (0 hits, 27 misses, 27 cached)
[12-16 09:59:09 MainThread @decentralized_fqi_matrix.py:398] Solving (4) by DIGing decentralized optimization...
[12-16 09:59:11 MainThread @decentralized_fqi_matrix.py:417] Iteration 91 completed: loss=0.4580, td_error=0.5344, consensus_error=0.002078
[12-16 09:59:11 MainThread @decentralized_fqi_matrix.py:573]   [收敛检测] Loss趋势: -0.0001, 波动std: 0.0001
[12-16 09:59:11 MainThread @decentralized_fqi_matrix.py:581]   ✓ Loss已稳定(std=0.0001), 可能已收敛
[12-16 09:59:11 MainThread @decentralized_fqi_matrix.py:369] 
=== Fitted Q-Iteration 92/100 ===
[12-16 09:59:11 MainThread @decentralized_fqi_matrix.py:379] Computing targets for agent 1/6...
[12-16 09:59:11 MainThread @decentralized_fqi_matrix.py:453]   Agent 1 progress: 10% (100/1000)
[12-16 09:59:11 MainThread @decentralized_fqi_matrix.py:453]   Agent 1 progress: 20% (200/1000)
[12-16 09:59:11 MainThread @decentralized_fqi_matrix.py:453]   Agent 1 progress: 30% (300/1000)
[12-16 09:59:11 MainThread @decentralized_fqi_matrix.py:453]   Agent 1 progress: 40% (400/1000)
[12-16 09:59:11 MainThread @decentralized_fqi_matrix.py:453]   Agent 1 progress: 50% (500/1000)
[12-16 09:59:11 MainThread @decentralized_fqi_matrix.py:453]   Agent 1 progress: 60% (600/1000)
[12-16 09:59:11 MainThread @decentralized_fqi_matrix.py:453]   Agent 1 progress: 70% (700/1000)
[12-16 09:59:11 MainThread @decentralized_fqi_matrix.py:453]   Agent 1 progress: 80% (800/1000)
[12-16 09:59:11 MainThread @decentralized_fqi_matrix.py:453]   Agent 1 progress: 90% (900/1000)
[12-16 09:59:11 MainThread @decentralized_fqi_matrix.py:486]   Agent 1 completed: avg Nash time=0.00ms
[12-16 09:59:11 MainThread @decentralized_fqi_matrix.py:379] Computing targets for agent 2/6...
[12-16 09:59:11 MainThread @decentralized_fqi_matrix.py:453]   Agent 2 progress: 10% (100/1000)
[12-16 09:59:11 MainThread @decentralized_fqi_matrix.py:453]   Agent 2 progress: 20% (200/1000)
[12-16 09:59:11 MainThread @decentralized_fqi_matrix.py:453]   Agent 2 progress: 30% (300/1000)
[12-16 09:59:11 MainThread @decentralized_fqi_matrix.py:453]   Agent 2 progress: 40% (400/1000)
[12-16 09:59:11 MainThread @decentralized_fqi_matrix.py:453]   Agent 2 progress: 50% (500/1000)
[12-16 09:59:11 MainThread @decentralized_fqi_matrix.py:453]   Agent 2 progress: 60% (600/1000)
[12-16 09:59:11 MainThread @decentralized_fqi_matrix.py:453]   Agent 2 progress: 70% (700/1000)
[12-16 09:59:11 MainThread @decentralized_fqi_matrix.py:453]   Agent 2 progress: 80% (800/1000)
[12-16 09:59:11 MainThread @decentralized_fqi_matrix.py:453]   Agent 2 progress: 90% (900/1000)
[12-16 09:59:11 MainThread @decentralized_fqi_matrix.py:486]   Agent 2 completed: avg Nash time=0.00ms
[12-16 09:59:11 MainThread @decentralized_fqi_matrix.py:379] Computing targets for agent 3/6...
[12-16 09:59:11 MainThread @decentralized_fqi_matrix.py:453]   Agent 3 progress: 10% (100/1000)
[12-16 09:59:11 MainThread @decentralized_fqi_matrix.py:453]   Agent 3 progress: 20% (200/1000)
[12-16 09:59:11 MainThread @decentralized_fqi_matrix.py:453]   Agent 3 progress: 30% (300/1000)
[12-16 09:59:11 MainThread @decentralized_fqi_matrix.py:453]   Agent 3 progress: 40% (400/1000)
[12-16 09:59:11 MainThread @decentralized_fqi_matrix.py:453]   Agent 3 progress: 50% (500/1000)
[12-16 09:59:11 MainThread @decentralized_fqi_matrix.py:453]   Agent 3 progress: 60% (600/1000)
[12-16 09:59:11 MainThread @decentralized_fqi_matrix.py:453]   Agent 3 progress: 70% (700/1000)
[12-16 09:59:11 MainThread @decentralized_fqi_matrix.py:453]   Agent 3 progress: 80% (800/1000)
[12-16 09:59:11 MainThread @decentralized_fqi_matrix.py:453]   Agent 3 progress: 90% (900/1000)
[12-16 09:59:11 MainThread @decentralized_fqi_matrix.py:486]   Agent 3 completed: avg Nash time=0.00ms
[12-16 09:59:11 MainThread @decentralized_fqi_matrix.py:379] Computing targets for agent 4/6...
[12-16 09:59:11 MainThread @decentralized_fqi_matrix.py:453]   Agent 4 progress: 10% (100/1000)
[12-16 09:59:11 MainThread @decentralized_fqi_matrix.py:453]   Agent 4 progress: 20% (200/1000)
[12-16 09:59:11 MainThread @decentralized_fqi_matrix.py:453]   Agent 4 progress: 30% (300/1000)
[12-16 09:59:11 MainThread @decentralized_fqi_matrix.py:453]   Agent 4 progress: 40% (400/1000)
[12-16 09:59:11 MainThread @decentralized_fqi_matrix.py:453]   Agent 4 progress: 50% (500/1000)
[12-16 09:59:11 MainThread @decentralized_fqi_matrix.py:453]   Agent 4 progress: 60% (600/1000)
[12-16 09:59:11 MainThread @decentralized_fqi_matrix.py:453]   Agent 4 progress: 70% (700/1000)
[12-16 09:59:11 MainThread @decentralized_fqi_matrix.py:453]   Agent 4 progress: 80% (800/1000)
[12-16 09:59:11 MainThread @decentralized_fqi_matrix.py:453]   Agent 4 progress: 90% (900/1000)
[12-16 09:59:11 MainThread @decentralized_fqi_matrix.py:486]   Agent 4 completed: avg Nash time=0.00ms
[12-16 09:59:11 MainThread @decentralized_fqi_matrix.py:379] Computing targets for agent 5/6...
[12-16 09:59:11 MainThread @decentralized_fqi_matrix.py:453]   Agent 5 progress: 10% (100/1000)
[12-16 09:59:11 MainThread @decentralized_fqi_matrix.py:453]   Agent 5 progress: 20% (200/1000)
[12-16 09:59:11 MainThread @decentralized_fqi_matrix.py:453]   Agent 5 progress: 30% (300/1000)
[12-16 09:59:11 MainThread @decentralized_fqi_matrix.py:453]   Agent 5 progress: 40% (400/1000)
[12-16 09:59:11 MainThread @decentralized_fqi_matrix.py:453]   Agent 5 progress: 50% (500/1000)
[12-16 09:59:11 MainThread @decentralized_fqi_matrix.py:453]   Agent 5 progress: 60% (600/1000)
[12-16 09:59:11 MainThread @decentralized_fqi_matrix.py:453]   Agent 5 progress: 70% (700/1000)
[12-16 09:59:11 MainThread @decentralized_fqi_matrix.py:453]   Agent 5 progress: 80% (800/1000)
[12-16 09:59:11 MainThread @decentralized_fqi_matrix.py:453]   Agent 5 progress: 90% (900/1000)
[12-16 09:59:11 MainThread @decentralized_fqi_matrix.py:486]   Agent 5 completed: avg Nash time=0.00ms
[12-16 09:59:11 MainThread @decentralized_fqi_matrix.py:379] Computing targets for agent 6/6...
[12-16 09:59:11 MainThread @decentralized_fqi_matrix.py:453]   Agent 6 progress: 10% (100/1000)
[12-16 09:59:11 MainThread @decentralized_fqi_matrix.py:453]   Agent 6 progress: 20% (200/1000)
[12-16 09:59:11 MainThread @decentralized_fqi_matrix.py:453]   Agent 6 progress: 30% (300/1000)
[12-16 09:59:11 MainThread @decentralized_fqi_matrix.py:453]   Agent 6 progress: 40% (400/1000)
[12-16 09:59:11 MainThread @decentralized_fqi_matrix.py:453]   Agent 6 progress: 50% (500/1000)
[12-16 09:59:11 MainThread @decentralized_fqi_matrix.py:453]   Agent 6 progress: 60% (600/1000)
[12-16 09:59:11 MainThread @decentralized_fqi_matrix.py:453]   Agent 6 progress: 70% (700/1000)
[12-16 09:59:11 MainThread @decentralized_fqi_matrix.py:453]   Agent 6 progress: 80% (800/1000)
[12-16 09:59:11 MainThread @decentralized_fqi_matrix.py:453]   Agent 6 progress: 90% (900/1000)
[12-16 09:59:11 MainThread @decentralized_fqi_matrix.py:486]   Agent 6 completed: avg Nash time=0.00ms
[12-16 09:59:11 MainThread @decentralized_fqi_matrix.py:389] Mean Nash solving time: 0.0000s
[12-16 09:59:11 MainThread @decentralized_fqi_matrix.py:393] Nash cache: 0.0% hit rate (0 hits, 27 misses, 27 cached)
[12-16 09:59:11 MainThread @decentralized_fqi_matrix.py:398] Solving (4) by DIGing decentralized optimization...
[12-16 09:59:13 MainThread @decentralized_fqi_matrix.py:417] Iteration 92 completed: loss=0.4585, td_error=0.5351, consensus_error=0.002482
[12-16 09:59:13 MainThread @decentralized_fqi_matrix.py:573]   [收敛检测] Loss趋势: -0.0007, 波动std: 0.0002
[12-16 09:59:13 MainThread @decentralized_fqi_matrix.py:581]   ✓ Loss已稳定(std=0.0002), 可能已收敛
[12-16 09:59:13 MainThread @decentralized_fqi_matrix.py:369] 
=== Fitted Q-Iteration 93/100 ===
[12-16 09:59:13 MainThread @decentralized_fqi_matrix.py:379] Computing targets for agent 1/6...
[12-16 09:59:13 MainThread @decentralized_fqi_matrix.py:453]   Agent 1 progress: 10% (100/1000)
[12-16 09:59:13 MainThread @decentralized_fqi_matrix.py:453]   Agent 1 progress: 20% (200/1000)
[12-16 09:59:13 MainThread @decentralized_fqi_matrix.py:453]   Agent 1 progress: 30% (300/1000)
[12-16 09:59:13 MainThread @decentralized_fqi_matrix.py:453]   Agent 1 progress: 40% (400/1000)
[12-16 09:59:13 MainThread @decentralized_fqi_matrix.py:453]   Agent 1 progress: 50% (500/1000)
[12-16 09:59:13 MainThread @decentralized_fqi_matrix.py:453]   Agent 1 progress: 60% (600/1000)
[12-16 09:59:13 MainThread @decentralized_fqi_matrix.py:453]   Agent 1 progress: 70% (700/1000)
[12-16 09:59:13 MainThread @decentralized_fqi_matrix.py:453]   Agent 1 progress: 80% (800/1000)
[12-16 09:59:13 MainThread @decentralized_fqi_matrix.py:453]   Agent 1 progress: 90% (900/1000)
[12-16 09:59:13 MainThread @decentralized_fqi_matrix.py:486]   Agent 1 completed: avg Nash time=0.00ms
[12-16 09:59:13 MainThread @decentralized_fqi_matrix.py:379] Computing targets for agent 2/6...
[12-16 09:59:13 MainThread @decentralized_fqi_matrix.py:453]   Agent 2 progress: 10% (100/1000)
[12-16 09:59:13 MainThread @decentralized_fqi_matrix.py:453]   Agent 2 progress: 20% (200/1000)
[12-16 09:59:13 MainThread @decentralized_fqi_matrix.py:453]   Agent 2 progress: 30% (300/1000)
[12-16 09:59:13 MainThread @decentralized_fqi_matrix.py:453]   Agent 2 progress: 40% (400/1000)
[12-16 09:59:13 MainThread @decentralized_fqi_matrix.py:453]   Agent 2 progress: 50% (500/1000)
[12-16 09:59:13 MainThread @decentralized_fqi_matrix.py:453]   Agent 2 progress: 60% (600/1000)
[12-16 09:59:13 MainThread @decentralized_fqi_matrix.py:453]   Agent 2 progress: 70% (700/1000)
[12-16 09:59:13 MainThread @decentralized_fqi_matrix.py:453]   Agent 2 progress: 80% (800/1000)
[12-16 09:59:13 MainThread @decentralized_fqi_matrix.py:453]   Agent 2 progress: 90% (900/1000)
[12-16 09:59:13 MainThread @decentralized_fqi_matrix.py:486]   Agent 2 completed: avg Nash time=0.00ms
[12-16 09:59:13 MainThread @decentralized_fqi_matrix.py:379] Computing targets for agent 3/6...
[12-16 09:59:13 MainThread @decentralized_fqi_matrix.py:453]   Agent 3 progress: 10% (100/1000)
[12-16 09:59:13 MainThread @decentralized_fqi_matrix.py:453]   Agent 3 progress: 20% (200/1000)
[12-16 09:59:13 MainThread @decentralized_fqi_matrix.py:453]   Agent 3 progress: 30% (300/1000)
[12-16 09:59:13 MainThread @decentralized_fqi_matrix.py:453]   Agent 3 progress: 40% (400/1000)
[12-16 09:59:13 MainThread @decentralized_fqi_matrix.py:453]   Agent 3 progress: 50% (500/1000)
[12-16 09:59:13 MainThread @decentralized_fqi_matrix.py:453]   Agent 3 progress: 60% (600/1000)
[12-16 09:59:13 MainThread @decentralized_fqi_matrix.py:453]   Agent 3 progress: 70% (700/1000)
[12-16 09:59:13 MainThread @decentralized_fqi_matrix.py:453]   Agent 3 progress: 80% (800/1000)
[12-16 09:59:13 MainThread @decentralized_fqi_matrix.py:453]   Agent 3 progress: 90% (900/1000)
[12-16 09:59:13 MainThread @decentralized_fqi_matrix.py:486]   Agent 3 completed: avg Nash time=0.00ms
[12-16 09:59:13 MainThread @decentralized_fqi_matrix.py:379] Computing targets for agent 4/6...
[12-16 09:59:13 MainThread @decentralized_fqi_matrix.py:453]   Agent 4 progress: 10% (100/1000)
[12-16 09:59:13 MainThread @decentralized_fqi_matrix.py:453]   Agent 4 progress: 20% (200/1000)
[12-16 09:59:13 MainThread @decentralized_fqi_matrix.py:453]   Agent 4 progress: 30% (300/1000)
[12-16 09:59:13 MainThread @decentralized_fqi_matrix.py:453]   Agent 4 progress: 40% (400/1000)
[12-16 09:59:13 MainThread @decentralized_fqi_matrix.py:453]   Agent 4 progress: 50% (500/1000)
[12-16 09:59:13 MainThread @decentralized_fqi_matrix.py:453]   Agent 4 progress: 60% (600/1000)
[12-16 09:59:13 MainThread @decentralized_fqi_matrix.py:453]   Agent 4 progress: 70% (700/1000)
[12-16 09:59:13 MainThread @decentralized_fqi_matrix.py:453]   Agent 4 progress: 80% (800/1000)
[12-16 09:59:13 MainThread @decentralized_fqi_matrix.py:453]   Agent 4 progress: 90% (900/1000)
[12-16 09:59:13 MainThread @decentralized_fqi_matrix.py:486]   Agent 4 completed: avg Nash time=0.00ms
[12-16 09:59:13 MainThread @decentralized_fqi_matrix.py:379] Computing targets for agent 5/6...
[12-16 09:59:13 MainThread @decentralized_fqi_matrix.py:453]   Agent 5 progress: 10% (100/1000)
[12-16 09:59:13 MainThread @decentralized_fqi_matrix.py:453]   Agent 5 progress: 20% (200/1000)
[12-16 09:59:13 MainThread @decentralized_fqi_matrix.py:453]   Agent 5 progress: 30% (300/1000)
[12-16 09:59:13 MainThread @decentralized_fqi_matrix.py:453]   Agent 5 progress: 40% (400/1000)
[12-16 09:59:13 MainThread @decentralized_fqi_matrix.py:453]   Agent 5 progress: 50% (500/1000)
[12-16 09:59:13 MainThread @decentralized_fqi_matrix.py:453]   Agent 5 progress: 60% (600/1000)
[12-16 09:59:13 MainThread @decentralized_fqi_matrix.py:453]   Agent 5 progress: 70% (700/1000)
[12-16 09:59:13 MainThread @decentralized_fqi_matrix.py:453]   Agent 5 progress: 80% (800/1000)
[12-16 09:59:13 MainThread @decentralized_fqi_matrix.py:453]   Agent 5 progress: 90% (900/1000)
[12-16 09:59:13 MainThread @decentralized_fqi_matrix.py:486]   Agent 5 completed: avg Nash time=0.00ms
[12-16 09:59:13 MainThread @decentralized_fqi_matrix.py:379] Computing targets for agent 6/6...
[12-16 09:59:13 MainThread @decentralized_fqi_matrix.py:453]   Agent 6 progress: 10% (100/1000)
[12-16 09:59:13 MainThread @decentralized_fqi_matrix.py:453]   Agent 6 progress: 20% (200/1000)
[12-16 09:59:13 MainThread @decentralized_fqi_matrix.py:453]   Agent 6 progress: 30% (300/1000)
[12-16 09:59:13 MainThread @decentralized_fqi_matrix.py:453]   Agent 6 progress: 40% (400/1000)
[12-16 09:59:13 MainThread @decentralized_fqi_matrix.py:453]   Agent 6 progress: 50% (500/1000)
[12-16 09:59:13 MainThread @decentralized_fqi_matrix.py:453]   Agent 6 progress: 60% (600/1000)
[12-16 09:59:13 MainThread @decentralized_fqi_matrix.py:453]   Agent 6 progress: 70% (700/1000)
[12-16 09:59:13 MainThread @decentralized_fqi_matrix.py:453]   Agent 6 progress: 80% (800/1000)
[12-16 09:59:13 MainThread @decentralized_fqi_matrix.py:453]   Agent 6 progress: 90% (900/1000)
[12-16 09:59:13 MainThread @decentralized_fqi_matrix.py:486]   Agent 6 completed: avg Nash time=0.00ms
[12-16 09:59:13 MainThread @decentralized_fqi_matrix.py:389] Mean Nash solving time: 0.0000s
[12-16 09:59:13 MainThread @decentralized_fqi_matrix.py:393] Nash cache: 0.0% hit rate (0 hits, 27 misses, 27 cached)
[12-16 09:59:13 MainThread @decentralized_fqi_matrix.py:398] Solving (4) by DIGing decentralized optimization...
[12-16 09:59:15 MainThread @decentralized_fqi_matrix.py:417] Iteration 93 completed: loss=0.4577, td_error=0.5344, consensus_error=0.001712
[12-16 09:59:15 MainThread @decentralized_fqi_matrix.py:573]   [收敛检测] Loss趋势: +0.0002, 波动std: 0.0003
[12-16 09:59:15 MainThread @decentralized_fqi_matrix.py:581]   ✓ Loss已稳定(std=0.0003), 可能已收敛
[12-16 09:59:15 MainThread @decentralized_fqi_matrix.py:369] 
=== Fitted Q-Iteration 94/100 ===
[12-16 09:59:15 MainThread @decentralized_fqi_matrix.py:379] Computing targets for agent 1/6...
[12-16 09:59:15 MainThread @decentralized_fqi_matrix.py:453]   Agent 1 progress: 10% (100/1000)
[12-16 09:59:15 MainThread @decentralized_fqi_matrix.py:453]   Agent 1 progress: 20% (200/1000)
[12-16 09:59:15 MainThread @decentralized_fqi_matrix.py:453]   Agent 1 progress: 30% (300/1000)
[12-16 09:59:15 MainThread @decentralized_fqi_matrix.py:453]   Agent 1 progress: 40% (400/1000)
[12-16 09:59:15 MainThread @decentralized_fqi_matrix.py:453]   Agent 1 progress: 50% (500/1000)
[12-16 09:59:15 MainThread @decentralized_fqi_matrix.py:453]   Agent 1 progress: 60% (600/1000)
[12-16 09:59:15 MainThread @decentralized_fqi_matrix.py:453]   Agent 1 progress: 70% (700/1000)
[12-16 09:59:15 MainThread @decentralized_fqi_matrix.py:453]   Agent 1 progress: 80% (800/1000)
[12-16 09:59:15 MainThread @decentralized_fqi_matrix.py:453]   Agent 1 progress: 90% (900/1000)
[12-16 09:59:15 MainThread @decentralized_fqi_matrix.py:486]   Agent 1 completed: avg Nash time=0.00ms
[12-16 09:59:15 MainThread @decentralized_fqi_matrix.py:379] Computing targets for agent 2/6...
[12-16 09:59:15 MainThread @decentralized_fqi_matrix.py:453]   Agent 2 progress: 10% (100/1000)
[12-16 09:59:15 MainThread @decentralized_fqi_matrix.py:453]   Agent 2 progress: 20% (200/1000)
[12-16 09:59:15 MainThread @decentralized_fqi_matrix.py:453]   Agent 2 progress: 30% (300/1000)
[12-16 09:59:15 MainThread @decentralized_fqi_matrix.py:453]   Agent 2 progress: 40% (400/1000)
[12-16 09:59:15 MainThread @decentralized_fqi_matrix.py:453]   Agent 2 progress: 50% (500/1000)
[12-16 09:59:15 MainThread @decentralized_fqi_matrix.py:453]   Agent 2 progress: 60% (600/1000)
[12-16 09:59:15 MainThread @decentralized_fqi_matrix.py:453]   Agent 2 progress: 70% (700/1000)
[12-16 09:59:15 MainThread @decentralized_fqi_matrix.py:453]   Agent 2 progress: 80% (800/1000)
[12-16 09:59:15 MainThread @decentralized_fqi_matrix.py:453]   Agent 2 progress: 90% (900/1000)
[12-16 09:59:15 MainThread @decentralized_fqi_matrix.py:486]   Agent 2 completed: avg Nash time=0.00ms
[12-16 09:59:15 MainThread @decentralized_fqi_matrix.py:379] Computing targets for agent 3/6...
[12-16 09:59:15 MainThread @decentralized_fqi_matrix.py:453]   Agent 3 progress: 10% (100/1000)
[12-16 09:59:15 MainThread @decentralized_fqi_matrix.py:453]   Agent 3 progress: 20% (200/1000)
[12-16 09:59:15 MainThread @decentralized_fqi_matrix.py:453]   Agent 3 progress: 30% (300/1000)
[12-16 09:59:15 MainThread @decentralized_fqi_matrix.py:453]   Agent 3 progress: 40% (400/1000)
[12-16 09:59:15 MainThread @decentralized_fqi_matrix.py:453]   Agent 3 progress: 50% (500/1000)
[12-16 09:59:15 MainThread @decentralized_fqi_matrix.py:453]   Agent 3 progress: 60% (600/1000)
[12-16 09:59:15 MainThread @decentralized_fqi_matrix.py:453]   Agent 3 progress: 70% (700/1000)
[12-16 09:59:15 MainThread @decentralized_fqi_matrix.py:453]   Agent 3 progress: 80% (800/1000)
[12-16 09:59:15 MainThread @decentralized_fqi_matrix.py:453]   Agent 3 progress: 90% (900/1000)
[12-16 09:59:15 MainThread @decentralized_fqi_matrix.py:486]   Agent 3 completed: avg Nash time=0.00ms
[12-16 09:59:15 MainThread @decentralized_fqi_matrix.py:379] Computing targets for agent 4/6...
[12-16 09:59:15 MainThread @decentralized_fqi_matrix.py:453]   Agent 4 progress: 10% (100/1000)
[12-16 09:59:15 MainThread @decentralized_fqi_matrix.py:453]   Agent 4 progress: 20% (200/1000)
[12-16 09:59:15 MainThread @decentralized_fqi_matrix.py:453]   Agent 4 progress: 30% (300/1000)
[12-16 09:59:15 MainThread @decentralized_fqi_matrix.py:453]   Agent 4 progress: 40% (400/1000)
[12-16 09:59:15 MainThread @decentralized_fqi_matrix.py:453]   Agent 4 progress: 50% (500/1000)
[12-16 09:59:15 MainThread @decentralized_fqi_matrix.py:453]   Agent 4 progress: 60% (600/1000)
[12-16 09:59:15 MainThread @decentralized_fqi_matrix.py:453]   Agent 4 progress: 70% (700/1000)
[12-16 09:59:15 MainThread @decentralized_fqi_matrix.py:453]   Agent 4 progress: 80% (800/1000)
[12-16 09:59:15 MainThread @decentralized_fqi_matrix.py:453]   Agent 4 progress: 90% (900/1000)
[12-16 09:59:15 MainThread @decentralized_fqi_matrix.py:486]   Agent 4 completed: avg Nash time=0.00ms
[12-16 09:59:15 MainThread @decentralized_fqi_matrix.py:379] Computing targets for agent 5/6...
[12-16 09:59:15 MainThread @decentralized_fqi_matrix.py:453]   Agent 5 progress: 10% (100/1000)
[12-16 09:59:15 MainThread @decentralized_fqi_matrix.py:453]   Agent 5 progress: 20% (200/1000)
[12-16 09:59:15 MainThread @decentralized_fqi_matrix.py:453]   Agent 5 progress: 30% (300/1000)
[12-16 09:59:15 MainThread @decentralized_fqi_matrix.py:453]   Agent 5 progress: 40% (400/1000)
[12-16 09:59:15 MainThread @decentralized_fqi_matrix.py:453]   Agent 5 progress: 50% (500/1000)
[12-16 09:59:15 MainThread @decentralized_fqi_matrix.py:453]   Agent 5 progress: 60% (600/1000)
[12-16 09:59:15 MainThread @decentralized_fqi_matrix.py:453]   Agent 5 progress: 70% (700/1000)
[12-16 09:59:15 MainThread @decentralized_fqi_matrix.py:453]   Agent 5 progress: 80% (800/1000)
[12-16 09:59:15 MainThread @decentralized_fqi_matrix.py:453]   Agent 5 progress: 90% (900/1000)
[12-16 09:59:15 MainThread @decentralized_fqi_matrix.py:486]   Agent 5 completed: avg Nash time=0.00ms
[12-16 09:59:15 MainThread @decentralized_fqi_matrix.py:379] Computing targets for agent 6/6...
[12-16 09:59:15 MainThread @decentralized_fqi_matrix.py:453]   Agent 6 progress: 10% (100/1000)
[12-16 09:59:15 MainThread @decentralized_fqi_matrix.py:453]   Agent 6 progress: 20% (200/1000)
[12-16 09:59:15 MainThread @decentralized_fqi_matrix.py:453]   Agent 6 progress: 30% (300/1000)
[12-16 09:59:15 MainThread @decentralized_fqi_matrix.py:453]   Agent 6 progress: 40% (400/1000)
[12-16 09:59:15 MainThread @decentralized_fqi_matrix.py:453]   Agent 6 progress: 50% (500/1000)
[12-16 09:59:15 MainThread @decentralized_fqi_matrix.py:453]   Agent 6 progress: 60% (600/1000)
[12-16 09:59:15 MainThread @decentralized_fqi_matrix.py:453]   Agent 6 progress: 70% (700/1000)
[12-16 09:59:15 MainThread @decentralized_fqi_matrix.py:453]   Agent 6 progress: 80% (800/1000)
[12-16 09:59:15 MainThread @decentralized_fqi_matrix.py:453]   Agent 6 progress: 90% (900/1000)
[12-16 09:59:15 MainThread @decentralized_fqi_matrix.py:486]   Agent 6 completed: avg Nash time=0.00ms
[12-16 09:59:15 MainThread @decentralized_fqi_matrix.py:389] Mean Nash solving time: 0.0000s
[12-16 09:59:15 MainThread @decentralized_fqi_matrix.py:393] Nash cache: 0.0% hit rate (0 hits, 27 misses, 27 cached)
[12-16 09:59:15 MainThread @decentralized_fqi_matrix.py:398] Solving (4) by DIGing decentralized optimization...
[12-16 09:59:17 MainThread @decentralized_fqi_matrix.py:417] Iteration 94 completed: loss=0.4587, td_error=0.5351, consensus_error=0.003576
[12-16 09:59:17 MainThread @decentralized_fqi_matrix.py:573]   [收敛检测] Loss趋势: -0.0005, 波动std: 0.0003
[12-16 09:59:17 MainThread @decentralized_fqi_matrix.py:581]   ✓ Loss已稳定(std=0.0003), 可能已收敛
[12-16 09:59:17 MainThread @decentralized_fqi_matrix.py:369] 
=== Fitted Q-Iteration 95/100 ===
[12-16 09:59:17 MainThread @decentralized_fqi_matrix.py:379] Computing targets for agent 1/6...
[12-16 09:59:17 MainThread @decentralized_fqi_matrix.py:453]   Agent 1 progress: 10% (100/1000)
[12-16 09:59:17 MainThread @decentralized_fqi_matrix.py:453]   Agent 1 progress: 20% (200/1000)
[12-16 09:59:17 MainThread @decentralized_fqi_matrix.py:453]   Agent 1 progress: 30% (300/1000)
[12-16 09:59:17 MainThread @decentralized_fqi_matrix.py:453]   Agent 1 progress: 40% (400/1000)
[12-16 09:59:17 MainThread @decentralized_fqi_matrix.py:453]   Agent 1 progress: 50% (500/1000)
[12-16 09:59:17 MainThread @decentralized_fqi_matrix.py:453]   Agent 1 progress: 60% (600/1000)
[12-16 09:59:17 MainThread @decentralized_fqi_matrix.py:453]   Agent 1 progress: 70% (700/1000)
[12-16 09:59:17 MainThread @decentralized_fqi_matrix.py:453]   Agent 1 progress: 80% (800/1000)
[12-16 09:59:17 MainThread @decentralized_fqi_matrix.py:453]   Agent 1 progress: 90% (900/1000)
[12-16 09:59:17 MainThread @decentralized_fqi_matrix.py:486]   Agent 1 completed: avg Nash time=0.00ms
[12-16 09:59:17 MainThread @decentralized_fqi_matrix.py:379] Computing targets for agent 2/6...
[12-16 09:59:17 MainThread @decentralized_fqi_matrix.py:453]   Agent 2 progress: 10% (100/1000)
[12-16 09:59:17 MainThread @decentralized_fqi_matrix.py:453]   Agent 2 progress: 20% (200/1000)
[12-16 09:59:17 MainThread @decentralized_fqi_matrix.py:453]   Agent 2 progress: 30% (300/1000)
[12-16 09:59:17 MainThread @decentralized_fqi_matrix.py:453]   Agent 2 progress: 40% (400/1000)
[12-16 09:59:17 MainThread @decentralized_fqi_matrix.py:453]   Agent 2 progress: 50% (500/1000)
[12-16 09:59:17 MainThread @decentralized_fqi_matrix.py:453]   Agent 2 progress: 60% (600/1000)
[12-16 09:59:17 MainThread @decentralized_fqi_matrix.py:453]   Agent 2 progress: 70% (700/1000)
[12-16 09:59:17 MainThread @decentralized_fqi_matrix.py:453]   Agent 2 progress: 80% (800/1000)
[12-16 09:59:17 MainThread @decentralized_fqi_matrix.py:453]   Agent 2 progress: 90% (900/1000)
[12-16 09:59:17 MainThread @decentralized_fqi_matrix.py:486]   Agent 2 completed: avg Nash time=0.00ms
[12-16 09:59:17 MainThread @decentralized_fqi_matrix.py:379] Computing targets for agent 3/6...
[12-16 09:59:17 MainThread @decentralized_fqi_matrix.py:453]   Agent 3 progress: 10% (100/1000)
[12-16 09:59:17 MainThread @decentralized_fqi_matrix.py:453]   Agent 3 progress: 20% (200/1000)
[12-16 09:59:17 MainThread @decentralized_fqi_matrix.py:453]   Agent 3 progress: 30% (300/1000)
[12-16 09:59:17 MainThread @decentralized_fqi_matrix.py:453]   Agent 3 progress: 40% (400/1000)
[12-16 09:59:17 MainThread @decentralized_fqi_matrix.py:453]   Agent 3 progress: 50% (500/1000)
[12-16 09:59:17 MainThread @decentralized_fqi_matrix.py:453]   Agent 3 progress: 60% (600/1000)
[12-16 09:59:17 MainThread @decentralized_fqi_matrix.py:453]   Agent 3 progress: 70% (700/1000)
[12-16 09:59:17 MainThread @decentralized_fqi_matrix.py:453]   Agent 3 progress: 80% (800/1000)
[12-16 09:59:17 MainThread @decentralized_fqi_matrix.py:453]   Agent 3 progress: 90% (900/1000)
[12-16 09:59:17 MainThread @decentralized_fqi_matrix.py:486]   Agent 3 completed: avg Nash time=0.00ms
[12-16 09:59:17 MainThread @decentralized_fqi_matrix.py:379] Computing targets for agent 4/6...
[12-16 09:59:17 MainThread @decentralized_fqi_matrix.py:453]   Agent 4 progress: 10% (100/1000)
[12-16 09:59:17 MainThread @decentralized_fqi_matrix.py:453]   Agent 4 progress: 20% (200/1000)
[12-16 09:59:17 MainThread @decentralized_fqi_matrix.py:453]   Agent 4 progress: 30% (300/1000)
[12-16 09:59:17 MainThread @decentralized_fqi_matrix.py:453]   Agent 4 progress: 40% (400/1000)
[12-16 09:59:17 MainThread @decentralized_fqi_matrix.py:453]   Agent 4 progress: 50% (500/1000)
[12-16 09:59:17 MainThread @decentralized_fqi_matrix.py:453]   Agent 4 progress: 60% (600/1000)
[12-16 09:59:17 MainThread @decentralized_fqi_matrix.py:453]   Agent 4 progress: 70% (700/1000)
[12-16 09:59:17 MainThread @decentralized_fqi_matrix.py:453]   Agent 4 progress: 80% (800/1000)
[12-16 09:59:17 MainThread @decentralized_fqi_matrix.py:453]   Agent 4 progress: 90% (900/1000)
[12-16 09:59:17 MainThread @decentralized_fqi_matrix.py:486]   Agent 4 completed: avg Nash time=0.00ms
[12-16 09:59:17 MainThread @decentralized_fqi_matrix.py:379] Computing targets for agent 5/6...
[12-16 09:59:17 MainThread @decentralized_fqi_matrix.py:453]   Agent 5 progress: 10% (100/1000)
[12-16 09:59:17 MainThread @decentralized_fqi_matrix.py:453]   Agent 5 progress: 20% (200/1000)
[12-16 09:59:17 MainThread @decentralized_fqi_matrix.py:453]   Agent 5 progress: 30% (300/1000)
[12-16 09:59:17 MainThread @decentralized_fqi_matrix.py:453]   Agent 5 progress: 40% (400/1000)
[12-16 09:59:17 MainThread @decentralized_fqi_matrix.py:453]   Agent 5 progress: 50% (500/1000)
[12-16 09:59:17 MainThread @decentralized_fqi_matrix.py:453]   Agent 5 progress: 60% (600/1000)
[12-16 09:59:17 MainThread @decentralized_fqi_matrix.py:453]   Agent 5 progress: 70% (700/1000)
[12-16 09:59:17 MainThread @decentralized_fqi_matrix.py:453]   Agent 5 progress: 80% (800/1000)
[12-16 09:59:17 MainThread @decentralized_fqi_matrix.py:453]   Agent 5 progress: 90% (900/1000)
[12-16 09:59:17 MainThread @decentralized_fqi_matrix.py:486]   Agent 5 completed: avg Nash time=0.00ms
[12-16 09:59:17 MainThread @decentralized_fqi_matrix.py:379] Computing targets for agent 6/6...
[12-16 09:59:17 MainThread @decentralized_fqi_matrix.py:453]   Agent 6 progress: 10% (100/1000)
[12-16 09:59:17 MainThread @decentralized_fqi_matrix.py:453]   Agent 6 progress: 20% (200/1000)
[12-16 09:59:17 MainThread @decentralized_fqi_matrix.py:453]   Agent 6 progress: 30% (300/1000)
[12-16 09:59:17 MainThread @decentralized_fqi_matrix.py:453]   Agent 6 progress: 40% (400/1000)
[12-16 09:59:17 MainThread @decentralized_fqi_matrix.py:453]   Agent 6 progress: 50% (500/1000)
[12-16 09:59:17 MainThread @decentralized_fqi_matrix.py:453]   Agent 6 progress: 60% (600/1000)
[12-16 09:59:17 MainThread @decentralized_fqi_matrix.py:453]   Agent 6 progress: 70% (700/1000)
[12-16 09:59:17 MainThread @decentralized_fqi_matrix.py:453]   Agent 6 progress: 80% (800/1000)
[12-16 09:59:17 MainThread @decentralized_fqi_matrix.py:453]   Agent 6 progress: 90% (900/1000)
[12-16 09:59:17 MainThread @decentralized_fqi_matrix.py:486]   Agent 6 completed: avg Nash time=0.00ms
[12-16 09:59:17 MainThread @decentralized_fqi_matrix.py:389] Mean Nash solving time: 0.0000s
[12-16 09:59:17 MainThread @decentralized_fqi_matrix.py:393] Nash cache: 0.0% hit rate (0 hits, 27 misses, 27 cached)
[12-16 09:59:17 MainThread @decentralized_fqi_matrix.py:398] Solving (4) by DIGing decentralized optimization...
[12-16 09:59:19 MainThread @decentralized_fqi_matrix.py:417] Iteration 95 completed: loss=0.4591, td_error=0.5358, consensus_error=0.004585
[12-16 09:59:19 MainThread @decentralized_fqi_matrix.py:573]   [收敛检测] Loss趋势: -0.0011, 波动std: 0.0005
[12-16 09:59:19 MainThread @decentralized_fqi_matrix.py:581]   ✓ Loss已稳定(std=0.0005), 可能已收敛
[12-16 09:59:19 MainThread @decentralized_fqi_matrix.py:369] 
=== Fitted Q-Iteration 96/100 ===
[12-16 09:59:19 MainThread @decentralized_fqi_matrix.py:379] Computing targets for agent 1/6...
[12-16 09:59:19 MainThread @decentralized_fqi_matrix.py:453]   Agent 1 progress: 10% (100/1000)
[12-16 09:59:19 MainThread @decentralized_fqi_matrix.py:453]   Agent 1 progress: 20% (200/1000)
[12-16 09:59:19 MainThread @decentralized_fqi_matrix.py:453]   Agent 1 progress: 30% (300/1000)
[12-16 09:59:19 MainThread @decentralized_fqi_matrix.py:453]   Agent 1 progress: 40% (400/1000)
[12-16 09:59:19 MainThread @decentralized_fqi_matrix.py:453]   Agent 1 progress: 50% (500/1000)
[12-16 09:59:19 MainThread @decentralized_fqi_matrix.py:453]   Agent 1 progress: 60% (600/1000)
[12-16 09:59:19 MainThread @decentralized_fqi_matrix.py:453]   Agent 1 progress: 70% (700/1000)
[12-16 09:59:19 MainThread @decentralized_fqi_matrix.py:453]   Agent 1 progress: 80% (800/1000)
[12-16 09:59:19 MainThread @decentralized_fqi_matrix.py:453]   Agent 1 progress: 90% (900/1000)
[12-16 09:59:19 MainThread @decentralized_fqi_matrix.py:486]   Agent 1 completed: avg Nash time=0.00ms
[12-16 09:59:19 MainThread @decentralized_fqi_matrix.py:379] Computing targets for agent 2/6...
[12-16 09:59:19 MainThread @decentralized_fqi_matrix.py:453]   Agent 2 progress: 10% (100/1000)
[12-16 09:59:19 MainThread @decentralized_fqi_matrix.py:453]   Agent 2 progress: 20% (200/1000)
[12-16 09:59:19 MainThread @decentralized_fqi_matrix.py:453]   Agent 2 progress: 30% (300/1000)
[12-16 09:59:19 MainThread @decentralized_fqi_matrix.py:453]   Agent 2 progress: 40% (400/1000)
[12-16 09:59:19 MainThread @decentralized_fqi_matrix.py:453]   Agent 2 progress: 50% (500/1000)
[12-16 09:59:19 MainThread @decentralized_fqi_matrix.py:453]   Agent 2 progress: 60% (600/1000)
[12-16 09:59:19 MainThread @decentralized_fqi_matrix.py:453]   Agent 2 progress: 70% (700/1000)
[12-16 09:59:19 MainThread @decentralized_fqi_matrix.py:453]   Agent 2 progress: 80% (800/1000)
[12-16 09:59:19 MainThread @decentralized_fqi_matrix.py:453]   Agent 2 progress: 90% (900/1000)
[12-16 09:59:19 MainThread @decentralized_fqi_matrix.py:486]   Agent 2 completed: avg Nash time=0.00ms
[12-16 09:59:19 MainThread @decentralized_fqi_matrix.py:379] Computing targets for agent 3/6...
[12-16 09:59:19 MainThread @decentralized_fqi_matrix.py:453]   Agent 3 progress: 10% (100/1000)
[12-16 09:59:19 MainThread @decentralized_fqi_matrix.py:453]   Agent 3 progress: 20% (200/1000)
[12-16 09:59:19 MainThread @decentralized_fqi_matrix.py:453]   Agent 3 progress: 30% (300/1000)
[12-16 09:59:19 MainThread @decentralized_fqi_matrix.py:453]   Agent 3 progress: 40% (400/1000)
[12-16 09:59:19 MainThread @decentralized_fqi_matrix.py:453]   Agent 3 progress: 50% (500/1000)
[12-16 09:59:19 MainThread @decentralized_fqi_matrix.py:453]   Agent 3 progress: 60% (600/1000)
[12-16 09:59:19 MainThread @decentralized_fqi_matrix.py:453]   Agent 3 progress: 70% (700/1000)
[12-16 09:59:19 MainThread @decentralized_fqi_matrix.py:453]   Agent 3 progress: 80% (800/1000)
[12-16 09:59:19 MainThread @decentralized_fqi_matrix.py:453]   Agent 3 progress: 90% (900/1000)
[12-16 09:59:19 MainThread @decentralized_fqi_matrix.py:486]   Agent 3 completed: avg Nash time=0.00ms
[12-16 09:59:19 MainThread @decentralized_fqi_matrix.py:379] Computing targets for agent 4/6...
[12-16 09:59:19 MainThread @decentralized_fqi_matrix.py:453]   Agent 4 progress: 10% (100/1000)
[12-16 09:59:19 MainThread @decentralized_fqi_matrix.py:453]   Agent 4 progress: 20% (200/1000)
[12-16 09:59:19 MainThread @decentralized_fqi_matrix.py:453]   Agent 4 progress: 30% (300/1000)
[12-16 09:59:19 MainThread @decentralized_fqi_matrix.py:453]   Agent 4 progress: 40% (400/1000)
[12-16 09:59:19 MainThread @decentralized_fqi_matrix.py:453]   Agent 4 progress: 50% (500/1000)
[12-16 09:59:19 MainThread @decentralized_fqi_matrix.py:453]   Agent 4 progress: 60% (600/1000)
[12-16 09:59:19 MainThread @decentralized_fqi_matrix.py:453]   Agent 4 progress: 70% (700/1000)
[12-16 09:59:19 MainThread @decentralized_fqi_matrix.py:453]   Agent 4 progress: 80% (800/1000)
[12-16 09:59:19 MainThread @decentralized_fqi_matrix.py:453]   Agent 4 progress: 90% (900/1000)
[12-16 09:59:19 MainThread @decentralized_fqi_matrix.py:486]   Agent 4 completed: avg Nash time=0.00ms
[12-16 09:59:19 MainThread @decentralized_fqi_matrix.py:379] Computing targets for agent 5/6...
[12-16 09:59:19 MainThread @decentralized_fqi_matrix.py:453]   Agent 5 progress: 10% (100/1000)
[12-16 09:59:19 MainThread @decentralized_fqi_matrix.py:453]   Agent 5 progress: 20% (200/1000)
[12-16 09:59:19 MainThread @decentralized_fqi_matrix.py:453]   Agent 5 progress: 30% (300/1000)
[12-16 09:59:19 MainThread @decentralized_fqi_matrix.py:453]   Agent 5 progress: 40% (400/1000)
[12-16 09:59:19 MainThread @decentralized_fqi_matrix.py:453]   Agent 5 progress: 50% (500/1000)
[12-16 09:59:19 MainThread @decentralized_fqi_matrix.py:453]   Agent 5 progress: 60% (600/1000)
[12-16 09:59:19 MainThread @decentralized_fqi_matrix.py:453]   Agent 5 progress: 70% (700/1000)
[12-16 09:59:19 MainThread @decentralized_fqi_matrix.py:453]   Agent 5 progress: 80% (800/1000)
[12-16 09:59:19 MainThread @decentralized_fqi_matrix.py:453]   Agent 5 progress: 90% (900/1000)
[12-16 09:59:19 MainThread @decentralized_fqi_matrix.py:486]   Agent 5 completed: avg Nash time=0.00ms
[12-16 09:59:19 MainThread @decentralized_fqi_matrix.py:379] Computing targets for agent 6/6...
[12-16 09:59:19 MainThread @decentralized_fqi_matrix.py:453]   Agent 6 progress: 10% (100/1000)
[12-16 09:59:19 MainThread @decentralized_fqi_matrix.py:453]   Agent 6 progress: 20% (200/1000)
[12-16 09:59:19 MainThread @decentralized_fqi_matrix.py:453]   Agent 6 progress: 30% (300/1000)
[12-16 09:59:19 MainThread @decentralized_fqi_matrix.py:453]   Agent 6 progress: 40% (400/1000)
[12-16 09:59:19 MainThread @decentralized_fqi_matrix.py:453]   Agent 6 progress: 50% (500/1000)
[12-16 09:59:19 MainThread @decentralized_fqi_matrix.py:453]   Agent 6 progress: 60% (600/1000)
[12-16 09:59:19 MainThread @decentralized_fqi_matrix.py:453]   Agent 6 progress: 70% (700/1000)
[12-16 09:59:19 MainThread @decentralized_fqi_matrix.py:453]   Agent 6 progress: 80% (800/1000)
[12-16 09:59:19 MainThread @decentralized_fqi_matrix.py:453]   Agent 6 progress: 90% (900/1000)
[12-16 09:59:19 MainThread @decentralized_fqi_matrix.py:486]   Agent 6 completed: avg Nash time=0.00ms
[12-16 09:59:19 MainThread @decentralized_fqi_matrix.py:389] Mean Nash solving time: 0.0000s
[12-16 09:59:19 MainThread @decentralized_fqi_matrix.py:393] Nash cache: 0.0% hit rate (0 hits, 27 misses, 27 cached)
[12-16 09:59:19 MainThread @decentralized_fqi_matrix.py:398] Solving (4) by DIGing decentralized optimization...
[12-16 09:59:21 MainThread @decentralized_fqi_matrix.py:417] Iteration 96 completed: loss=0.4588, td_error=0.5354, consensus_error=0.004698
[12-16 09:59:21 MainThread @decentralized_fqi_matrix.py:573]   [收敛检测] Loss趋势: -0.0003, 波动std: 0.0005
[12-16 09:59:21 MainThread @decentralized_fqi_matrix.py:581]   ✓ Loss已稳定(std=0.0005), 可能已收敛
[12-16 09:59:21 MainThread @decentralized_fqi_matrix.py:369] 
=== Fitted Q-Iteration 97/100 ===
[12-16 09:59:21 MainThread @decentralized_fqi_matrix.py:379] Computing targets for agent 1/6...
[12-16 09:59:21 MainThread @decentralized_fqi_matrix.py:453]   Agent 1 progress: 10% (100/1000)
[12-16 09:59:21 MainThread @decentralized_fqi_matrix.py:453]   Agent 1 progress: 20% (200/1000)
[12-16 09:59:21 MainThread @decentralized_fqi_matrix.py:453]   Agent 1 progress: 30% (300/1000)
[12-16 09:59:21 MainThread @decentralized_fqi_matrix.py:453]   Agent 1 progress: 40% (400/1000)
[12-16 09:59:21 MainThread @decentralized_fqi_matrix.py:453]   Agent 1 progress: 50% (500/1000)
[12-16 09:59:21 MainThread @decentralized_fqi_matrix.py:453]   Agent 1 progress: 60% (600/1000)
[12-16 09:59:21 MainThread @decentralized_fqi_matrix.py:453]   Agent 1 progress: 70% (700/1000)
[12-16 09:59:21 MainThread @decentralized_fqi_matrix.py:453]   Agent 1 progress: 80% (800/1000)
[12-16 09:59:21 MainThread @decentralized_fqi_matrix.py:453]   Agent 1 progress: 90% (900/1000)
[12-16 09:59:21 MainThread @decentralized_fqi_matrix.py:486]   Agent 1 completed: avg Nash time=0.00ms
[12-16 09:59:21 MainThread @decentralized_fqi_matrix.py:379] Computing targets for agent 2/6...
[12-16 09:59:21 MainThread @decentralized_fqi_matrix.py:453]   Agent 2 progress: 10% (100/1000)
[12-16 09:59:21 MainThread @decentralized_fqi_matrix.py:453]   Agent 2 progress: 20% (200/1000)
[12-16 09:59:21 MainThread @decentralized_fqi_matrix.py:453]   Agent 2 progress: 30% (300/1000)
[12-16 09:59:21 MainThread @decentralized_fqi_matrix.py:453]   Agent 2 progress: 40% (400/1000)
[12-16 09:59:21 MainThread @decentralized_fqi_matrix.py:453]   Agent 2 progress: 50% (500/1000)
[12-16 09:59:21 MainThread @decentralized_fqi_matrix.py:453]   Agent 2 progress: 60% (600/1000)
[12-16 09:59:21 MainThread @decentralized_fqi_matrix.py:453]   Agent 2 progress: 70% (700/1000)
[12-16 09:59:21 MainThread @decentralized_fqi_matrix.py:453]   Agent 2 progress: 80% (800/1000)
[12-16 09:59:21 MainThread @decentralized_fqi_matrix.py:453]   Agent 2 progress: 90% (900/1000)
[12-16 09:59:21 MainThread @decentralized_fqi_matrix.py:486]   Agent 2 completed: avg Nash time=0.00ms
[12-16 09:59:21 MainThread @decentralized_fqi_matrix.py:379] Computing targets for agent 3/6...
[12-16 09:59:21 MainThread @decentralized_fqi_matrix.py:453]   Agent 3 progress: 10% (100/1000)
[12-16 09:59:21 MainThread @decentralized_fqi_matrix.py:453]   Agent 3 progress: 20% (200/1000)
[12-16 09:59:21 MainThread @decentralized_fqi_matrix.py:453]   Agent 3 progress: 30% (300/1000)
[12-16 09:59:21 MainThread @decentralized_fqi_matrix.py:453]   Agent 3 progress: 40% (400/1000)
[12-16 09:59:21 MainThread @decentralized_fqi_matrix.py:453]   Agent 3 progress: 50% (500/1000)
[12-16 09:59:21 MainThread @decentralized_fqi_matrix.py:453]   Agent 3 progress: 60% (600/1000)
[12-16 09:59:21 MainThread @decentralized_fqi_matrix.py:453]   Agent 3 progress: 70% (700/1000)
[12-16 09:59:21 MainThread @decentralized_fqi_matrix.py:453]   Agent 3 progress: 80% (800/1000)
[12-16 09:59:21 MainThread @decentralized_fqi_matrix.py:453]   Agent 3 progress: 90% (900/1000)
[12-16 09:59:21 MainThread @decentralized_fqi_matrix.py:486]   Agent 3 completed: avg Nash time=0.00ms
[12-16 09:59:21 MainThread @decentralized_fqi_matrix.py:379] Computing targets for agent 4/6...
[12-16 09:59:21 MainThread @decentralized_fqi_matrix.py:453]   Agent 4 progress: 10% (100/1000)
[12-16 09:59:21 MainThread @decentralized_fqi_matrix.py:453]   Agent 4 progress: 20% (200/1000)
[12-16 09:59:21 MainThread @decentralized_fqi_matrix.py:453]   Agent 4 progress: 30% (300/1000)
[12-16 09:59:21 MainThread @decentralized_fqi_matrix.py:453]   Agent 4 progress: 40% (400/1000)
[12-16 09:59:21 MainThread @decentralized_fqi_matrix.py:453]   Agent 4 progress: 50% (500/1000)
[12-16 09:59:21 MainThread @decentralized_fqi_matrix.py:453]   Agent 4 progress: 60% (600/1000)
[12-16 09:59:21 MainThread @decentralized_fqi_matrix.py:453]   Agent 4 progress: 70% (700/1000)
[12-16 09:59:21 MainThread @decentralized_fqi_matrix.py:453]   Agent 4 progress: 80% (800/1000)
[12-16 09:59:21 MainThread @decentralized_fqi_matrix.py:453]   Agent 4 progress: 90% (900/1000)
[12-16 09:59:21 MainThread @decentralized_fqi_matrix.py:486]   Agent 4 completed: avg Nash time=0.00ms
[12-16 09:59:21 MainThread @decentralized_fqi_matrix.py:379] Computing targets for agent 5/6...
[12-16 09:59:21 MainThread @decentralized_fqi_matrix.py:453]   Agent 5 progress: 10% (100/1000)
[12-16 09:59:21 MainThread @decentralized_fqi_matrix.py:453]   Agent 5 progress: 20% (200/1000)
[12-16 09:59:21 MainThread @decentralized_fqi_matrix.py:453]   Agent 5 progress: 30% (300/1000)
[12-16 09:59:21 MainThread @decentralized_fqi_matrix.py:453]   Agent 5 progress: 40% (400/1000)
[12-16 09:59:21 MainThread @decentralized_fqi_matrix.py:453]   Agent 5 progress: 50% (500/1000)
[12-16 09:59:21 MainThread @decentralized_fqi_matrix.py:453]   Agent 5 progress: 60% (600/1000)
[12-16 09:59:21 MainThread @decentralized_fqi_matrix.py:453]   Agent 5 progress: 70% (700/1000)
[12-16 09:59:21 MainThread @decentralized_fqi_matrix.py:453]   Agent 5 progress: 80% (800/1000)
[12-16 09:59:21 MainThread @decentralized_fqi_matrix.py:453]   Agent 5 progress: 90% (900/1000)
[12-16 09:59:21 MainThread @decentralized_fqi_matrix.py:486]   Agent 5 completed: avg Nash time=0.00ms
[12-16 09:59:21 MainThread @decentralized_fqi_matrix.py:379] Computing targets for agent 6/6...
[12-16 09:59:21 MainThread @decentralized_fqi_matrix.py:453]   Agent 6 progress: 10% (100/1000)
[12-16 09:59:21 MainThread @decentralized_fqi_matrix.py:453]   Agent 6 progress: 20% (200/1000)
[12-16 09:59:21 MainThread @decentralized_fqi_matrix.py:453]   Agent 6 progress: 30% (300/1000)
[12-16 09:59:21 MainThread @decentralized_fqi_matrix.py:453]   Agent 6 progress: 40% (400/1000)
[12-16 09:59:21 MainThread @decentralized_fqi_matrix.py:453]   Agent 6 progress: 50% (500/1000)
[12-16 09:59:21 MainThread @decentralized_fqi_matrix.py:453]   Agent 6 progress: 60% (600/1000)
[12-16 09:59:21 MainThread @decentralized_fqi_matrix.py:453]   Agent 6 progress: 70% (700/1000)
[12-16 09:59:21 MainThread @decentralized_fqi_matrix.py:453]   Agent 6 progress: 80% (800/1000)
[12-16 09:59:21 MainThread @decentralized_fqi_matrix.py:453]   Agent 6 progress: 90% (900/1000)
[12-16 09:59:21 MainThread @decentralized_fqi_matrix.py:486]   Agent 6 completed: avg Nash time=0.00ms
[12-16 09:59:21 MainThread @decentralized_fqi_matrix.py:389] Mean Nash solving time: 0.0000s
[12-16 09:59:21 MainThread @decentralized_fqi_matrix.py:393] Nash cache: 0.0% hit rate (0 hits, 27 misses, 27 cached)
[12-16 09:59:21 MainThread @decentralized_fqi_matrix.py:398] Solving (4) by DIGing decentralized optimization...
[12-16 09:59:23 MainThread @decentralized_fqi_matrix.py:417] Iteration 97 completed: loss=0.4591, td_error=0.5357, consensus_error=0.005629
[12-16 09:59:23 MainThread @decentralized_fqi_matrix.py:573]   [收敛检测] Loss趋势: -0.0014, 波动std: 0.0005
[12-16 09:59:23 MainThread @decentralized_fqi_matrix.py:581]   ✓ Loss已稳定(std=0.0005), 可能已收敛
[12-16 09:59:23 MainThread @decentralized_fqi_matrix.py:369] 
=== Fitted Q-Iteration 98/100 ===
[12-16 09:59:23 MainThread @decentralized_fqi_matrix.py:379] Computing targets for agent 1/6...
[12-16 09:59:23 MainThread @decentralized_fqi_matrix.py:453]   Agent 1 progress: 10% (100/1000)
[12-16 09:59:23 MainThread @decentralized_fqi_matrix.py:453]   Agent 1 progress: 20% (200/1000)
[12-16 09:59:23 MainThread @decentralized_fqi_matrix.py:453]   Agent 1 progress: 30% (300/1000)
[12-16 09:59:23 MainThread @decentralized_fqi_matrix.py:453]   Agent 1 progress: 40% (400/1000)
[12-16 09:59:23 MainThread @decentralized_fqi_matrix.py:453]   Agent 1 progress: 50% (500/1000)
[12-16 09:59:23 MainThread @decentralized_fqi_matrix.py:453]   Agent 1 progress: 60% (600/1000)
[12-16 09:59:23 MainThread @decentralized_fqi_matrix.py:453]   Agent 1 progress: 70% (700/1000)
[12-16 09:59:23 MainThread @decentralized_fqi_matrix.py:453]   Agent 1 progress: 80% (800/1000)
[12-16 09:59:23 MainThread @decentralized_fqi_matrix.py:453]   Agent 1 progress: 90% (900/1000)
[12-16 09:59:23 MainThread @decentralized_fqi_matrix.py:486]   Agent 1 completed: avg Nash time=0.00ms
[12-16 09:59:23 MainThread @decentralized_fqi_matrix.py:379] Computing targets for agent 2/6...
[12-16 09:59:23 MainThread @decentralized_fqi_matrix.py:453]   Agent 2 progress: 10% (100/1000)
[12-16 09:59:23 MainThread @decentralized_fqi_matrix.py:453]   Agent 2 progress: 20% (200/1000)
[12-16 09:59:23 MainThread @decentralized_fqi_matrix.py:453]   Agent 2 progress: 30% (300/1000)
[12-16 09:59:23 MainThread @decentralized_fqi_matrix.py:453]   Agent 2 progress: 40% (400/1000)
[12-16 09:59:23 MainThread @decentralized_fqi_matrix.py:453]   Agent 2 progress: 50% (500/1000)
[12-16 09:59:23 MainThread @decentralized_fqi_matrix.py:453]   Agent 2 progress: 60% (600/1000)
[12-16 09:59:23 MainThread @decentralized_fqi_matrix.py:453]   Agent 2 progress: 70% (700/1000)
[12-16 09:59:23 MainThread @decentralized_fqi_matrix.py:453]   Agent 2 progress: 80% (800/1000)
[12-16 09:59:23 MainThread @decentralized_fqi_matrix.py:453]   Agent 2 progress: 90% (900/1000)
[12-16 09:59:23 MainThread @decentralized_fqi_matrix.py:486]   Agent 2 completed: avg Nash time=0.00ms
[12-16 09:59:23 MainThread @decentralized_fqi_matrix.py:379] Computing targets for agent 3/6...
[12-16 09:59:23 MainThread @decentralized_fqi_matrix.py:453]   Agent 3 progress: 10% (100/1000)
[12-16 09:59:23 MainThread @decentralized_fqi_matrix.py:453]   Agent 3 progress: 20% (200/1000)
[12-16 09:59:23 MainThread @decentralized_fqi_matrix.py:453]   Agent 3 progress: 30% (300/1000)
[12-16 09:59:23 MainThread @decentralized_fqi_matrix.py:453]   Agent 3 progress: 40% (400/1000)
[12-16 09:59:23 MainThread @decentralized_fqi_matrix.py:453]   Agent 3 progress: 50% (500/1000)
[12-16 09:59:23 MainThread @decentralized_fqi_matrix.py:453]   Agent 3 progress: 60% (600/1000)
[12-16 09:59:23 MainThread @decentralized_fqi_matrix.py:453]   Agent 3 progress: 70% (700/1000)
[12-16 09:59:23 MainThread @decentralized_fqi_matrix.py:453]   Agent 3 progress: 80% (800/1000)
[12-16 09:59:23 MainThread @decentralized_fqi_matrix.py:453]   Agent 3 progress: 90% (900/1000)
[12-16 09:59:23 MainThread @decentralized_fqi_matrix.py:486]   Agent 3 completed: avg Nash time=0.00ms
[12-16 09:59:23 MainThread @decentralized_fqi_matrix.py:379] Computing targets for agent 4/6...
[12-16 09:59:23 MainThread @decentralized_fqi_matrix.py:453]   Agent 4 progress: 10% (100/1000)
[12-16 09:59:23 MainThread @decentralized_fqi_matrix.py:453]   Agent 4 progress: 20% (200/1000)
[12-16 09:59:23 MainThread @decentralized_fqi_matrix.py:453]   Agent 4 progress: 30% (300/1000)
[12-16 09:59:23 MainThread @decentralized_fqi_matrix.py:453]   Agent 4 progress: 40% (400/1000)
[12-16 09:59:23 MainThread @decentralized_fqi_matrix.py:453]   Agent 4 progress: 50% (500/1000)
[12-16 09:59:23 MainThread @decentralized_fqi_matrix.py:453]   Agent 4 progress: 60% (600/1000)
[12-16 09:59:23 MainThread @decentralized_fqi_matrix.py:453]   Agent 4 progress: 70% (700/1000)
[12-16 09:59:23 MainThread @decentralized_fqi_matrix.py:453]   Agent 4 progress: 80% (800/1000)
[12-16 09:59:23 MainThread @decentralized_fqi_matrix.py:453]   Agent 4 progress: 90% (900/1000)
[12-16 09:59:23 MainThread @decentralized_fqi_matrix.py:486]   Agent 4 completed: avg Nash time=0.00ms
[12-16 09:59:23 MainThread @decentralized_fqi_matrix.py:379] Computing targets for agent 5/6...
[12-16 09:59:23 MainThread @decentralized_fqi_matrix.py:453]   Agent 5 progress: 10% (100/1000)
[12-16 09:59:23 MainThread @decentralized_fqi_matrix.py:453]   Agent 5 progress: 20% (200/1000)
[12-16 09:59:23 MainThread @decentralized_fqi_matrix.py:453]   Agent 5 progress: 30% (300/1000)
[12-16 09:59:23 MainThread @decentralized_fqi_matrix.py:453]   Agent 5 progress: 40% (400/1000)
[12-16 09:59:23 MainThread @decentralized_fqi_matrix.py:453]   Agent 5 progress: 50% (500/1000)
[12-16 09:59:23 MainThread @decentralized_fqi_matrix.py:453]   Agent 5 progress: 60% (600/1000)
[12-16 09:59:23 MainThread @decentralized_fqi_matrix.py:453]   Agent 5 progress: 70% (700/1000)
[12-16 09:59:23 MainThread @decentralized_fqi_matrix.py:453]   Agent 5 progress: 80% (800/1000)
[12-16 09:59:23 MainThread @decentralized_fqi_matrix.py:453]   Agent 5 progress: 90% (900/1000)
[12-16 09:59:23 MainThread @decentralized_fqi_matrix.py:486]   Agent 5 completed: avg Nash time=0.00ms
[12-16 09:59:23 MainThread @decentralized_fqi_matrix.py:379] Computing targets for agent 6/6...
[12-16 09:59:23 MainThread @decentralized_fqi_matrix.py:453]   Agent 6 progress: 10% (100/1000)
[12-16 09:59:23 MainThread @decentralized_fqi_matrix.py:453]   Agent 6 progress: 20% (200/1000)
[12-16 09:59:23 MainThread @decentralized_fqi_matrix.py:453]   Agent 6 progress: 30% (300/1000)
[12-16 09:59:23 MainThread @decentralized_fqi_matrix.py:453]   Agent 6 progress: 40% (400/1000)
[12-16 09:59:23 MainThread @decentralized_fqi_matrix.py:453]   Agent 6 progress: 50% (500/1000)
[12-16 09:59:23 MainThread @decentralized_fqi_matrix.py:453]   Agent 6 progress: 60% (600/1000)
[12-16 09:59:23 MainThread @decentralized_fqi_matrix.py:453]   Agent 6 progress: 70% (700/1000)
[12-16 09:59:23 MainThread @decentralized_fqi_matrix.py:453]   Agent 6 progress: 80% (800/1000)
[12-16 09:59:23 MainThread @decentralized_fqi_matrix.py:453]   Agent 6 progress: 90% (900/1000)
[12-16 09:59:23 MainThread @decentralized_fqi_matrix.py:486]   Agent 6 completed: avg Nash time=0.00ms
[12-16 09:59:23 MainThread @decentralized_fqi_matrix.py:389] Mean Nash solving time: 0.0000s
[12-16 09:59:23 MainThread @decentralized_fqi_matrix.py:393] Nash cache: 0.0% hit rate (0 hits, 27 misses, 27 cached)
[12-16 09:59:23 MainThread @decentralized_fqi_matrix.py:398] Solving (4) by DIGing decentralized optimization...
[12-16 09:59:25 MainThread @decentralized_fqi_matrix.py:417] Iteration 98 completed: loss=0.4582, td_error=0.5350, consensus_error=0.005109
[12-16 09:59:25 MainThread @decentralized_fqi_matrix.py:573]   [收敛检测] Loss趋势: +0.0005, 波动std: 0.0003
[12-16 09:59:25 MainThread @decentralized_fqi_matrix.py:581]   ✓ Loss已稳定(std=0.0003), 可能已收敛
[12-16 09:59:25 MainThread @decentralized_fqi_matrix.py:369] 
=== Fitted Q-Iteration 99/100 ===
[12-16 09:59:25 MainThread @decentralized_fqi_matrix.py:379] Computing targets for agent 1/6...
[12-16 09:59:25 MainThread @decentralized_fqi_matrix.py:453]   Agent 1 progress: 10% (100/1000)
[12-16 09:59:25 MainThread @decentralized_fqi_matrix.py:453]   Agent 1 progress: 20% (200/1000)
[12-16 09:59:25 MainThread @decentralized_fqi_matrix.py:453]   Agent 1 progress: 30% (300/1000)
[12-16 09:59:25 MainThread @decentralized_fqi_matrix.py:453]   Agent 1 progress: 40% (400/1000)
[12-16 09:59:25 MainThread @decentralized_fqi_matrix.py:453]   Agent 1 progress: 50% (500/1000)
[12-16 09:59:25 MainThread @decentralized_fqi_matrix.py:453]   Agent 1 progress: 60% (600/1000)
[12-16 09:59:25 MainThread @decentralized_fqi_matrix.py:453]   Agent 1 progress: 70% (700/1000)
[12-16 09:59:25 MainThread @decentralized_fqi_matrix.py:453]   Agent 1 progress: 80% (800/1000)
[12-16 09:59:25 MainThread @decentralized_fqi_matrix.py:453]   Agent 1 progress: 90% (900/1000)
[12-16 09:59:25 MainThread @decentralized_fqi_matrix.py:486]   Agent 1 completed: avg Nash time=0.00ms
[12-16 09:59:25 MainThread @decentralized_fqi_matrix.py:379] Computing targets for agent 2/6...
[12-16 09:59:25 MainThread @decentralized_fqi_matrix.py:453]   Agent 2 progress: 10% (100/1000)
[12-16 09:59:25 MainThread @decentralized_fqi_matrix.py:453]   Agent 2 progress: 20% (200/1000)
[12-16 09:59:25 MainThread @decentralized_fqi_matrix.py:453]   Agent 2 progress: 30% (300/1000)
[12-16 09:59:25 MainThread @decentralized_fqi_matrix.py:453]   Agent 2 progress: 40% (400/1000)
[12-16 09:59:25 MainThread @decentralized_fqi_matrix.py:453]   Agent 2 progress: 50% (500/1000)
[12-16 09:59:25 MainThread @decentralized_fqi_matrix.py:453]   Agent 2 progress: 60% (600/1000)
[12-16 09:59:25 MainThread @decentralized_fqi_matrix.py:453]   Agent 2 progress: 70% (700/1000)
[12-16 09:59:25 MainThread @decentralized_fqi_matrix.py:453]   Agent 2 progress: 80% (800/1000)
[12-16 09:59:25 MainThread @decentralized_fqi_matrix.py:453]   Agent 2 progress: 90% (900/1000)
[12-16 09:59:25 MainThread @decentralized_fqi_matrix.py:486]   Agent 2 completed: avg Nash time=0.00ms
[12-16 09:59:25 MainThread @decentralized_fqi_matrix.py:379] Computing targets for agent 3/6...
[12-16 09:59:25 MainThread @decentralized_fqi_matrix.py:453]   Agent 3 progress: 10% (100/1000)
[12-16 09:59:25 MainThread @decentralized_fqi_matrix.py:453]   Agent 3 progress: 20% (200/1000)
[12-16 09:59:25 MainThread @decentralized_fqi_matrix.py:453]   Agent 3 progress: 30% (300/1000)
[12-16 09:59:25 MainThread @decentralized_fqi_matrix.py:453]   Agent 3 progress: 40% (400/1000)
[12-16 09:59:25 MainThread @decentralized_fqi_matrix.py:453]   Agent 3 progress: 50% (500/1000)
[12-16 09:59:25 MainThread @decentralized_fqi_matrix.py:453]   Agent 3 progress: 60% (600/1000)
[12-16 09:59:25 MainThread @decentralized_fqi_matrix.py:453]   Agent 3 progress: 70% (700/1000)
[12-16 09:59:25 MainThread @decentralized_fqi_matrix.py:453]   Agent 3 progress: 80% (800/1000)
[12-16 09:59:25 MainThread @decentralized_fqi_matrix.py:453]   Agent 3 progress: 90% (900/1000)
[12-16 09:59:25 MainThread @decentralized_fqi_matrix.py:486]   Agent 3 completed: avg Nash time=0.00ms
[12-16 09:59:25 MainThread @decentralized_fqi_matrix.py:379] Computing targets for agent 4/6...
[12-16 09:59:25 MainThread @decentralized_fqi_matrix.py:453]   Agent 4 progress: 10% (100/1000)
[12-16 09:59:25 MainThread @decentralized_fqi_matrix.py:453]   Agent 4 progress: 20% (200/1000)
[12-16 09:59:25 MainThread @decentralized_fqi_matrix.py:453]   Agent 4 progress: 30% (300/1000)
[12-16 09:59:25 MainThread @decentralized_fqi_matrix.py:453]   Agent 4 progress: 40% (400/1000)
[12-16 09:59:25 MainThread @decentralized_fqi_matrix.py:453]   Agent 4 progress: 50% (500/1000)
[12-16 09:59:25 MainThread @decentralized_fqi_matrix.py:453]   Agent 4 progress: 60% (600/1000)
[12-16 09:59:25 MainThread @decentralized_fqi_matrix.py:453]   Agent 4 progress: 70% (700/1000)
[12-16 09:59:25 MainThread @decentralized_fqi_matrix.py:453]   Agent 4 progress: 80% (800/1000)
[12-16 09:59:25 MainThread @decentralized_fqi_matrix.py:453]   Agent 4 progress: 90% (900/1000)
[12-16 09:59:25 MainThread @decentralized_fqi_matrix.py:486]   Agent 4 completed: avg Nash time=0.00ms
[12-16 09:59:25 MainThread @decentralized_fqi_matrix.py:379] Computing targets for agent 5/6...
[12-16 09:59:25 MainThread @decentralized_fqi_matrix.py:453]   Agent 5 progress: 10% (100/1000)
[12-16 09:59:25 MainThread @decentralized_fqi_matrix.py:453]   Agent 5 progress: 20% (200/1000)
[12-16 09:59:25 MainThread @decentralized_fqi_matrix.py:453]   Agent 5 progress: 30% (300/1000)
[12-16 09:59:25 MainThread @decentralized_fqi_matrix.py:453]   Agent 5 progress: 40% (400/1000)
[12-16 09:59:25 MainThread @decentralized_fqi_matrix.py:453]   Agent 5 progress: 50% (500/1000)
[12-16 09:59:25 MainThread @decentralized_fqi_matrix.py:453]   Agent 5 progress: 60% (600/1000)
[12-16 09:59:25 MainThread @decentralized_fqi_matrix.py:453]   Agent 5 progress: 70% (700/1000)
[12-16 09:59:25 MainThread @decentralized_fqi_matrix.py:453]   Agent 5 progress: 80% (800/1000)
[12-16 09:59:25 MainThread @decentralized_fqi_matrix.py:453]   Agent 5 progress: 90% (900/1000)
[12-16 09:59:25 MainThread @decentralized_fqi_matrix.py:486]   Agent 5 completed: avg Nash time=0.00ms
[12-16 09:59:25 MainThread @decentralized_fqi_matrix.py:379] Computing targets for agent 6/6...
[12-16 09:59:25 MainThread @decentralized_fqi_matrix.py:453]   Agent 6 progress: 10% (100/1000)
[12-16 09:59:25 MainThread @decentralized_fqi_matrix.py:453]   Agent 6 progress: 20% (200/1000)
[12-16 09:59:25 MainThread @decentralized_fqi_matrix.py:453]   Agent 6 progress: 30% (300/1000)
[12-16 09:59:25 MainThread @decentralized_fqi_matrix.py:453]   Agent 6 progress: 40% (400/1000)
[12-16 09:59:25 MainThread @decentralized_fqi_matrix.py:453]   Agent 6 progress: 50% (500/1000)
[12-16 09:59:25 MainThread @decentralized_fqi_matrix.py:453]   Agent 6 progress: 60% (600/1000)
[12-16 09:59:25 MainThread @decentralized_fqi_matrix.py:453]   Agent 6 progress: 70% (700/1000)
[12-16 09:59:25 MainThread @decentralized_fqi_matrix.py:453]   Agent 6 progress: 80% (800/1000)
[12-16 09:59:25 MainThread @decentralized_fqi_matrix.py:453]   Agent 6 progress: 90% (900/1000)
[12-16 09:59:25 MainThread @decentralized_fqi_matrix.py:486]   Agent 6 completed: avg Nash time=0.00ms
[12-16 09:59:25 MainThread @decentralized_fqi_matrix.py:389] Mean Nash solving time: 0.0000s
[12-16 09:59:25 MainThread @decentralized_fqi_matrix.py:393] Nash cache: 0.0% hit rate (0 hits, 27 misses, 27 cached)
[12-16 09:59:25 MainThread @decentralized_fqi_matrix.py:398] Solving (4) by DIGing decentralized optimization...
[12-16 09:59:26 MainThread @decentralized_fqi_matrix.py:417] Iteration 99 completed: loss=0.4581, td_error=0.5347, consensus_error=0.003541
[12-16 09:59:26 MainThread @decentralized_fqi_matrix.py:573]   [收敛检测] Loss趋势: +0.0010, 波动std: 0.0004
[12-16 09:59:26 MainThread @decentralized_fqi_matrix.py:581]   ✓ Loss已稳定(std=0.0004), 可能已收敛
[12-16 09:59:26 MainThread @decentralized_fqi_matrix.py:369] 
=== Fitted Q-Iteration 100/100 ===
[12-16 09:59:26 MainThread @decentralized_fqi_matrix.py:379] Computing targets for agent 1/6...
[12-16 09:59:26 MainThread @decentralized_fqi_matrix.py:453]   Agent 1 progress: 10% (100/1000)
[12-16 09:59:26 MainThread @decentralized_fqi_matrix.py:453]   Agent 1 progress: 20% (200/1000)
[12-16 09:59:26 MainThread @decentralized_fqi_matrix.py:453]   Agent 1 progress: 30% (300/1000)
[12-16 09:59:26 MainThread @decentralized_fqi_matrix.py:453]   Agent 1 progress: 40% (400/1000)
[12-16 09:59:26 MainThread @decentralized_fqi_matrix.py:453]   Agent 1 progress: 50% (500/1000)
[12-16 09:59:26 MainThread @decentralized_fqi_matrix.py:453]   Agent 1 progress: 60% (600/1000)
[12-16 09:59:26 MainThread @decentralized_fqi_matrix.py:453]   Agent 1 progress: 70% (700/1000)
[12-16 09:59:26 MainThread @decentralized_fqi_matrix.py:453]   Agent 1 progress: 80% (800/1000)
[12-16 09:59:26 MainThread @decentralized_fqi_matrix.py:453]   Agent 1 progress: 90% (900/1000)
[12-16 09:59:26 MainThread @decentralized_fqi_matrix.py:486]   Agent 1 completed: avg Nash time=0.00ms
[12-16 09:59:26 MainThread @decentralized_fqi_matrix.py:379] Computing targets for agent 2/6...
[12-16 09:59:26 MainThread @decentralized_fqi_matrix.py:453]   Agent 2 progress: 10% (100/1000)
[12-16 09:59:26 MainThread @decentralized_fqi_matrix.py:453]   Agent 2 progress: 20% (200/1000)
[12-16 09:59:26 MainThread @decentralized_fqi_matrix.py:453]   Agent 2 progress: 30% (300/1000)
[12-16 09:59:26 MainThread @decentralized_fqi_matrix.py:453]   Agent 2 progress: 40% (400/1000)
[12-16 09:59:26 MainThread @decentralized_fqi_matrix.py:453]   Agent 2 progress: 50% (500/1000)
[12-16 09:59:26 MainThread @decentralized_fqi_matrix.py:453]   Agent 2 progress: 60% (600/1000)
[12-16 09:59:26 MainThread @decentralized_fqi_matrix.py:453]   Agent 2 progress: 70% (700/1000)
[12-16 09:59:26 MainThread @decentralized_fqi_matrix.py:453]   Agent 2 progress: 80% (800/1000)
[12-16 09:59:26 MainThread @decentralized_fqi_matrix.py:453]   Agent 2 progress: 90% (900/1000)
[12-16 09:59:26 MainThread @decentralized_fqi_matrix.py:486]   Agent 2 completed: avg Nash time=0.00ms
[12-16 09:59:26 MainThread @decentralized_fqi_matrix.py:379] Computing targets for agent 3/6...
[12-16 09:59:26 MainThread @decentralized_fqi_matrix.py:453]   Agent 3 progress: 10% (100/1000)
[12-16 09:59:26 MainThread @decentralized_fqi_matrix.py:453]   Agent 3 progress: 20% (200/1000)
[12-16 09:59:26 MainThread @decentralized_fqi_matrix.py:453]   Agent 3 progress: 30% (300/1000)
[12-16 09:59:26 MainThread @decentralized_fqi_matrix.py:453]   Agent 3 progress: 40% (400/1000)
[12-16 09:59:26 MainThread @decentralized_fqi_matrix.py:453]   Agent 3 progress: 50% (500/1000)
[12-16 09:59:26 MainThread @decentralized_fqi_matrix.py:453]   Agent 3 progress: 60% (600/1000)
[12-16 09:59:26 MainThread @decentralized_fqi_matrix.py:453]   Agent 3 progress: 70% (700/1000)
[12-16 09:59:26 MainThread @decentralized_fqi_matrix.py:453]   Agent 3 progress: 80% (800/1000)
[12-16 09:59:26 MainThread @decentralized_fqi_matrix.py:453]   Agent 3 progress: 90% (900/1000)
[12-16 09:59:26 MainThread @decentralized_fqi_matrix.py:486]   Agent 3 completed: avg Nash time=0.00ms
[12-16 09:59:26 MainThread @decentralized_fqi_matrix.py:379] Computing targets for agent 4/6...
[12-16 09:59:26 MainThread @decentralized_fqi_matrix.py:453]   Agent 4 progress: 10% (100/1000)
[12-16 09:59:26 MainThread @decentralized_fqi_matrix.py:453]   Agent 4 progress: 20% (200/1000)
[12-16 09:59:26 MainThread @decentralized_fqi_matrix.py:453]   Agent 4 progress: 30% (300/1000)
[12-16 09:59:26 MainThread @decentralized_fqi_matrix.py:453]   Agent 4 progress: 40% (400/1000)
[12-16 09:59:26 MainThread @decentralized_fqi_matrix.py:453]   Agent 4 progress: 50% (500/1000)
[12-16 09:59:26 MainThread @decentralized_fqi_matrix.py:453]   Agent 4 progress: 60% (600/1000)
[12-16 09:59:26 MainThread @decentralized_fqi_matrix.py:453]   Agent 4 progress: 70% (700/1000)
[12-16 09:59:26 MainThread @decentralized_fqi_matrix.py:453]   Agent 4 progress: 80% (800/1000)
[12-16 09:59:26 MainThread @decentralized_fqi_matrix.py:453]   Agent 4 progress: 90% (900/1000)
[12-16 09:59:26 MainThread @decentralized_fqi_matrix.py:486]   Agent 4 completed: avg Nash time=0.00ms
[12-16 09:59:26 MainThread @decentralized_fqi_matrix.py:379] Computing targets for agent 5/6...
[12-16 09:59:26 MainThread @decentralized_fqi_matrix.py:453]   Agent 5 progress: 10% (100/1000)
[12-16 09:59:26 MainThread @decentralized_fqi_matrix.py:453]   Agent 5 progress: 20% (200/1000)
[12-16 09:59:26 MainThread @decentralized_fqi_matrix.py:453]   Agent 5 progress: 30% (300/1000)
[12-16 09:59:26 MainThread @decentralized_fqi_matrix.py:453]   Agent 5 progress: 40% (400/1000)
[12-16 09:59:26 MainThread @decentralized_fqi_matrix.py:453]   Agent 5 progress: 50% (500/1000)
[12-16 09:59:26 MainThread @decentralized_fqi_matrix.py:453]   Agent 5 progress: 60% (600/1000)
[12-16 09:59:26 MainThread @decentralized_fqi_matrix.py:453]   Agent 5 progress: 70% (700/1000)
[12-16 09:59:26 MainThread @decentralized_fqi_matrix.py:453]   Agent 5 progress: 80% (800/1000)
[12-16 09:59:26 MainThread @decentralized_fqi_matrix.py:453]   Agent 5 progress: 90% (900/1000)
[12-16 09:59:26 MainThread @decentralized_fqi_matrix.py:486]   Agent 5 completed: avg Nash time=0.00ms
[12-16 09:59:26 MainThread @decentralized_fqi_matrix.py:379] Computing targets for agent 6/6...
[12-16 09:59:26 MainThread @decentralized_fqi_matrix.py:453]   Agent 6 progress: 10% (100/1000)
[12-16 09:59:26 MainThread @decentralized_fqi_matrix.py:453]   Agent 6 progress: 20% (200/1000)
[12-16 09:59:26 MainThread @decentralized_fqi_matrix.py:453]   Agent 6 progress: 30% (300/1000)
[12-16 09:59:26 MainThread @decentralized_fqi_matrix.py:453]   Agent 6 progress: 40% (400/1000)
[12-16 09:59:26 MainThread @decentralized_fqi_matrix.py:453]   Agent 6 progress: 50% (500/1000)
[12-16 09:59:26 MainThread @decentralized_fqi_matrix.py:453]   Agent 6 progress: 60% (600/1000)
[12-16 09:59:26 MainThread @decentralized_fqi_matrix.py:453]   Agent 6 progress: 70% (700/1000)
[12-16 09:59:26 MainThread @decentralized_fqi_matrix.py:453]   Agent 6 progress: 80% (800/1000)
[12-16 09:59:26 MainThread @decentralized_fqi_matrix.py:453]   Agent 6 progress: 90% (900/1000)
[12-16 09:59:26 MainThread @decentralized_fqi_matrix.py:486]   Agent 6 completed: avg Nash time=0.00ms
[12-16 09:59:26 MainThread @decentralized_fqi_matrix.py:389] Mean Nash solving time: 0.0000s
[12-16 09:59:26 MainThread @decentralized_fqi_matrix.py:393] Nash cache: 0.0% hit rate (0 hits, 27 misses, 27 cached)
[12-16 09:59:26 MainThread @decentralized_fqi_matrix.py:398] Solving (4) by DIGing decentralized optimization...
[12-16 09:59:28 MainThread @decentralized_fqi_matrix.py:417] Iteration 100 completed: loss=0.4594, td_error=0.5357, consensus_error=0.003939
[12-16 09:59:28 MainThread @decentralized_fqi_matrix.py:573]   [收敛检测] Loss趋势: -0.0005, 波动std: 0.0005
[12-16 09:59:28 MainThread @decentralized_fqi_matrix.py:581]   ✓ Loss已稳定(std=0.0005), 可能已收敛
[12-16 09:59:28 MainThread @train_matrix.py:293] 
=== Evaluation at Iteration 100 ===
[12-16 09:59:28 MainThread @train_matrix.py:294]   Nash distance: 0.816497
[12-16 09:59:28 MainThread @train_matrix.py:295]   Learned Nash value: 0.1195 (True: -0.0000)
[12-16 09:59:28 MainThread @train_matrix.py:297]   Value error: 0.119503

[12-16 09:59:28 MainThread @decentralized_fqi_matrix.py:626] Models saved to ./matrix_models/train_20251216_095616
[12-16 09:59:28 MainThread @decentralized_fqi_matrix.py:626] Models saved to ./matrix_models/train_20251216_095616
[12-16 09:59:28 MainThread @train_matrix.py:307] 
============================================================
[12-16 09:59:28 MainThread @train_matrix.py:308] Final Evaluation
[12-16 09:59:28 MainThread @train_matrix.py:309] ============================================================
[12-16 09:59:28 MainThread @train_matrix.py:313] True Nash equilibrium:
[12-16 09:59:28 MainThread @train_matrix.py:314]   Team 1: [0.33333333 0.33333333 0.33333333]
[12-16 09:59:28 MainThread @train_matrix.py:315]   Team 2: [0.33333333 0.33333333 0.33333333]
[12-16 09:59:28 MainThread @train_matrix.py:316]   Value: -0.0000
[12-16 09:59:28 MainThread @train_matrix.py:317] 
Final Nash distance: 0.816497
[12-16 09:59:28 MainThread @train_matrix.py:318] Final value error: 0.119503
[12-16 09:59:29 MainThread @train_matrix.py:218] ✓ Convergence curves saved: ./matrix_models/train_20251216_095616/convergence_curves.png
[12-16 09:59:29 MainThread @train_matrix.py:323] 
✓ Training completed!
[12-16 09:59:29 MainThread @train_matrix.py:324] ✓ Models saved to: ./matrix_models/train_20251216_095616
