/home/xbotics-mumu/miniconda3/envs/TTZS/lib/python3.10/site-packages/paddle/utils/cpp_extension/extension_utils.py:718: UserWarning: No ccache found. Please be aware that recompiling all source files may be required. You can download and install ccache from: https://github.com/ccache/ccache/blob/master/doc/INSTALL.md
  warnings.warn(warning_message)
[12-16 11:24:49 MainThread @logger.py:242] Argv: train_matrix.py --game_type rock_paper_scissors --seed 42
/home/xbotics-mumu/zljworkspace/PARL/parl/remote/utils.py:20: UserWarning: pkg_resources is deprecated as an API. See https://setuptools.pypa.io/en/latest/pkg_resources.html. The pkg_resources package is slated for removal as early as 2025-11-30. Refrain from using this package or pin to Setuptools<81.
  import pkg_resources
/home/xbotics-mumu/zljworkspace/PARL/parl/remote/worker.py:29: FutureWarning: The pynvml package is deprecated. Please install nvidia-ml-py instead. If you did not install pynvml directly, please report this to the maintainers of the package that installed pynvml for you.
  import pynvml

=== Two-Team Matrix Game Initialized ===
  Team 1: 3 agents
  Team 2: 3 agents
  Actions per agent: 3
  Game type: rock_paper_scissors
  True Nash value: -0.0000
  Team 1 Nash strategy: [0.33333333 0.33333333 0.33333333]
  Team 2 Nash strategy: [0.33333333 0.33333333 0.33333333]
[12-16 11:24:50 MainThread @decentralized_fqi_matrix.py:336] Consensus matrix is doubly stochastic: True
[12-16 11:24:50 MainThread @train_matrix.py:269] 
============================================================
[12-16 11:24:50 MainThread @train_matrix.py:270] Matrix Game FQI Training
[12-16 11:24:50 MainThread @train_matrix.py:271] ============================================================
[12-16 11:24:50 MainThread @train_matrix.py:272] Game type: rock_paper_scissors
[12-16 11:24:50 MainThread @train_matrix.py:273] True Nash equilibrium:
[12-16 11:24:50 MainThread @train_matrix.py:274]   Team 1 strategy: [0.33333333 0.33333333 0.33333333]
[12-16 11:24:50 MainThread @train_matrix.py:275]   Team 2 strategy: [0.33333333 0.33333333 0.33333333]
[12-16 11:24:50 MainThread @train_matrix.py:276]   Nash value: -0.0000
[12-16 11:24:50 MainThread @train_matrix.py:277] Save directory: ./matrix_models/train_20251216_112450

[12-16 11:24:50 MainThread @train_matrix.py:280] 
============================================================
[12-16 11:24:50 MainThread @train_matrix.py:281] Starting FQI Training (80 iterations)
[12-16 11:24:50 MainThread @train_matrix.py:287] Data strategy: Fixed dataset
[12-16 11:24:50 MainThread @train_matrix.py:288] ============================================================

[12-16 11:24:50 MainThread @train_matrix.py:88] 
=== Collecting random trajectory data ===
[12-16 11:24:50 MainThread @train_matrix.py:89]   Episodes: 5000
[12-16 11:24:50 MainThread @train_matrix.py:90]   Expected samples: 5000 (single-step game)
[12-16 11:24:50 MainThread @train_matrix.py:117] Collected 100/5000 samples
[12-16 11:24:50 MainThread @train_matrix.py:117] Collected 200/5000 samples
[12-16 11:24:50 MainThread @train_matrix.py:117] Collected 300/5000 samples
[12-16 11:24:50 MainThread @train_matrix.py:117] Collected 400/5000 samples
[12-16 11:24:50 MainThread @train_matrix.py:117] Collected 500/5000 samples
[12-16 11:24:50 MainThread @train_matrix.py:117] Collected 600/5000 samples
[12-16 11:24:50 MainThread @train_matrix.py:117] Collected 700/5000 samples
[12-16 11:24:50 MainThread @train_matrix.py:117] Collected 800/5000 samples
[12-16 11:24:50 MainThread @train_matrix.py:117] Collected 900/5000 samples
[12-16 11:24:50 MainThread @train_matrix.py:117] Collected 1000/5000 samples
[12-16 11:24:50 MainThread @train_matrix.py:117] Collected 1100/5000 samples
[12-16 11:24:50 MainThread @train_matrix.py:117] Collected 1200/5000 samples
[12-16 11:24:50 MainThread @train_matrix.py:117] Collected 1300/5000 samples
[12-16 11:24:50 MainThread @train_matrix.py:117] Collected 1400/5000 samples
[12-16 11:24:50 MainThread @train_matrix.py:117] Collected 1500/5000 samples
[12-16 11:24:50 MainThread @train_matrix.py:117] Collected 1600/5000 samples
[12-16 11:24:50 MainThread @train_matrix.py:117] Collected 1700/5000 samples
[12-16 11:24:50 MainThread @train_matrix.py:117] Collected 1800/5000 samples
[12-16 11:24:50 MainThread @train_matrix.py:117] Collected 1900/5000 samples
[12-16 11:24:50 MainThread @train_matrix.py:117] Collected 2000/5000 samples
[12-16 11:24:50 MainThread @train_matrix.py:117] Collected 2100/5000 samples
[12-16 11:24:50 MainThread @train_matrix.py:117] Collected 2200/5000 samples
[12-16 11:24:50 MainThread @train_matrix.py:117] Collected 2300/5000 samples
[12-16 11:24:50 MainThread @train_matrix.py:117] Collected 2400/5000 samples
[12-16 11:24:50 MainThread @train_matrix.py:117] Collected 2500/5000 samples
[12-16 11:24:50 MainThread @train_matrix.py:117] Collected 2600/5000 samples
[12-16 11:24:50 MainThread @train_matrix.py:117] Collected 2700/5000 samples
[12-16 11:24:50 MainThread @train_matrix.py:117] Collected 2800/5000 samples
[12-16 11:24:50 MainThread @train_matrix.py:117] Collected 2900/5000 samples
[12-16 11:24:50 MainThread @train_matrix.py:117] Collected 3000/5000 samples
[12-16 11:24:50 MainThread @train_matrix.py:117] Collected 3100/5000 samples
[12-16 11:24:50 MainThread @train_matrix.py:117] Collected 3200/5000 samples
[12-16 11:24:50 MainThread @train_matrix.py:117] Collected 3300/5000 samples
[12-16 11:24:50 MainThread @train_matrix.py:117] Collected 3400/5000 samples
[12-16 11:24:50 MainThread @train_matrix.py:117] Collected 3500/5000 samples
[12-16 11:24:50 MainThread @train_matrix.py:117] Collected 3600/5000 samples
[12-16 11:24:50 MainThread @train_matrix.py:117] Collected 3700/5000 samples
[12-16 11:24:50 MainThread @train_matrix.py:117] Collected 3800/5000 samples
[12-16 11:24:50 MainThread @train_matrix.py:117] Collected 3900/5000 samples
[12-16 11:24:50 MainThread @train_matrix.py:117] Collected 4000/5000 samples
[12-16 11:24:50 MainThread @train_matrix.py:117] Collected 4100/5000 samples
[12-16 11:24:50 MainThread @train_matrix.py:117] Collected 4200/5000 samples
[12-16 11:24:50 MainThread @train_matrix.py:117] Collected 4300/5000 samples
[12-16 11:24:50 MainThread @train_matrix.py:117] Collected 4400/5000 samples
[12-16 11:24:50 MainThread @train_matrix.py:117] Collected 4500/5000 samples
[12-16 11:24:50 MainThread @train_matrix.py:117] Collected 4600/5000 samples
[12-16 11:24:50 MainThread @train_matrix.py:117] Collected 4700/5000 samples
[12-16 11:24:50 MainThread @train_matrix.py:117] Collected 4800/5000 samples
[12-16 11:24:50 MainThread @train_matrix.py:117] Collected 4900/5000 samples
[12-16 11:24:50 MainThread @train_matrix.py:117] Collected 5000/5000 samples
[12-16 11:24:50 MainThread @train_matrix.py:119] Collection finished: Buffer size=5000
[12-16 11:24:50 MainThread @decentralized_fqi_matrix.py:372] 
=== Fitted Q-Iteration 1/80 ===
[12-16 11:24:50 MainThread @decentralized_fqi_matrix.py:382] Computing targets for agent 1/6...
[12-16 11:24:50 MainThread @decentralized_fqi_matrix.py:382] Computing targets for agent 2/6...
[12-16 11:24:50 MainThread @decentralized_fqi_matrix.py:382] Computing targets for agent 3/6...
[12-16 11:24:50 MainThread @decentralized_fqi_matrix.py:382] Computing targets for agent 4/6...
[12-16 11:24:50 MainThread @decentralized_fqi_matrix.py:382] Computing targets for agent 5/6...
[12-16 11:24:50 MainThread @decentralized_fqi_matrix.py:382] Computing targets for agent 6/6...
[12-16 11:24:50 MainThread @decentralized_fqi_matrix.py:392] Mean Nash solving time: 0.0000s
[12-16 11:24:50 MainThread @decentralized_fqi_matrix.py:396] Nash cache: 0.0% hit rate (0 hits, 0 misses, 0 cached)
[12-16 11:24:50 MainThread @decentralized_fqi_matrix.py:401] Solving (4) by DIGing decentralized optimization...
[12-16 11:24:58 MainThread @decentralized_fqi_matrix.py:430] Iteration 1 completed: loss=0.6873, td_error=0.7037, consensus_error=0.000405
[12-16 11:24:58 MainThread @decentralized_fqi_matrix.py:372] 
=== Fitted Q-Iteration 2/80 ===
[12-16 11:24:58 MainThread @decentralized_fqi_matrix.py:382] Computing targets for agent 1/6...
[12-16 11:24:58 MainThread @decentralized_fqi_matrix.py:382] Computing targets for agent 2/6...
[12-16 11:24:58 MainThread @decentralized_fqi_matrix.py:382] Computing targets for agent 3/6...
[12-16 11:24:58 MainThread @decentralized_fqi_matrix.py:382] Computing targets for agent 4/6...
[12-16 11:24:58 MainThread @decentralized_fqi_matrix.py:382] Computing targets for agent 5/6...
[12-16 11:24:58 MainThread @decentralized_fqi_matrix.py:382] Computing targets for agent 6/6...
[12-16 11:24:58 MainThread @decentralized_fqi_matrix.py:392] Mean Nash solving time: 0.0000s
[12-16 11:24:58 MainThread @decentralized_fqi_matrix.py:396] Nash cache: 0.0% hit rate (0 hits, 0 misses, 0 cached)
[12-16 11:24:58 MainThread @decentralized_fqi_matrix.py:401] Solving (4) by DIGing decentralized optimization...
[12-16 11:25:06 MainThread @decentralized_fqi_matrix.py:430] Iteration 2 completed: loss=0.6864, td_error=0.7030, consensus_error=0.000226
[12-16 11:25:06 MainThread @decentralized_fqi_matrix.py:372] 
=== Fitted Q-Iteration 3/80 ===
[12-16 11:25:06 MainThread @decentralized_fqi_matrix.py:382] Computing targets for agent 1/6...
[12-16 11:25:06 MainThread @decentralized_fqi_matrix.py:382] Computing targets for agent 2/6...
[12-16 11:25:06 MainThread @decentralized_fqi_matrix.py:382] Computing targets for agent 3/6...
[12-16 11:25:06 MainThread @decentralized_fqi_matrix.py:382] Computing targets for agent 4/6...
[12-16 11:25:06 MainThread @decentralized_fqi_matrix.py:382] Computing targets for agent 5/6...
[12-16 11:25:06 MainThread @decentralized_fqi_matrix.py:382] Computing targets for agent 6/6...
[12-16 11:25:06 MainThread @decentralized_fqi_matrix.py:392] Mean Nash solving time: 0.0000s
[12-16 11:25:06 MainThread @decentralized_fqi_matrix.py:396] Nash cache: 0.0% hit rate (0 hits, 0 misses, 0 cached)
[12-16 11:25:06 MainThread @decentralized_fqi_matrix.py:401] Solving (4) by DIGing decentralized optimization...
[12-16 11:25:14 MainThread @decentralized_fqi_matrix.py:430] Iteration 3 completed: loss=0.6867, td_error=0.7034, consensus_error=0.000131
[12-16 11:25:14 MainThread @decentralized_fqi_matrix.py:372] 
=== Fitted Q-Iteration 4/80 ===
[12-16 11:25:14 MainThread @decentralized_fqi_matrix.py:382] Computing targets for agent 1/6...
[12-16 11:25:14 MainThread @decentralized_fqi_matrix.py:382] Computing targets for agent 2/6...
[12-16 11:25:14 MainThread @decentralized_fqi_matrix.py:382] Computing targets for agent 3/6...
[12-16 11:25:14 MainThread @decentralized_fqi_matrix.py:382] Computing targets for agent 4/6...
[12-16 11:25:14 MainThread @decentralized_fqi_matrix.py:382] Computing targets for agent 5/6...
[12-16 11:25:14 MainThread @decentralized_fqi_matrix.py:382] Computing targets for agent 6/6...
[12-16 11:25:14 MainThread @decentralized_fqi_matrix.py:392] Mean Nash solving time: 0.0000s
[12-16 11:25:14 MainThread @decentralized_fqi_matrix.py:396] Nash cache: 0.0% hit rate (0 hits, 0 misses, 0 cached)
[12-16 11:25:14 MainThread @decentralized_fqi_matrix.py:401] Solving (4) by DIGing decentralized optimization...
[12-16 11:25:22 MainThread @decentralized_fqi_matrix.py:430] Iteration 4 completed: loss=0.6864, td_error=0.7033, consensus_error=0.000216
[12-16 11:25:22 MainThread @decentralized_fqi_matrix.py:372] 
=== Fitted Q-Iteration 5/80 ===
[12-16 11:25:22 MainThread @decentralized_fqi_matrix.py:382] Computing targets for agent 1/6...
[12-16 11:25:22 MainThread @decentralized_fqi_matrix.py:382] Computing targets for agent 2/6...
[12-16 11:25:22 MainThread @decentralized_fqi_matrix.py:382] Computing targets for agent 3/6...
[12-16 11:25:22 MainThread @decentralized_fqi_matrix.py:382] Computing targets for agent 4/6...
[12-16 11:25:22 MainThread @decentralized_fqi_matrix.py:382] Computing targets for agent 5/6...
[12-16 11:25:22 MainThread @decentralized_fqi_matrix.py:382] Computing targets for agent 6/6...
[12-16 11:25:22 MainThread @decentralized_fqi_matrix.py:392] Mean Nash solving time: 0.0000s
[12-16 11:25:22 MainThread @decentralized_fqi_matrix.py:396] Nash cache: 0.0% hit rate (0 hits, 0 misses, 0 cached)
[12-16 11:25:22 MainThread @decentralized_fqi_matrix.py:401] Solving (4) by DIGing decentralized optimization...
[12-16 11:25:30 MainThread @decentralized_fqi_matrix.py:430] Iteration 5 completed: loss=0.6849, td_error=0.7021, consensus_error=0.000176
[12-16 11:25:30 MainThread @decentralized_fqi_matrix.py:577]   [收敛检测] Loss趋势: +0.0024, 波动std: 0.0008
[12-16 11:25:30 MainThread @decentralized_fqi_matrix.py:372] 
=== Fitted Q-Iteration 6/80 ===
[12-16 11:25:30 MainThread @decentralized_fqi_matrix.py:382] Computing targets for agent 1/6...
[12-16 11:25:30 MainThread @decentralized_fqi_matrix.py:382] Computing targets for agent 2/6...
[12-16 11:25:30 MainThread @decentralized_fqi_matrix.py:382] Computing targets for agent 3/6...
[12-16 11:25:30 MainThread @decentralized_fqi_matrix.py:382] Computing targets for agent 4/6...
[12-16 11:25:30 MainThread @decentralized_fqi_matrix.py:382] Computing targets for agent 5/6...
[12-16 11:25:30 MainThread @decentralized_fqi_matrix.py:382] Computing targets for agent 6/6...
[12-16 11:25:30 MainThread @decentralized_fqi_matrix.py:392] Mean Nash solving time: 0.0000s
[12-16 11:25:30 MainThread @decentralized_fqi_matrix.py:396] Nash cache: 0.0% hit rate (0 hits, 0 misses, 0 cached)
[12-16 11:25:30 MainThread @decentralized_fqi_matrix.py:401] Solving (4) by DIGing decentralized optimization...
[12-16 11:25:38 MainThread @decentralized_fqi_matrix.py:430] Iteration 6 completed: loss=0.6847, td_error=0.7020, consensus_error=0.000172
[12-16 11:25:38 MainThread @decentralized_fqi_matrix.py:577]   [收敛检测] Loss趋势: +0.0017, 波动std: 0.0009
[12-16 11:25:38 MainThread @decentralized_fqi_matrix.py:372] 
=== Fitted Q-Iteration 7/80 ===
[12-16 11:25:38 MainThread @decentralized_fqi_matrix.py:382] Computing targets for agent 1/6...
[12-16 11:25:38 MainThread @decentralized_fqi_matrix.py:382] Computing targets for agent 2/6...
[12-16 11:25:38 MainThread @decentralized_fqi_matrix.py:382] Computing targets for agent 3/6...
[12-16 11:25:38 MainThread @decentralized_fqi_matrix.py:382] Computing targets for agent 4/6...
[12-16 11:25:38 MainThread @decentralized_fqi_matrix.py:382] Computing targets for agent 5/6...
[12-16 11:25:38 MainThread @decentralized_fqi_matrix.py:382] Computing targets for agent 6/6...
[12-16 11:25:38 MainThread @decentralized_fqi_matrix.py:392] Mean Nash solving time: 0.0000s
[12-16 11:25:38 MainThread @decentralized_fqi_matrix.py:396] Nash cache: 0.0% hit rate (0 hits, 0 misses, 0 cached)
[12-16 11:25:38 MainThread @decentralized_fqi_matrix.py:401] Solving (4) by DIGing decentralized optimization...
[12-16 11:25:46 MainThread @decentralized_fqi_matrix.py:430] Iteration 7 completed: loss=0.6853, td_error=0.7029, consensus_error=0.000099
[12-16 11:25:46 MainThread @decentralized_fqi_matrix.py:577]   [收敛检测] Loss趋势: +0.0014, 波动std: 0.0008
[12-16 11:25:46 MainThread @decentralized_fqi_matrix.py:372] 
=== Fitted Q-Iteration 8/80 ===
[12-16 11:25:46 MainThread @decentralized_fqi_matrix.py:382] Computing targets for agent 1/6...
[12-16 11:25:46 MainThread @decentralized_fqi_matrix.py:382] Computing targets for agent 2/6...
[12-16 11:25:46 MainThread @decentralized_fqi_matrix.py:382] Computing targets for agent 3/6...
[12-16 11:25:46 MainThread @decentralized_fqi_matrix.py:382] Computing targets for agent 4/6...
[12-16 11:25:46 MainThread @decentralized_fqi_matrix.py:382] Computing targets for agent 5/6...
[12-16 11:25:46 MainThread @decentralized_fqi_matrix.py:382] Computing targets for agent 6/6...
[12-16 11:25:46 MainThread @decentralized_fqi_matrix.py:392] Mean Nash solving time: 0.0000s
[12-16 11:25:46 MainThread @decentralized_fqi_matrix.py:396] Nash cache: 0.0% hit rate (0 hits, 0 misses, 0 cached)
[12-16 11:25:46 MainThread @decentralized_fqi_matrix.py:401] Solving (4) by DIGing decentralized optimization...
[12-16 11:25:54 MainThread @decentralized_fqi_matrix.py:430] Iteration 8 completed: loss=0.6858, td_error=0.7034, consensus_error=0.000100
[12-16 11:25:54 MainThread @decentralized_fqi_matrix.py:577]   [收敛检测] Loss趋势: +0.0006, 波动std: 0.0006
[12-16 11:25:54 MainThread @decentralized_fqi_matrix.py:372] 
=== Fitted Q-Iteration 9/80 ===
[12-16 11:25:54 MainThread @decentralized_fqi_matrix.py:382] Computing targets for agent 1/6...
[12-16 11:25:54 MainThread @decentralized_fqi_matrix.py:382] Computing targets for agent 2/6...
[12-16 11:25:54 MainThread @decentralized_fqi_matrix.py:382] Computing targets for agent 3/6...
[12-16 11:25:54 MainThread @decentralized_fqi_matrix.py:382] Computing targets for agent 4/6...
[12-16 11:25:54 MainThread @decentralized_fqi_matrix.py:382] Computing targets for agent 5/6...
[12-16 11:25:54 MainThread @decentralized_fqi_matrix.py:382] Computing targets for agent 6/6...
[12-16 11:25:54 MainThread @decentralized_fqi_matrix.py:392] Mean Nash solving time: 0.0000s
[12-16 11:25:54 MainThread @decentralized_fqi_matrix.py:396] Nash cache: 0.0% hit rate (0 hits, 0 misses, 0 cached)
[12-16 11:25:54 MainThread @decentralized_fqi_matrix.py:401] Solving (4) by DIGing decentralized optimization...
[12-16 11:26:02 MainThread @decentralized_fqi_matrix.py:430] Iteration 9 completed: loss=0.6851, td_error=0.7028, consensus_error=0.000324
[12-16 11:26:02 MainThread @decentralized_fqi_matrix.py:577]   [收敛检测] Loss趋势: -0.0002, 波动std: 0.0004
[12-16 11:26:02 MainThread @decentralized_fqi_matrix.py:372] 
=== Fitted Q-Iteration 10/80 ===
[12-16 11:26:02 MainThread @decentralized_fqi_matrix.py:382] Computing targets for agent 1/6...
[12-16 11:26:02 MainThread @decentralized_fqi_matrix.py:382] Computing targets for agent 2/6...
[12-16 11:26:02 MainThread @decentralized_fqi_matrix.py:382] Computing targets for agent 3/6...
[12-16 11:26:02 MainThread @decentralized_fqi_matrix.py:382] Computing targets for agent 4/6...
[12-16 11:26:02 MainThread @decentralized_fqi_matrix.py:382] Computing targets for agent 5/6...
[12-16 11:26:02 MainThread @decentralized_fqi_matrix.py:382] Computing targets for agent 6/6...
[12-16 11:26:02 MainThread @decentralized_fqi_matrix.py:392] Mean Nash solving time: 0.0000s
[12-16 11:26:02 MainThread @decentralized_fqi_matrix.py:396] Nash cache: 0.0% hit rate (0 hits, 0 misses, 0 cached)
[12-16 11:26:02 MainThread @decentralized_fqi_matrix.py:401] Solving (4) by DIGing decentralized optimization...
[12-16 11:26:10 MainThread @decentralized_fqi_matrix.py:418] Learning rate decayed: 0.000478 -> 0.000476
[12-16 11:26:10 MainThread @decentralized_fqi_matrix.py:430] Iteration 10 completed: loss=0.6853, td_error=0.7032, consensus_error=0.000471
[12-16 11:26:10 MainThread @decentralized_fqi_matrix.py:577]   [收敛检测] Loss趋势: -0.0006, 波动std: 0.0004
[12-16 11:26:10 MainThread @train_matrix.py:331] 
=== Evaluation at Iteration 10 ===
[12-16 11:26:10 MainThread @train_matrix.py:332]   Nash distance: 0.113401
[12-16 11:26:10 MainThread @train_matrix.py:333]   Learned Nash value: -0.0019 (True: -0.0000)
[12-16 11:26:10 MainThread @train_matrix.py:335]   Value error: 0.001895

[12-16 11:26:10 MainThread @decentralized_fqi_matrix.py:372] 
=== Fitted Q-Iteration 11/80 ===
[12-16 11:26:10 MainThread @decentralized_fqi_matrix.py:382] Computing targets for agent 1/6...
[12-16 11:26:10 MainThread @decentralized_fqi_matrix.py:382] Computing targets for agent 2/6...
[12-16 11:26:10 MainThread @decentralized_fqi_matrix.py:382] Computing targets for agent 3/6...
[12-16 11:26:10 MainThread @decentralized_fqi_matrix.py:382] Computing targets for agent 4/6...
[12-16 11:26:10 MainThread @decentralized_fqi_matrix.py:382] Computing targets for agent 5/6...
[12-16 11:26:10 MainThread @decentralized_fqi_matrix.py:382] Computing targets for agent 6/6...
[12-16 11:26:10 MainThread @decentralized_fqi_matrix.py:392] Mean Nash solving time: 0.0000s
[12-16 11:26:10 MainThread @decentralized_fqi_matrix.py:396] Nash cache: 0.0% hit rate (0 hits, 3 misses, 3 cached)
[12-16 11:26:10 MainThread @decentralized_fqi_matrix.py:401] Solving (4) by DIGing decentralized optimization...
[12-16 11:26:18 MainThread @decentralized_fqi_matrix.py:430] Iteration 11 completed: loss=0.6819, td_error=0.7004, consensus_error=0.000134
[12-16 11:26:18 MainThread @decentralized_fqi_matrix.py:577]   [收敛检测] Loss趋势: +0.0034, 波动std: 0.0014
[12-16 11:26:18 MainThread @decentralized_fqi_matrix.py:372] 
=== Fitted Q-Iteration 12/80 ===
[12-16 11:26:18 MainThread @decentralized_fqi_matrix.py:382] Computing targets for agent 1/6...
[12-16 11:26:18 MainThread @decentralized_fqi_matrix.py:382] Computing targets for agent 2/6...
[12-16 11:26:18 MainThread @decentralized_fqi_matrix.py:382] Computing targets for agent 3/6...
[12-16 11:26:18 MainThread @decentralized_fqi_matrix.py:382] Computing targets for agent 4/6...
[12-16 11:26:18 MainThread @decentralized_fqi_matrix.py:382] Computing targets for agent 5/6...
[12-16 11:26:18 MainThread @decentralized_fqi_matrix.py:382] Computing targets for agent 6/6...
[12-16 11:26:18 MainThread @decentralized_fqi_matrix.py:392] Mean Nash solving time: 0.0000s
[12-16 11:26:18 MainThread @decentralized_fqi_matrix.py:396] Nash cache: 0.0% hit rate (0 hits, 3 misses, 3 cached)
[12-16 11:26:18 MainThread @decentralized_fqi_matrix.py:401] Solving (4) by DIGing decentralized optimization...
[12-16 11:26:26 MainThread @decentralized_fqi_matrix.py:430] Iteration 12 completed: loss=0.6837, td_error=0.7022, consensus_error=0.000138
[12-16 11:26:26 MainThread @decentralized_fqi_matrix.py:577]   [收敛检测] Loss趋势: +0.0021, 波动std: 0.0014
[12-16 11:26:26 MainThread @decentralized_fqi_matrix.py:372] 
=== Fitted Q-Iteration 13/80 ===
[12-16 11:26:26 MainThread @decentralized_fqi_matrix.py:382] Computing targets for agent 1/6...
[12-16 11:26:26 MainThread @decentralized_fqi_matrix.py:382] Computing targets for agent 2/6...
[12-16 11:26:26 MainThread @decentralized_fqi_matrix.py:382] Computing targets for agent 3/6...
[12-16 11:26:26 MainThread @decentralized_fqi_matrix.py:382] Computing targets for agent 4/6...
[12-16 11:26:26 MainThread @decentralized_fqi_matrix.py:382] Computing targets for agent 5/6...
[12-16 11:26:26 MainThread @decentralized_fqi_matrix.py:382] Computing targets for agent 6/6...
[12-16 11:26:26 MainThread @decentralized_fqi_matrix.py:392] Mean Nash solving time: 0.0000s
[12-16 11:26:26 MainThread @decentralized_fqi_matrix.py:396] Nash cache: 0.0% hit rate (0 hits, 3 misses, 3 cached)
[12-16 11:26:26 MainThread @decentralized_fqi_matrix.py:401] Solving (4) by DIGing decentralized optimization...
[12-16 11:26:35 MainThread @decentralized_fqi_matrix.py:430] Iteration 13 completed: loss=0.6826, td_error=0.7015, consensus_error=0.000154
[12-16 11:26:35 MainThread @decentralized_fqi_matrix.py:577]   [收敛检测] Loss趋势: +0.0025, 波动std: 0.0013
[12-16 11:26:35 MainThread @decentralized_fqi_matrix.py:372] 
=== Fitted Q-Iteration 14/80 ===
[12-16 11:26:35 MainThread @decentralized_fqi_matrix.py:382] Computing targets for agent 1/6...
[12-16 11:26:35 MainThread @decentralized_fqi_matrix.py:382] Computing targets for agent 2/6...
[12-16 11:26:35 MainThread @decentralized_fqi_matrix.py:382] Computing targets for agent 3/6...
[12-16 11:26:35 MainThread @decentralized_fqi_matrix.py:382] Computing targets for agent 4/6...
[12-16 11:26:35 MainThread @decentralized_fqi_matrix.py:382] Computing targets for agent 5/6...
[12-16 11:26:35 MainThread @decentralized_fqi_matrix.py:382] Computing targets for agent 6/6...
[12-16 11:26:35 MainThread @decentralized_fqi_matrix.py:392] Mean Nash solving time: 0.0000s
[12-16 11:26:35 MainThread @decentralized_fqi_matrix.py:396] Nash cache: 0.0% hit rate (0 hits, 3 misses, 3 cached)
[12-16 11:26:35 MainThread @decentralized_fqi_matrix.py:401] Solving (4) by DIGing decentralized optimization...
[12-16 11:26:43 MainThread @decentralized_fqi_matrix.py:430] Iteration 14 completed: loss=0.6823, td_error=0.7014, consensus_error=0.000309
[12-16 11:26:43 MainThread @decentralized_fqi_matrix.py:577]   [收敛检测] Loss趋势: +0.0030, 波动std: 0.0012
[12-16 11:26:43 MainThread @decentralized_fqi_matrix.py:372] 
=== Fitted Q-Iteration 15/80 ===
[12-16 11:26:43 MainThread @decentralized_fqi_matrix.py:382] Computing targets for agent 1/6...
[12-16 11:26:43 MainThread @decentralized_fqi_matrix.py:382] Computing targets for agent 2/6...
[12-16 11:26:43 MainThread @decentralized_fqi_matrix.py:382] Computing targets for agent 3/6...
[12-16 11:26:43 MainThread @decentralized_fqi_matrix.py:382] Computing targets for agent 4/6...
[12-16 11:26:43 MainThread @decentralized_fqi_matrix.py:382] Computing targets for agent 5/6...
[12-16 11:26:43 MainThread @decentralized_fqi_matrix.py:382] Computing targets for agent 6/6...
[12-16 11:26:43 MainThread @decentralized_fqi_matrix.py:392] Mean Nash solving time: 0.0000s
[12-16 11:26:43 MainThread @decentralized_fqi_matrix.py:396] Nash cache: 0.0% hit rate (0 hits, 3 misses, 3 cached)
[12-16 11:26:43 MainThread @decentralized_fqi_matrix.py:401] Solving (4) by DIGing decentralized optimization...
[12-16 11:26:51 MainThread @decentralized_fqi_matrix.py:430] Iteration 15 completed: loss=0.6817, td_error=0.7012, consensus_error=0.000896
[12-16 11:26:51 MainThread @decentralized_fqi_matrix.py:577]   [收敛检测] Loss趋势: +0.0002, 波动std: 0.0007
[12-16 11:26:51 MainThread @decentralized_fqi_matrix.py:372] 
=== Fitted Q-Iteration 16/80 ===
[12-16 11:26:51 MainThread @decentralized_fqi_matrix.py:382] Computing targets for agent 1/6...
[12-16 11:26:51 MainThread @decentralized_fqi_matrix.py:382] Computing targets for agent 2/6...
[12-16 11:26:51 MainThread @decentralized_fqi_matrix.py:382] Computing targets for agent 3/6...
[12-16 11:26:51 MainThread @decentralized_fqi_matrix.py:382] Computing targets for agent 4/6...
[12-16 11:26:51 MainThread @decentralized_fqi_matrix.py:382] Computing targets for agent 5/6...
[12-16 11:26:51 MainThread @decentralized_fqi_matrix.py:382] Computing targets for agent 6/6...
[12-16 11:26:51 MainThread @decentralized_fqi_matrix.py:392] Mean Nash solving time: 0.0000s
[12-16 11:26:51 MainThread @decentralized_fqi_matrix.py:396] Nash cache: 0.0% hit rate (0 hits, 3 misses, 3 cached)
[12-16 11:26:51 MainThread @decentralized_fqi_matrix.py:401] Solving (4) by DIGing decentralized optimization...
[12-16 11:26:59 MainThread @decentralized_fqi_matrix.py:430] Iteration 16 completed: loss=0.6798, td_error=0.7001, consensus_error=0.000169
[12-16 11:26:59 MainThread @decentralized_fqi_matrix.py:577]   [收敛检测] Loss趋势: +0.0039, 波动std: 0.0013
[12-16 11:26:59 MainThread @decentralized_fqi_matrix.py:372] 
=== Fitted Q-Iteration 17/80 ===
[12-16 11:26:59 MainThread @decentralized_fqi_matrix.py:382] Computing targets for agent 1/6...
[12-16 11:26:59 MainThread @decentralized_fqi_matrix.py:382] Computing targets for agent 2/6...
[12-16 11:26:59 MainThread @decentralized_fqi_matrix.py:382] Computing targets for agent 3/6...
[12-16 11:26:59 MainThread @decentralized_fqi_matrix.py:382] Computing targets for agent 4/6...
[12-16 11:26:59 MainThread @decentralized_fqi_matrix.py:382] Computing targets for agent 5/6...
[12-16 11:26:59 MainThread @decentralized_fqi_matrix.py:382] Computing targets for agent 6/6...
[12-16 11:26:59 MainThread @decentralized_fqi_matrix.py:392] Mean Nash solving time: 0.0000s
[12-16 11:26:59 MainThread @decentralized_fqi_matrix.py:396] Nash cache: 0.0% hit rate (0 hits, 3 misses, 3 cached)
[12-16 11:26:59 MainThread @decentralized_fqi_matrix.py:401] Solving (4) by DIGing decentralized optimization...
[12-16 11:27:07 MainThread @decentralized_fqi_matrix.py:430] Iteration 17 completed: loss=0.6779, td_error=0.6989, consensus_error=0.000409
[12-16 11:27:07 MainThread @decentralized_fqi_matrix.py:577]   [收敛检测] Loss趋势: +0.0047, 波动std: 0.0018
[12-16 11:27:07 MainThread @decentralized_fqi_matrix.py:372] 
=== Fitted Q-Iteration 18/80 ===
[12-16 11:27:07 MainThread @decentralized_fqi_matrix.py:382] Computing targets for agent 1/6...
[12-16 11:27:07 MainThread @decentralized_fqi_matrix.py:382] Computing targets for agent 2/6...
[12-16 11:27:07 MainThread @decentralized_fqi_matrix.py:382] Computing targets for agent 3/6...
[12-16 11:27:07 MainThread @decentralized_fqi_matrix.py:382] Computing targets for agent 4/6...
[12-16 11:27:07 MainThread @decentralized_fqi_matrix.py:382] Computing targets for agent 5/6...
[12-16 11:27:07 MainThread @decentralized_fqi_matrix.py:382] Computing targets for agent 6/6...
[12-16 11:27:07 MainThread @decentralized_fqi_matrix.py:392] Mean Nash solving time: 0.0000s
[12-16 11:27:07 MainThread @decentralized_fqi_matrix.py:396] Nash cache: 0.0% hit rate (0 hits, 3 misses, 3 cached)
[12-16 11:27:07 MainThread @decentralized_fqi_matrix.py:401] Solving (4) by DIGing decentralized optimization...
[12-16 11:27:15 MainThread @decentralized_fqi_matrix.py:430] Iteration 18 completed: loss=0.6790, td_error=0.7004, consensus_error=0.000202
[12-16 11:27:15 MainThread @decentralized_fqi_matrix.py:577]   [收敛检测] Loss趋势: +0.0032, 波动std: 0.0016
[12-16 11:27:15 MainThread @decentralized_fqi_matrix.py:372] 
=== Fitted Q-Iteration 19/80 ===
[12-16 11:27:15 MainThread @decentralized_fqi_matrix.py:382] Computing targets for agent 1/6...
[12-16 11:27:15 MainThread @decentralized_fqi_matrix.py:382] Computing targets for agent 2/6...
[12-16 11:27:15 MainThread @decentralized_fqi_matrix.py:382] Computing targets for agent 3/6...
[12-16 11:27:15 MainThread @decentralized_fqi_matrix.py:382] Computing targets for agent 4/6...
[12-16 11:27:15 MainThread @decentralized_fqi_matrix.py:382] Computing targets for agent 5/6...
[12-16 11:27:15 MainThread @decentralized_fqi_matrix.py:382] Computing targets for agent 6/6...
[12-16 11:27:15 MainThread @decentralized_fqi_matrix.py:392] Mean Nash solving time: 0.0000s
[12-16 11:27:15 MainThread @decentralized_fqi_matrix.py:396] Nash cache: 0.0% hit rate (0 hits, 3 misses, 3 cached)
[12-16 11:27:15 MainThread @decentralized_fqi_matrix.py:401] Solving (4) by DIGing decentralized optimization...
[12-16 11:27:23 MainThread @decentralized_fqi_matrix.py:430] Iteration 19 completed: loss=0.6757, td_error=0.6982, consensus_error=0.001565
[12-16 11:27:23 MainThread @decentralized_fqi_matrix.py:577]   [收敛检测] Loss趋势: +0.0059, 波动std: 0.0020
[12-16 11:27:23 MainThread @decentralized_fqi_matrix.py:372] 
=== Fitted Q-Iteration 20/80 ===
[12-16 11:27:23 MainThread @decentralized_fqi_matrix.py:382] Computing targets for agent 1/6...
[12-16 11:27:23 MainThread @decentralized_fqi_matrix.py:382] Computing targets for agent 2/6...
[12-16 11:27:23 MainThread @decentralized_fqi_matrix.py:382] Computing targets for agent 3/6...
[12-16 11:27:23 MainThread @decentralized_fqi_matrix.py:382] Computing targets for agent 4/6...
[12-16 11:27:23 MainThread @decentralized_fqi_matrix.py:382] Computing targets for agent 5/6...
[12-16 11:27:23 MainThread @decentralized_fqi_matrix.py:382] Computing targets for agent 6/6...
[12-16 11:27:23 MainThread @decentralized_fqi_matrix.py:392] Mean Nash solving time: 0.0000s
[12-16 11:27:23 MainThread @decentralized_fqi_matrix.py:396] Nash cache: 0.0% hit rate (0 hits, 3 misses, 3 cached)
[12-16 11:27:23 MainThread @decentralized_fqi_matrix.py:401] Solving (4) by DIGing decentralized optimization...
[12-16 11:27:31 MainThread @decentralized_fqi_matrix.py:418] Learning rate decayed: 0.000455 -> 0.000452
[12-16 11:27:31 MainThread @decentralized_fqi_matrix.py:430] Iteration 20 completed: loss=0.6746, td_error=0.6979, consensus_error=0.000264
[12-16 11:27:31 MainThread @decentralized_fqi_matrix.py:577]   [收敛检测] Loss趋势: +0.0052, 波动std: 0.0020
[12-16 11:27:31 MainThread @train_matrix.py:331] 
=== Evaluation at Iteration 20 ===
[12-16 11:27:31 MainThread @train_matrix.py:332]   Nash distance: 0.518246
[12-16 11:27:31 MainThread @train_matrix.py:333]   Learned Nash value: 0.0064 (True: -0.0000)
[12-16 11:27:31 MainThread @train_matrix.py:335]   Value error: 0.006363

[12-16 11:27:31 MainThread @decentralized_fqi_matrix.py:630] Models saved to ./matrix_models/train_20251216_112450
[12-16 11:27:31 MainThread @decentralized_fqi_matrix.py:372] 
=== Fitted Q-Iteration 21/80 ===
[12-16 11:27:31 MainThread @decentralized_fqi_matrix.py:382] Computing targets for agent 1/6...
[12-16 11:27:31 MainThread @decentralized_fqi_matrix.py:382] Computing targets for agent 2/6...
[12-16 11:27:31 MainThread @decentralized_fqi_matrix.py:382] Computing targets for agent 3/6...
[12-16 11:27:31 MainThread @decentralized_fqi_matrix.py:382] Computing targets for agent 4/6...
[12-16 11:27:31 MainThread @decentralized_fqi_matrix.py:382] Computing targets for agent 5/6...
[12-16 11:27:31 MainThread @decentralized_fqi_matrix.py:382] Computing targets for agent 6/6...
[12-16 11:27:31 MainThread @decentralized_fqi_matrix.py:392] Mean Nash solving time: 0.0000s
[12-16 11:27:31 MainThread @decentralized_fqi_matrix.py:396] Nash cache: 0.0% hit rate (0 hits, 6 misses, 6 cached)
[12-16 11:27:31 MainThread @decentralized_fqi_matrix.py:401] Solving (4) by DIGing decentralized optimization...
[12-16 11:27:39 MainThread @decentralized_fqi_matrix.py:430] Iteration 21 completed: loss=0.6725, td_error=0.6972, consensus_error=0.001854
[12-16 11:27:39 MainThread @decentralized_fqi_matrix.py:577]   [收敛检测] Loss趋势: +0.0054, 波动std: 0.0023
[12-16 11:27:39 MainThread @decentralized_fqi_matrix.py:372] 
=== Fitted Q-Iteration 22/80 ===
[12-16 11:27:39 MainThread @decentralized_fqi_matrix.py:382] Computing targets for agent 1/6...
[12-16 11:27:39 MainThread @decentralized_fqi_matrix.py:382] Computing targets for agent 2/6...
[12-16 11:27:39 MainThread @decentralized_fqi_matrix.py:382] Computing targets for agent 3/6...
[12-16 11:27:39 MainThread @decentralized_fqi_matrix.py:382] Computing targets for agent 4/6...
[12-16 11:27:39 MainThread @decentralized_fqi_matrix.py:382] Computing targets for agent 5/6...
[12-16 11:27:39 MainThread @decentralized_fqi_matrix.py:382] Computing targets for agent 6/6...
[12-16 11:27:39 MainThread @decentralized_fqi_matrix.py:392] Mean Nash solving time: 0.0000s
[12-16 11:27:39 MainThread @decentralized_fqi_matrix.py:396] Nash cache: 0.0% hit rate (0 hits, 6 misses, 6 cached)
[12-16 11:27:39 MainThread @decentralized_fqi_matrix.py:401] Solving (4) by DIGing decentralized optimization...
[12-16 11:27:47 MainThread @decentralized_fqi_matrix.py:430] Iteration 22 completed: loss=0.6700, td_error=0.6960, consensus_error=0.000777
[12-16 11:27:47 MainThread @decentralized_fqi_matrix.py:577]   [收敛检测] Loss趋势: +0.0090, 波动std: 0.0030
[12-16 11:27:47 MainThread @decentralized_fqi_matrix.py:372] 
=== Fitted Q-Iteration 23/80 ===
[12-16 11:27:47 MainThread @decentralized_fqi_matrix.py:382] Computing targets for agent 1/6...
[12-16 11:27:47 MainThread @decentralized_fqi_matrix.py:382] Computing targets for agent 2/6...
[12-16 11:27:47 MainThread @decentralized_fqi_matrix.py:382] Computing targets for agent 3/6...
[12-16 11:27:47 MainThread @decentralized_fqi_matrix.py:382] Computing targets for agent 4/6...
[12-16 11:27:47 MainThread @decentralized_fqi_matrix.py:382] Computing targets for agent 5/6...
[12-16 11:27:47 MainThread @decentralized_fqi_matrix.py:382] Computing targets for agent 6/6...
[12-16 11:27:47 MainThread @decentralized_fqi_matrix.py:392] Mean Nash solving time: 0.0000s
[12-16 11:27:47 MainThread @decentralized_fqi_matrix.py:396] Nash cache: 0.0% hit rate (0 hits, 6 misses, 6 cached)
[12-16 11:27:47 MainThread @decentralized_fqi_matrix.py:401] Solving (4) by DIGing decentralized optimization...
[12-16 11:27:55 MainThread @decentralized_fqi_matrix.py:430] Iteration 23 completed: loss=0.6691, td_error=0.6962, consensus_error=0.000534
[12-16 11:27:55 MainThread @decentralized_fqi_matrix.py:577]   [收敛检测] Loss趋势: +0.0067, 波动std: 0.0026
[12-16 11:27:55 MainThread @decentralized_fqi_matrix.py:372] 
=== Fitted Q-Iteration 24/80 ===
[12-16 11:27:55 MainThread @decentralized_fqi_matrix.py:382] Computing targets for agent 1/6...
[12-16 11:27:55 MainThread @decentralized_fqi_matrix.py:382] Computing targets for agent 2/6...
[12-16 11:27:55 MainThread @decentralized_fqi_matrix.py:382] Computing targets for agent 3/6...
[12-16 11:27:55 MainThread @decentralized_fqi_matrix.py:382] Computing targets for agent 4/6...
[12-16 11:27:55 MainThread @decentralized_fqi_matrix.py:382] Computing targets for agent 5/6...
[12-16 11:27:55 MainThread @decentralized_fqi_matrix.py:382] Computing targets for agent 6/6...
[12-16 11:27:55 MainThread @decentralized_fqi_matrix.py:392] Mean Nash solving time: 0.0000s
[12-16 11:27:55 MainThread @decentralized_fqi_matrix.py:396] Nash cache: 0.0% hit rate (0 hits, 6 misses, 6 cached)
[12-16 11:27:55 MainThread @decentralized_fqi_matrix.py:401] Solving (4) by DIGing decentralized optimization...
[12-16 11:28:04 MainThread @decentralized_fqi_matrix.py:430] Iteration 24 completed: loss=0.6661, td_error=0.6951, consensus_error=0.000359
[12-16 11:28:04 MainThread @decentralized_fqi_matrix.py:577]   [收敛检测] Loss趋势: +0.0085, 波动std: 0.0029
[12-16 11:28:04 MainThread @decentralized_fqi_matrix.py:372] 
=== Fitted Q-Iteration 25/80 ===
[12-16 11:28:04 MainThread @decentralized_fqi_matrix.py:382] Computing targets for agent 1/6...
[12-16 11:28:04 MainThread @decentralized_fqi_matrix.py:382] Computing targets for agent 2/6...
[12-16 11:28:04 MainThread @decentralized_fqi_matrix.py:382] Computing targets for agent 3/6...
[12-16 11:28:04 MainThread @decentralized_fqi_matrix.py:382] Computing targets for agent 4/6...
[12-16 11:28:04 MainThread @decentralized_fqi_matrix.py:382] Computing targets for agent 5/6...
[12-16 11:28:04 MainThread @decentralized_fqi_matrix.py:382] Computing targets for agent 6/6...
[12-16 11:28:04 MainThread @decentralized_fqi_matrix.py:392] Mean Nash solving time: 0.0000s
[12-16 11:28:04 MainThread @decentralized_fqi_matrix.py:396] Nash cache: 0.0% hit rate (0 hits, 6 misses, 6 cached)
[12-16 11:28:04 MainThread @decentralized_fqi_matrix.py:401] Solving (4) by DIGing decentralized optimization...
[12-16 11:28:12 MainThread @decentralized_fqi_matrix.py:430] Iteration 25 completed: loss=0.6623, td_error=0.6930, consensus_error=0.000420
[12-16 11:28:12 MainThread @decentralized_fqi_matrix.py:577]   [收敛检测] Loss趋势: +0.0102, 波动std: 0.0035
[12-16 11:28:12 MainThread @decentralized_fqi_matrix.py:372] 
=== Fitted Q-Iteration 26/80 ===
[12-16 11:28:12 MainThread @decentralized_fqi_matrix.py:382] Computing targets for agent 1/6...
[12-16 11:28:12 MainThread @decentralized_fqi_matrix.py:382] Computing targets for agent 2/6...
[12-16 11:28:12 MainThread @decentralized_fqi_matrix.py:382] Computing targets for agent 3/6...
[12-16 11:28:12 MainThread @decentralized_fqi_matrix.py:382] Computing targets for agent 4/6...
[12-16 11:28:12 MainThread @decentralized_fqi_matrix.py:382] Computing targets for agent 5/6...
[12-16 11:28:12 MainThread @decentralized_fqi_matrix.py:382] Computing targets for agent 6/6...
[12-16 11:28:12 MainThread @decentralized_fqi_matrix.py:392] Mean Nash solving time: 0.0000s
[12-16 11:28:12 MainThread @decentralized_fqi_matrix.py:396] Nash cache: 0.0% hit rate (0 hits, 6 misses, 6 cached)
[12-16 11:28:12 MainThread @decentralized_fqi_matrix.py:401] Solving (4) by DIGing decentralized optimization...
[12-16 11:28:20 MainThread @decentralized_fqi_matrix.py:430] Iteration 26 completed: loss=0.6608, td_error=0.6935, consensus_error=0.000809
[12-16 11:28:20 MainThread @decentralized_fqi_matrix.py:577]   [收敛检测] Loss趋势: +0.0092, 波动std: 0.0036
[12-16 11:28:20 MainThread @decentralized_fqi_matrix.py:372] 
=== Fitted Q-Iteration 27/80 ===
[12-16 11:28:20 MainThread @decentralized_fqi_matrix.py:382] Computing targets for agent 1/6...
[12-16 11:28:20 MainThread @decentralized_fqi_matrix.py:382] Computing targets for agent 2/6...
[12-16 11:28:20 MainThread @decentralized_fqi_matrix.py:382] Computing targets for agent 3/6...
[12-16 11:28:20 MainThread @decentralized_fqi_matrix.py:382] Computing targets for agent 4/6...
[12-16 11:28:20 MainThread @decentralized_fqi_matrix.py:382] Computing targets for agent 5/6...
[12-16 11:28:20 MainThread @decentralized_fqi_matrix.py:382] Computing targets for agent 6/6...
[12-16 11:28:20 MainThread @decentralized_fqi_matrix.py:392] Mean Nash solving time: 0.0000s
[12-16 11:28:20 MainThread @decentralized_fqi_matrix.py:396] Nash cache: 0.0% hit rate (0 hits, 6 misses, 6 cached)
[12-16 11:28:20 MainThread @decentralized_fqi_matrix.py:401] Solving (4) by DIGing decentralized optimization...
[12-16 11:28:28 MainThread @decentralized_fqi_matrix.py:430] Iteration 27 completed: loss=0.6553, td_error=0.6902, consensus_error=0.000697
[12-16 11:28:28 MainThread @decentralized_fqi_matrix.py:577]   [收敛检测] Loss趋势: +0.0137, 波动std: 0.0047
[12-16 11:28:28 MainThread @decentralized_fqi_matrix.py:372] 
=== Fitted Q-Iteration 28/80 ===
[12-16 11:28:28 MainThread @decentralized_fqi_matrix.py:382] Computing targets for agent 1/6...
[12-16 11:28:28 MainThread @decentralized_fqi_matrix.py:382] Computing targets for agent 2/6...
[12-16 11:28:28 MainThread @decentralized_fqi_matrix.py:382] Computing targets for agent 3/6...
[12-16 11:28:28 MainThread @decentralized_fqi_matrix.py:382] Computing targets for agent 4/6...
[12-16 11:28:28 MainThread @decentralized_fqi_matrix.py:382] Computing targets for agent 5/6...
[12-16 11:28:28 MainThread @decentralized_fqi_matrix.py:382] Computing targets for agent 6/6...
[12-16 11:28:28 MainThread @decentralized_fqi_matrix.py:392] Mean Nash solving time: 0.0000s
[12-16 11:28:28 MainThread @decentralized_fqi_matrix.py:396] Nash cache: 0.0% hit rate (0 hits, 6 misses, 6 cached)
[12-16 11:28:28 MainThread @decentralized_fqi_matrix.py:401] Solving (4) by DIGing decentralized optimization...
[12-16 11:28:36 MainThread @decentralized_fqi_matrix.py:430] Iteration 28 completed: loss=0.6516, td_error=0.6888, consensus_error=0.001097
[12-16 11:28:36 MainThread @decentralized_fqi_matrix.py:577]   [收敛检测] Loss趋势: +0.0145, 波动std: 0.0052
[12-16 11:28:36 MainThread @decentralized_fqi_matrix.py:372] 
=== Fitted Q-Iteration 29/80 ===
[12-16 11:28:36 MainThread @decentralized_fqi_matrix.py:382] Computing targets for agent 1/6...
[12-16 11:28:36 MainThread @decentralized_fqi_matrix.py:382] Computing targets for agent 2/6...
[12-16 11:28:36 MainThread @decentralized_fqi_matrix.py:382] Computing targets for agent 3/6...
[12-16 11:28:36 MainThread @decentralized_fqi_matrix.py:382] Computing targets for agent 4/6...
[12-16 11:28:36 MainThread @decentralized_fqi_matrix.py:382] Computing targets for agent 5/6...
[12-16 11:28:36 MainThread @decentralized_fqi_matrix.py:382] Computing targets for agent 6/6...
[12-16 11:28:36 MainThread @decentralized_fqi_matrix.py:392] Mean Nash solving time: 0.0000s
[12-16 11:28:36 MainThread @decentralized_fqi_matrix.py:396] Nash cache: 0.0% hit rate (0 hits, 6 misses, 6 cached)
[12-16 11:28:36 MainThread @decentralized_fqi_matrix.py:401] Solving (4) by DIGing decentralized optimization...
[12-16 11:28:44 MainThread @decentralized_fqi_matrix.py:430] Iteration 29 completed: loss=0.6476, td_error=0.6871, consensus_error=0.002984
[12-16 11:28:44 MainThread @decentralized_fqi_matrix.py:577]   [收敛检测] Loss趋势: +0.0147, 波动std: 0.0055
[12-16 11:28:44 MainThread @decentralized_fqi_matrix.py:372] 
=== Fitted Q-Iteration 30/80 ===
[12-16 11:28:44 MainThread @decentralized_fqi_matrix.py:382] Computing targets for agent 1/6...
[12-16 11:28:44 MainThread @decentralized_fqi_matrix.py:382] Computing targets for agent 2/6...
[12-16 11:28:44 MainThread @decentralized_fqi_matrix.py:382] Computing targets for agent 3/6...
[12-16 11:28:44 MainThread @decentralized_fqi_matrix.py:382] Computing targets for agent 4/6...
[12-16 11:28:44 MainThread @decentralized_fqi_matrix.py:382] Computing targets for agent 5/6...
[12-16 11:28:44 MainThread @decentralized_fqi_matrix.py:382] Computing targets for agent 6/6...
[12-16 11:28:44 MainThread @decentralized_fqi_matrix.py:392] Mean Nash solving time: 0.0000s
[12-16 11:28:44 MainThread @decentralized_fqi_matrix.py:396] Nash cache: 0.0% hit rate (0 hits, 6 misses, 6 cached)
[12-16 11:28:44 MainThread @decentralized_fqi_matrix.py:401] Solving (4) by DIGing decentralized optimization...
[12-16 11:28:52 MainThread @decentralized_fqi_matrix.py:418] Learning rate decayed: 0.000432 -> 0.000430
[12-16 11:28:52 MainThread @decentralized_fqi_matrix.py:430] Iteration 30 completed: loss=0.6425, td_error=0.6844, consensus_error=0.001002
[12-16 11:28:52 MainThread @decentralized_fqi_matrix.py:577]   [收敛检测] Loss趋势: +0.0184, 波动std: 0.0063
[12-16 11:28:52 MainThread @decentralized_fqi_matrix.py:585]   ✓ Loss已稳定(std=0.0063), 可能已收敛
[12-16 11:28:52 MainThread @train_matrix.py:331] 
=== Evaluation at Iteration 30 ===
[12-16 11:28:52 MainThread @train_matrix.py:332]   Nash distance: 0.198291
[12-16 11:28:52 MainThread @train_matrix.py:333]   Learned Nash value: 0.0039 (True: -0.0000)
[12-16 11:28:52 MainThread @train_matrix.py:335]   Value error: 0.003939

[12-16 11:28:52 MainThread @decentralized_fqi_matrix.py:372] 
=== Fitted Q-Iteration 31/80 ===
[12-16 11:28:52 MainThread @decentralized_fqi_matrix.py:382] Computing targets for agent 1/6...
[12-16 11:28:52 MainThread @decentralized_fqi_matrix.py:382] Computing targets for agent 2/6...
[12-16 11:28:52 MainThread @decentralized_fqi_matrix.py:382] Computing targets for agent 3/6...
[12-16 11:28:52 MainThread @decentralized_fqi_matrix.py:382] Computing targets for agent 4/6...
[12-16 11:28:52 MainThread @decentralized_fqi_matrix.py:382] Computing targets for agent 5/6...
[12-16 11:28:52 MainThread @decentralized_fqi_matrix.py:382] Computing targets for agent 6/6...
[12-16 11:28:52 MainThread @decentralized_fqi_matrix.py:392] Mean Nash solving time: 0.0000s
[12-16 11:28:52 MainThread @decentralized_fqi_matrix.py:396] Nash cache: 0.0% hit rate (0 hits, 9 misses, 9 cached)
[12-16 11:28:52 MainThread @decentralized_fqi_matrix.py:401] Solving (4) by DIGing decentralized optimization...
[12-16 11:29:00 MainThread @decentralized_fqi_matrix.py:430] Iteration 31 completed: loss=0.6390, td_error=0.6833, consensus_error=0.001331
[12-16 11:29:00 MainThread @decentralized_fqi_matrix.py:577]   [收敛检测] Loss趋势: +0.0163, 波动std: 0.0059
[12-16 11:29:00 MainThread @decentralized_fqi_matrix.py:585]   ✓ Loss已稳定(std=0.0059), 可能已收敛
[12-16 11:29:00 MainThread @decentralized_fqi_matrix.py:372] 
=== Fitted Q-Iteration 32/80 ===
[12-16 11:29:00 MainThread @decentralized_fqi_matrix.py:382] Computing targets for agent 1/6...
[12-16 11:29:00 MainThread @decentralized_fqi_matrix.py:382] Computing targets for agent 2/6...
[12-16 11:29:00 MainThread @decentralized_fqi_matrix.py:382] Computing targets for agent 3/6...
[12-16 11:29:00 MainThread @decentralized_fqi_matrix.py:382] Computing targets for agent 4/6...
[12-16 11:29:00 MainThread @decentralized_fqi_matrix.py:382] Computing targets for agent 5/6...
[12-16 11:29:00 MainThread @decentralized_fqi_matrix.py:382] Computing targets for agent 6/6...
[12-16 11:29:00 MainThread @decentralized_fqi_matrix.py:392] Mean Nash solving time: 0.0000s
[12-16 11:29:00 MainThread @decentralized_fqi_matrix.py:396] Nash cache: 0.0% hit rate (0 hits, 9 misses, 9 cached)
[12-16 11:29:00 MainThread @decentralized_fqi_matrix.py:401] Solving (4) by DIGing decentralized optimization...
[12-16 11:29:08 MainThread @decentralized_fqi_matrix.py:430] Iteration 32 completed: loss=0.6326, td_error=0.6792, consensus_error=0.000870
[12-16 11:29:08 MainThread @decentralized_fqi_matrix.py:577]   [收敛检测] Loss趋势: +0.0191, 波动std: 0.0066
[12-16 11:29:08 MainThread @decentralized_fqi_matrix.py:585]   ✓ Loss已稳定(std=0.0066), 可能已收敛
[12-16 11:29:08 MainThread @decentralized_fqi_matrix.py:372] 
=== Fitted Q-Iteration 33/80 ===
[12-16 11:29:08 MainThread @decentralized_fqi_matrix.py:382] Computing targets for agent 1/6...
[12-16 11:29:08 MainThread @decentralized_fqi_matrix.py:382] Computing targets for agent 2/6...
[12-16 11:29:08 MainThread @decentralized_fqi_matrix.py:382] Computing targets for agent 3/6...
[12-16 11:29:08 MainThread @decentralized_fqi_matrix.py:382] Computing targets for agent 4/6...
[12-16 11:29:08 MainThread @decentralized_fqi_matrix.py:382] Computing targets for agent 5/6...
[12-16 11:29:08 MainThread @decentralized_fqi_matrix.py:382] Computing targets for agent 6/6...
[12-16 11:29:08 MainThread @decentralized_fqi_matrix.py:392] Mean Nash solving time: 0.0000s
[12-16 11:29:08 MainThread @decentralized_fqi_matrix.py:396] Nash cache: 0.0% hit rate (0 hits, 9 misses, 9 cached)
[12-16 11:29:08 MainThread @decentralized_fqi_matrix.py:401] Solving (4) by DIGing decentralized optimization...
[12-16 11:29:16 MainThread @decentralized_fqi_matrix.py:430] Iteration 33 completed: loss=0.6292, td_error=0.6780, consensus_error=0.001832
[12-16 11:29:16 MainThread @decentralized_fqi_matrix.py:577]   [收敛检测] Loss趋势: +0.0184, 波动std: 0.0066
[12-16 11:29:16 MainThread @decentralized_fqi_matrix.py:585]   ✓ Loss已稳定(std=0.0066), 可能已收敛
[12-16 11:29:16 MainThread @decentralized_fqi_matrix.py:372] 
=== Fitted Q-Iteration 34/80 ===
[12-16 11:29:16 MainThread @decentralized_fqi_matrix.py:382] Computing targets for agent 1/6...
[12-16 11:29:16 MainThread @decentralized_fqi_matrix.py:382] Computing targets for agent 2/6...
[12-16 11:29:16 MainThread @decentralized_fqi_matrix.py:382] Computing targets for agent 3/6...
[12-16 11:29:16 MainThread @decentralized_fqi_matrix.py:382] Computing targets for agent 4/6...
[12-16 11:29:16 MainThread @decentralized_fqi_matrix.py:382] Computing targets for agent 5/6...
[12-16 11:29:16 MainThread @decentralized_fqi_matrix.py:382] Computing targets for agent 6/6...
[12-16 11:29:16 MainThread @decentralized_fqi_matrix.py:392] Mean Nash solving time: 0.0000s
[12-16 11:29:16 MainThread @decentralized_fqi_matrix.py:396] Nash cache: 0.0% hit rate (0 hits, 9 misses, 9 cached)
[12-16 11:29:16 MainThread @decentralized_fqi_matrix.py:401] Solving (4) by DIGing decentralized optimization...
[12-16 11:29:24 MainThread @decentralized_fqi_matrix.py:430] Iteration 34 completed: loss=0.6235, td_error=0.6743, consensus_error=0.000845
[12-16 11:29:24 MainThread @decentralized_fqi_matrix.py:577]   [收敛检测] Loss趋势: +0.0190, 波动std: 0.0068
[12-16 11:29:24 MainThread @decentralized_fqi_matrix.py:585]   ✓ Loss已稳定(std=0.0068), 可能已收敛
[12-16 11:29:24 MainThread @decentralized_fqi_matrix.py:372] 
=== Fitted Q-Iteration 35/80 ===
[12-16 11:29:24 MainThread @decentralized_fqi_matrix.py:382] Computing targets for agent 1/6...
[12-16 11:29:24 MainThread @decentralized_fqi_matrix.py:382] Computing targets for agent 2/6...
[12-16 11:29:24 MainThread @decentralized_fqi_matrix.py:382] Computing targets for agent 3/6...
[12-16 11:29:24 MainThread @decentralized_fqi_matrix.py:382] Computing targets for agent 4/6...
[12-16 11:29:24 MainThread @decentralized_fqi_matrix.py:382] Computing targets for agent 5/6...
[12-16 11:29:24 MainThread @decentralized_fqi_matrix.py:382] Computing targets for agent 6/6...
[12-16 11:29:24 MainThread @decentralized_fqi_matrix.py:392] Mean Nash solving time: 0.0000s
[12-16 11:29:24 MainThread @decentralized_fqi_matrix.py:396] Nash cache: 0.0% hit rate (0 hits, 9 misses, 9 cached)
[12-16 11:29:24 MainThread @decentralized_fqi_matrix.py:401] Solving (4) by DIGing decentralized optimization...
[12-16 11:29:31 MainThread @decentralized_fqi_matrix.py:430] Iteration 35 completed: loss=0.6185, td_error=0.6711, consensus_error=0.001421
[12-16 11:29:31 MainThread @decentralized_fqi_matrix.py:577]   [收敛检测] Loss趋势: +0.0204, 波动std: 0.0071
[12-16 11:29:31 MainThread @decentralized_fqi_matrix.py:585]   ✓ Loss已稳定(std=0.0071), 可能已收敛
[12-16 11:29:31 MainThread @decentralized_fqi_matrix.py:372] 
=== Fitted Q-Iteration 36/80 ===
[12-16 11:29:31 MainThread @decentralized_fqi_matrix.py:382] Computing targets for agent 1/6...
[12-16 11:29:31 MainThread @decentralized_fqi_matrix.py:382] Computing targets for agent 2/6...
[12-16 11:29:31 MainThread @decentralized_fqi_matrix.py:382] Computing targets for agent 3/6...
[12-16 11:29:31 MainThread @decentralized_fqi_matrix.py:382] Computing targets for agent 4/6...
[12-16 11:29:31 MainThread @decentralized_fqi_matrix.py:382] Computing targets for agent 5/6...
[12-16 11:29:31 MainThread @decentralized_fqi_matrix.py:382] Computing targets for agent 6/6...
[12-16 11:29:31 MainThread @decentralized_fqi_matrix.py:392] Mean Nash solving time: 0.0000s
[12-16 11:29:31 MainThread @decentralized_fqi_matrix.py:396] Nash cache: 0.0% hit rate (0 hits, 9 misses, 9 cached)
[12-16 11:29:31 MainThread @decentralized_fqi_matrix.py:401] Solving (4) by DIGing decentralized optimization...
[12-16 11:29:39 MainThread @decentralized_fqi_matrix.py:430] Iteration 36 completed: loss=0.6123, td_error=0.6663, consensus_error=0.001854
[12-16 11:29:39 MainThread @decentralized_fqi_matrix.py:577]   [收敛检测] Loss趋势: +0.0203, 波动std: 0.0073
[12-16 11:29:39 MainThread @decentralized_fqi_matrix.py:585]   ✓ Loss已稳定(std=0.0073), 可能已收敛
[12-16 11:29:39 MainThread @decentralized_fqi_matrix.py:372] 
=== Fitted Q-Iteration 37/80 ===
[12-16 11:29:39 MainThread @decentralized_fqi_matrix.py:382] Computing targets for agent 1/6...
[12-16 11:29:39 MainThread @decentralized_fqi_matrix.py:382] Computing targets for agent 2/6...
[12-16 11:29:39 MainThread @decentralized_fqi_matrix.py:382] Computing targets for agent 3/6...
[12-16 11:29:39 MainThread @decentralized_fqi_matrix.py:382] Computing targets for agent 4/6...
[12-16 11:29:39 MainThread @decentralized_fqi_matrix.py:382] Computing targets for agent 5/6...
[12-16 11:29:39 MainThread @decentralized_fqi_matrix.py:382] Computing targets for agent 6/6...
[12-16 11:29:39 MainThread @decentralized_fqi_matrix.py:392] Mean Nash solving time: 0.0000s
[12-16 11:29:39 MainThread @decentralized_fqi_matrix.py:396] Nash cache: 0.0% hit rate (0 hits, 9 misses, 9 cached)
[12-16 11:29:39 MainThread @decentralized_fqi_matrix.py:401] Solving (4) by DIGing decentralized optimization...
[12-16 11:29:47 MainThread @decentralized_fqi_matrix.py:430] Iteration 37 completed: loss=0.6061, td_error=0.6612, consensus_error=0.001107
[12-16 11:29:47 MainThread @decentralized_fqi_matrix.py:577]   [收敛检测] Loss趋势: +0.0231, 波动std: 0.0081
[12-16 11:29:47 MainThread @decentralized_fqi_matrix.py:585]   ✓ Loss已稳定(std=0.0081), 可能已收敛
[12-16 11:29:47 MainThread @decentralized_fqi_matrix.py:372] 
=== Fitted Q-Iteration 38/80 ===
[12-16 11:29:47 MainThread @decentralized_fqi_matrix.py:382] Computing targets for agent 1/6...
[12-16 11:29:47 MainThread @decentralized_fqi_matrix.py:382] Computing targets for agent 2/6...
[12-16 11:29:47 MainThread @decentralized_fqi_matrix.py:382] Computing targets for agent 3/6...
[12-16 11:29:47 MainThread @decentralized_fqi_matrix.py:382] Computing targets for agent 4/6...
[12-16 11:29:47 MainThread @decentralized_fqi_matrix.py:382] Computing targets for agent 5/6...
[12-16 11:29:47 MainThread @decentralized_fqi_matrix.py:382] Computing targets for agent 6/6...
[12-16 11:29:47 MainThread @decentralized_fqi_matrix.py:392] Mean Nash solving time: 0.0000s
[12-16 11:29:47 MainThread @decentralized_fqi_matrix.py:396] Nash cache: 0.0% hit rate (0 hits, 9 misses, 9 cached)
[12-16 11:29:47 MainThread @decentralized_fqi_matrix.py:401] Solving (4) by DIGing decentralized optimization...
[12-16 11:29:55 MainThread @decentralized_fqi_matrix.py:430] Iteration 38 completed: loss=0.6029, td_error=0.6584, consensus_error=0.000559
[12-16 11:29:55 MainThread @decentralized_fqi_matrix.py:577]   [收敛检测] Loss趋势: +0.0206, 波动std: 0.0076
[12-16 11:29:55 MainThread @decentralized_fqi_matrix.py:585]   ✓ Loss已稳定(std=0.0076), 可能已收敛
[12-16 11:29:55 MainThread @decentralized_fqi_matrix.py:372] 
=== Fitted Q-Iteration 39/80 ===
[12-16 11:29:55 MainThread @decentralized_fqi_matrix.py:382] Computing targets for agent 1/6...
[12-16 11:29:55 MainThread @decentralized_fqi_matrix.py:382] Computing targets for agent 2/6...
[12-16 11:29:55 MainThread @decentralized_fqi_matrix.py:382] Computing targets for agent 3/6...
[12-16 11:29:55 MainThread @decentralized_fqi_matrix.py:382] Computing targets for agent 4/6...
[12-16 11:29:55 MainThread @decentralized_fqi_matrix.py:382] Computing targets for agent 5/6...
[12-16 11:29:55 MainThread @decentralized_fqi_matrix.py:382] Computing targets for agent 6/6...
[12-16 11:29:55 MainThread @decentralized_fqi_matrix.py:392] Mean Nash solving time: 0.0000s
[12-16 11:29:55 MainThread @decentralized_fqi_matrix.py:396] Nash cache: 0.0% hit rate (0 hits, 9 misses, 9 cached)
[12-16 11:29:55 MainThread @decentralized_fqi_matrix.py:401] Solving (4) by DIGing decentralized optimization...
[12-16 11:30:03 MainThread @decentralized_fqi_matrix.py:430] Iteration 39 completed: loss=0.5974, td_error=0.6534, consensus_error=0.001653
[12-16 11:30:03 MainThread @decentralized_fqi_matrix.py:577]   [收敛检测] Loss趋势: +0.0212, 波动std: 0.0074
[12-16 11:30:03 MainThread @decentralized_fqi_matrix.py:585]   ✓ Loss已稳定(std=0.0074), 可能已收敛
[12-16 11:30:03 MainThread @decentralized_fqi_matrix.py:372] 
=== Fitted Q-Iteration 40/80 ===
[12-16 11:30:03 MainThread @decentralized_fqi_matrix.py:382] Computing targets for agent 1/6...
[12-16 11:30:03 MainThread @decentralized_fqi_matrix.py:382] Computing targets for agent 2/6...
[12-16 11:30:03 MainThread @decentralized_fqi_matrix.py:382] Computing targets for agent 3/6...
[12-16 11:30:03 MainThread @decentralized_fqi_matrix.py:382] Computing targets for agent 4/6...
[12-16 11:30:03 MainThread @decentralized_fqi_matrix.py:382] Computing targets for agent 5/6...
[12-16 11:30:03 MainThread @decentralized_fqi_matrix.py:382] Computing targets for agent 6/6...
[12-16 11:30:03 MainThread @decentralized_fqi_matrix.py:392] Mean Nash solving time: 0.0000s
[12-16 11:30:03 MainThread @decentralized_fqi_matrix.py:396] Nash cache: 0.0% hit rate (0 hits, 9 misses, 9 cached)
[12-16 11:30:03 MainThread @decentralized_fqi_matrix.py:401] Solving (4) by DIGing decentralized optimization...
[12-16 11:30:12 MainThread @decentralized_fqi_matrix.py:418] Learning rate decayed: 0.000411 -> 0.000409
[12-16 11:30:12 MainThread @decentralized_fqi_matrix.py:430] Iteration 40 completed: loss=0.5933, td_error=0.6489, consensus_error=0.003455
[12-16 11:30:12 MainThread @decentralized_fqi_matrix.py:577]   [收敛检测] Loss趋势: +0.0190, 波动std: 0.0066
[12-16 11:30:12 MainThread @decentralized_fqi_matrix.py:585]   ✓ Loss已稳定(std=0.0066), 可能已收敛
[12-16 11:30:12 MainThread @train_matrix.py:331] 
=== Evaluation at Iteration 40 ===
[12-16 11:30:12 MainThread @train_matrix.py:332]   Nash distance: 0.105231
[12-16 11:30:12 MainThread @train_matrix.py:333]   Learned Nash value: 0.0718 (True: -0.0000)
[12-16 11:30:12 MainThread @train_matrix.py:335]   Value error: 0.071759

[12-16 11:30:12 MainThread @decentralized_fqi_matrix.py:630] Models saved to ./matrix_models/train_20251216_112450
[12-16 11:30:12 MainThread @decentralized_fqi_matrix.py:372] 
=== Fitted Q-Iteration 41/80 ===
[12-16 11:30:12 MainThread @decentralized_fqi_matrix.py:382] Computing targets for agent 1/6...
[12-16 11:30:12 MainThread @decentralized_fqi_matrix.py:382] Computing targets for agent 2/6...
[12-16 11:30:12 MainThread @decentralized_fqi_matrix.py:382] Computing targets for agent 3/6...
[12-16 11:30:12 MainThread @decentralized_fqi_matrix.py:382] Computing targets for agent 4/6...
[12-16 11:30:12 MainThread @decentralized_fqi_matrix.py:382] Computing targets for agent 5/6...
[12-16 11:30:12 MainThread @decentralized_fqi_matrix.py:382] Computing targets for agent 6/6...
[12-16 11:30:12 MainThread @decentralized_fqi_matrix.py:392] Mean Nash solving time: 0.0000s
[12-16 11:30:12 MainThread @decentralized_fqi_matrix.py:396] Nash cache: 0.0% hit rate (0 hits, 12 misses, 12 cached)
[12-16 11:30:12 MainThread @decentralized_fqi_matrix.py:401] Solving (4) by DIGing decentralized optimization...
[12-16 11:30:20 MainThread @decentralized_fqi_matrix.py:430] Iteration 41 completed: loss=0.5887, td_error=0.6437, consensus_error=0.004984
[12-16 11:30:20 MainThread @decentralized_fqi_matrix.py:577]   [收敛检测] Loss趋势: +0.0174, 波动std: 0.0063
[12-16 11:30:20 MainThread @decentralized_fqi_matrix.py:585]   ✓ Loss已稳定(std=0.0063), 可能已收敛
[12-16 11:30:20 MainThread @decentralized_fqi_matrix.py:372] 
=== Fitted Q-Iteration 42/80 ===
[12-16 11:30:20 MainThread @decentralized_fqi_matrix.py:382] Computing targets for agent 1/6...
[12-16 11:30:20 MainThread @decentralized_fqi_matrix.py:382] Computing targets for agent 2/6...
[12-16 11:30:20 MainThread @decentralized_fqi_matrix.py:382] Computing targets for agent 3/6...
[12-16 11:30:20 MainThread @decentralized_fqi_matrix.py:382] Computing targets for agent 4/6...
[12-16 11:30:20 MainThread @decentralized_fqi_matrix.py:382] Computing targets for agent 5/6...
[12-16 11:30:20 MainThread @decentralized_fqi_matrix.py:382] Computing targets for agent 6/6...
[12-16 11:30:20 MainThread @decentralized_fqi_matrix.py:392] Mean Nash solving time: 0.0000s
[12-16 11:30:20 MainThread @decentralized_fqi_matrix.py:396] Nash cache: 0.0% hit rate (0 hits, 12 misses, 12 cached)
[12-16 11:30:20 MainThread @decentralized_fqi_matrix.py:401] Solving (4) by DIGing decentralized optimization...
[12-16 11:30:28 MainThread @decentralized_fqi_matrix.py:430] Iteration 42 completed: loss=0.5856, td_error=0.6395, consensus_error=0.005051
[12-16 11:30:28 MainThread @decentralized_fqi_matrix.py:577]   [收敛检测] Loss趋势: +0.0173, 波动std: 0.0061
[12-16 11:30:28 MainThread @decentralized_fqi_matrix.py:585]   ✓ Loss已稳定(std=0.0061), 可能已收敛
[12-16 11:30:28 MainThread @decentralized_fqi_matrix.py:372] 
=== Fitted Q-Iteration 43/80 ===
[12-16 11:30:28 MainThread @decentralized_fqi_matrix.py:382] Computing targets for agent 1/6...
[12-16 11:30:28 MainThread @decentralized_fqi_matrix.py:382] Computing targets for agent 2/6...
[12-16 11:30:28 MainThread @decentralized_fqi_matrix.py:382] Computing targets for agent 3/6...
[12-16 11:30:28 MainThread @decentralized_fqi_matrix.py:382] Computing targets for agent 4/6...
[12-16 11:30:28 MainThread @decentralized_fqi_matrix.py:382] Computing targets for agent 5/6...
[12-16 11:30:28 MainThread @decentralized_fqi_matrix.py:382] Computing targets for agent 6/6...
[12-16 11:30:28 MainThread @decentralized_fqi_matrix.py:392] Mean Nash solving time: 0.0000s
[12-16 11:30:28 MainThread @decentralized_fqi_matrix.py:396] Nash cache: 0.0% hit rate (0 hits, 12 misses, 12 cached)
[12-16 11:30:28 MainThread @decentralized_fqi_matrix.py:401] Solving (4) by DIGing decentralized optimization...
[12-16 11:30:36 MainThread @decentralized_fqi_matrix.py:430] Iteration 43 completed: loss=0.5831, td_error=0.6353, consensus_error=0.002045
[12-16 11:30:36 MainThread @decentralized_fqi_matrix.py:577]   [收敛检测] Loss趋势: +0.0143, 波动std: 0.0052
[12-16 11:30:36 MainThread @decentralized_fqi_matrix.py:585]   ✓ Loss已稳定(std=0.0052), 可能已收敛
[12-16 11:30:36 MainThread @decentralized_fqi_matrix.py:372] 
=== Fitted Q-Iteration 44/80 ===
[12-16 11:30:36 MainThread @decentralized_fqi_matrix.py:382] Computing targets for agent 1/6...
[12-16 11:30:36 MainThread @decentralized_fqi_matrix.py:382] Computing targets for agent 2/6...
[12-16 11:30:36 MainThread @decentralized_fqi_matrix.py:382] Computing targets for agent 3/6...
[12-16 11:30:36 MainThread @decentralized_fqi_matrix.py:382] Computing targets for agent 4/6...
[12-16 11:30:36 MainThread @decentralized_fqi_matrix.py:382] Computing targets for agent 5/6...
[12-16 11:30:36 MainThread @decentralized_fqi_matrix.py:382] Computing targets for agent 6/6...
[12-16 11:30:36 MainThread @decentralized_fqi_matrix.py:392] Mean Nash solving time: 0.0000s
[12-16 11:30:36 MainThread @decentralized_fqi_matrix.py:396] Nash cache: 0.0% hit rate (0 hits, 12 misses, 12 cached)
[12-16 11:30:36 MainThread @decentralized_fqi_matrix.py:401] Solving (4) by DIGing decentralized optimization...
[12-16 11:30:44 MainThread @decentralized_fqi_matrix.py:430] Iteration 44 completed: loss=0.5801, td_error=0.6305, consensus_error=0.002163
[12-16 11:30:44 MainThread @decentralized_fqi_matrix.py:577]   [收敛检测] Loss趋势: +0.0133, 波动std: 0.0046
[12-16 11:30:44 MainThread @decentralized_fqi_matrix.py:585]   ✓ Loss已稳定(std=0.0046), 可能已收敛
[12-16 11:30:44 MainThread @decentralized_fqi_matrix.py:372] 
=== Fitted Q-Iteration 45/80 ===
[12-16 11:30:44 MainThread @decentralized_fqi_matrix.py:382] Computing targets for agent 1/6...
[12-16 11:30:44 MainThread @decentralized_fqi_matrix.py:382] Computing targets for agent 2/6...
[12-16 11:30:44 MainThread @decentralized_fqi_matrix.py:382] Computing targets for agent 3/6...
[12-16 11:30:44 MainThread @decentralized_fqi_matrix.py:382] Computing targets for agent 4/6...
[12-16 11:30:44 MainThread @decentralized_fqi_matrix.py:382] Computing targets for agent 5/6...
[12-16 11:30:44 MainThread @decentralized_fqi_matrix.py:382] Computing targets for agent 6/6...
[12-16 11:30:44 MainThread @decentralized_fqi_matrix.py:392] Mean Nash solving time: 0.0000s
[12-16 11:30:44 MainThread @decentralized_fqi_matrix.py:396] Nash cache: 0.0% hit rate (0 hits, 12 misses, 12 cached)
[12-16 11:30:44 MainThread @decentralized_fqi_matrix.py:401] Solving (4) by DIGing decentralized optimization...
[12-16 11:30:52 MainThread @decentralized_fqi_matrix.py:430] Iteration 45 completed: loss=0.5786, td_error=0.6264, consensus_error=0.002036
[12-16 11:30:52 MainThread @decentralized_fqi_matrix.py:577]   [收敛检测] Loss趋势: +0.0100, 波动std: 0.0036
[12-16 11:30:52 MainThread @decentralized_fqi_matrix.py:585]   ✓ Loss已稳定(std=0.0036), 可能已收敛
[12-16 11:30:52 MainThread @decentralized_fqi_matrix.py:372] 
=== Fitted Q-Iteration 46/80 ===
[12-16 11:30:52 MainThread @decentralized_fqi_matrix.py:382] Computing targets for agent 1/6...
[12-16 11:30:52 MainThread @decentralized_fqi_matrix.py:382] Computing targets for agent 2/6...
[12-16 11:30:52 MainThread @decentralized_fqi_matrix.py:382] Computing targets for agent 3/6...
[12-16 11:30:52 MainThread @decentralized_fqi_matrix.py:382] Computing targets for agent 4/6...
[12-16 11:30:52 MainThread @decentralized_fqi_matrix.py:382] Computing targets for agent 5/6...
[12-16 11:30:52 MainThread @decentralized_fqi_matrix.py:382] Computing targets for agent 6/6...
[12-16 11:30:52 MainThread @decentralized_fqi_matrix.py:392] Mean Nash solving time: 0.0000s
[12-16 11:30:52 MainThread @decentralized_fqi_matrix.py:396] Nash cache: 0.0% hit rate (0 hits, 12 misses, 12 cached)
[12-16 11:30:52 MainThread @decentralized_fqi_matrix.py:401] Solving (4) by DIGing decentralized optimization...
[12-16 11:31:00 MainThread @decentralized_fqi_matrix.py:430] Iteration 46 completed: loss=0.5815, td_error=0.6262, consensus_error=0.014535
[12-16 11:31:00 MainThread @decentralized_fqi_matrix.py:577]   [收敛检测] Loss趋势: +0.0041, 波动std: 0.0024
[12-16 11:31:00 MainThread @decentralized_fqi_matrix.py:585]   ✓ Loss已稳定(std=0.0024), 可能已收敛
[12-16 11:31:00 MainThread @decentralized_fqi_matrix.py:372] 
=== Fitted Q-Iteration 47/80 ===
[12-16 11:31:00 MainThread @decentralized_fqi_matrix.py:382] Computing targets for agent 1/6...
[12-16 11:31:00 MainThread @decentralized_fqi_matrix.py:382] Computing targets for agent 2/6...
[12-16 11:31:00 MainThread @decentralized_fqi_matrix.py:382] Computing targets for agent 3/6...
[12-16 11:31:00 MainThread @decentralized_fqi_matrix.py:382] Computing targets for agent 4/6...
[12-16 11:31:00 MainThread @decentralized_fqi_matrix.py:382] Computing targets for agent 5/6...
[12-16 11:31:00 MainThread @decentralized_fqi_matrix.py:382] Computing targets for agent 6/6...
[12-16 11:31:00 MainThread @decentralized_fqi_matrix.py:392] Mean Nash solving time: 0.0000s
[12-16 11:31:00 MainThread @decentralized_fqi_matrix.py:396] Nash cache: 0.0% hit rate (0 hits, 12 misses, 12 cached)
[12-16 11:31:00 MainThread @decentralized_fqi_matrix.py:401] Solving (4) by DIGing decentralized optimization...
[12-16 11:31:08 MainThread @decentralized_fqi_matrix.py:430] Iteration 47 completed: loss=0.6361, td_error=0.6584, consensus_error=0.024596
[12-16 11:31:08 MainThread @decentralized_fqi_matrix.py:577]   [收敛检测] Loss趋势: -0.0529, 波动std: 0.0221
[12-16 11:31:08 MainThread @decentralized_fqi_matrix.py:587] WRN   ⚠ Loss未下降, 检查学习率或数据质量
[12-16 11:31:08 MainThread @decentralized_fqi_matrix.py:372] 
=== Fitted Q-Iteration 48/80 ===
[12-16 11:31:08 MainThread @decentralized_fqi_matrix.py:382] Computing targets for agent 1/6...
[12-16 11:31:08 MainThread @decentralized_fqi_matrix.py:382] Computing targets for agent 2/6...
[12-16 11:31:08 MainThread @decentralized_fqi_matrix.py:382] Computing targets for agent 3/6...
[12-16 11:31:08 MainThread @decentralized_fqi_matrix.py:382] Computing targets for agent 4/6...
[12-16 11:31:08 MainThread @decentralized_fqi_matrix.py:382] Computing targets for agent 5/6...
[12-16 11:31:08 MainThread @decentralized_fqi_matrix.py:382] Computing targets for agent 6/6...
[12-16 11:31:08 MainThread @decentralized_fqi_matrix.py:392] Mean Nash solving time: 0.0000s
[12-16 11:31:08 MainThread @decentralized_fqi_matrix.py:396] Nash cache: 0.0% hit rate (0 hits, 12 misses, 12 cached)
[12-16 11:31:08 MainThread @decentralized_fqi_matrix.py:401] Solving (4) by DIGing decentralized optimization...
[12-16 11:31:16 MainThread @decentralized_fqi_matrix.py:430] Iteration 48 completed: loss=0.7079, td_error=0.6964, consensus_error=0.007003
[12-16 11:31:16 MainThread @decentralized_fqi_matrix.py:577]   [收敛检测] Loss趋势: -0.1278, 波动std: 0.0504
[12-16 11:31:16 MainThread @decentralized_fqi_matrix.py:587] WRN   ⚠ Loss未下降, 检查学习率或数据质量
[12-16 11:31:16 MainThread @decentralized_fqi_matrix.py:372] 
=== Fitted Q-Iteration 49/80 ===
[12-16 11:31:16 MainThread @decentralized_fqi_matrix.py:382] Computing targets for agent 1/6...
[12-16 11:31:16 MainThread @decentralized_fqi_matrix.py:382] Computing targets for agent 2/6...
[12-16 11:31:16 MainThread @decentralized_fqi_matrix.py:382] Computing targets for agent 3/6...
[12-16 11:31:16 MainThread @decentralized_fqi_matrix.py:382] Computing targets for agent 4/6...
[12-16 11:31:16 MainThread @decentralized_fqi_matrix.py:382] Computing targets for agent 5/6...
[12-16 11:31:16 MainThread @decentralized_fqi_matrix.py:382] Computing targets for agent 6/6...
[12-16 11:31:16 MainThread @decentralized_fqi_matrix.py:392] Mean Nash solving time: 0.0000s
[12-16 11:31:16 MainThread @decentralized_fqi_matrix.py:396] Nash cache: 0.0% hit rate (0 hits, 12 misses, 12 cached)
[12-16 11:31:16 MainThread @decentralized_fqi_matrix.py:401] Solving (4) by DIGing decentralized optimization...
[12-16 11:31:24 MainThread @decentralized_fqi_matrix.py:430] Iteration 49 completed: loss=0.7338, td_error=0.7028, consensus_error=0.034677
[12-16 11:31:24 MainThread @decentralized_fqi_matrix.py:577]   [收敛检测] Loss趋势: -0.1552, 波动std: 0.0638
[12-16 11:31:24 MainThread @decentralized_fqi_matrix.py:587] WRN   ⚠ Loss未下降, 检查学习率或数据质量
[12-16 11:31:24 MainThread @decentralized_fqi_matrix.py:372] 
=== Fitted Q-Iteration 50/80 ===
[12-16 11:31:24 MainThread @decentralized_fqi_matrix.py:382] Computing targets for agent 1/6...
[12-16 11:31:24 MainThread @decentralized_fqi_matrix.py:382] Computing targets for agent 2/6...
[12-16 11:31:24 MainThread @decentralized_fqi_matrix.py:382] Computing targets for agent 3/6...
[12-16 11:31:24 MainThread @decentralized_fqi_matrix.py:382] Computing targets for agent 4/6...
[12-16 11:31:24 MainThread @decentralized_fqi_matrix.py:382] Computing targets for agent 5/6...
[12-16 11:31:24 MainThread @decentralized_fqi_matrix.py:382] Computing targets for agent 6/6...
[12-16 11:31:24 MainThread @decentralized_fqi_matrix.py:392] Mean Nash solving time: 0.0000s
[12-16 11:31:24 MainThread @decentralized_fqi_matrix.py:396] Nash cache: 0.0% hit rate (0 hits, 12 misses, 12 cached)
[12-16 11:31:24 MainThread @decentralized_fqi_matrix.py:401] Solving (4) by DIGing decentralized optimization...
[12-16 11:31:32 MainThread @decentralized_fqi_matrix.py:418] Learning rate decayed: 0.000391 -> 0.000389
[12-16 11:31:32 MainThread @decentralized_fqi_matrix.py:430] Iteration 50 completed: loss=0.7680, td_error=0.7297, consensus_error=0.050530
[12-16 11:31:32 MainThread @decentralized_fqi_matrix.py:577]   [收敛检测] Loss趋势: -0.1865, 波动std: 0.0677
[12-16 11:31:32 MainThread @decentralized_fqi_matrix.py:587] WRN   ⚠ Loss未下降, 检查学习率或数据质量
[12-16 11:31:32 MainThread @train_matrix.py:331] 
=== Evaluation at Iteration 50 ===
[12-16 11:31:32 MainThread @train_matrix.py:332]   Nash distance: 0.004664
[12-16 11:31:32 MainThread @train_matrix.py:333]   Learned Nash value: -0.0688 (True: -0.0000)
[12-16 11:31:32 MainThread @train_matrix.py:335]   Value error: 0.068843

[12-16 11:31:32 MainThread @decentralized_fqi_matrix.py:372] 
=== Fitted Q-Iteration 51/80 ===
[12-16 11:31:32 MainThread @decentralized_fqi_matrix.py:382] Computing targets for agent 1/6...
[12-16 11:31:32 MainThread @decentralized_fqi_matrix.py:382] Computing targets for agent 2/6...
[12-16 11:31:32 MainThread @decentralized_fqi_matrix.py:382] Computing targets for agent 3/6...
[12-16 11:31:32 MainThread @decentralized_fqi_matrix.py:382] Computing targets for agent 4/6...
[12-16 11:31:32 MainThread @decentralized_fqi_matrix.py:382] Computing targets for agent 5/6...
[12-16 11:31:32 MainThread @decentralized_fqi_matrix.py:382] Computing targets for agent 6/6...
[12-16 11:31:32 MainThread @decentralized_fqi_matrix.py:392] Mean Nash solving time: 0.0000s
[12-16 11:31:32 MainThread @decentralized_fqi_matrix.py:396] Nash cache: 0.0% hit rate (0 hits, 15 misses, 15 cached)
[12-16 11:31:32 MainThread @decentralized_fqi_matrix.py:401] Solving (4) by DIGing decentralized optimization...
[12-16 11:31:40 MainThread @decentralized_fqi_matrix.py:430] Iteration 51 completed: loss=0.7780, td_error=0.7353, consensus_error=0.020806
[12-16 11:31:40 MainThread @decentralized_fqi_matrix.py:577]   [收敛检测] Loss趋势: -0.1419, 波动std: 0.0509
[12-16 11:31:40 MainThread @decentralized_fqi_matrix.py:587] WRN   ⚠ Loss未下降, 检查学习率或数据质量
[12-16 11:31:40 MainThread @decentralized_fqi_matrix.py:372] 
=== Fitted Q-Iteration 52/80 ===
[12-16 11:31:40 MainThread @decentralized_fqi_matrix.py:382] Computing targets for agent 1/6...
[12-16 11:31:40 MainThread @decentralized_fqi_matrix.py:382] Computing targets for agent 2/6...
[12-16 11:31:40 MainThread @decentralized_fqi_matrix.py:382] Computing targets for agent 3/6...
[12-16 11:31:40 MainThread @decentralized_fqi_matrix.py:382] Computing targets for agent 4/6...
[12-16 11:31:40 MainThread @decentralized_fqi_matrix.py:382] Computing targets for agent 5/6...
[12-16 11:31:40 MainThread @decentralized_fqi_matrix.py:382] Computing targets for agent 6/6...
[12-16 11:31:40 MainThread @decentralized_fqi_matrix.py:392] Mean Nash solving time: 0.0000s
[12-16 11:31:40 MainThread @decentralized_fqi_matrix.py:396] Nash cache: 0.0% hit rate (0 hits, 15 misses, 15 cached)
[12-16 11:31:40 MainThread @decentralized_fqi_matrix.py:401] Solving (4) by DIGing decentralized optimization...
[12-16 11:31:48 MainThread @decentralized_fqi_matrix.py:430] Iteration 52 completed: loss=0.7900, td_error=0.7385, consensus_error=0.021463
[12-16 11:31:48 MainThread @decentralized_fqi_matrix.py:577]   [收敛检测] Loss趋势: -0.0822, 波动std: 0.0303
[12-16 11:31:48 MainThread @decentralized_fqi_matrix.py:587] WRN   ⚠ Loss未下降, 检查学习率或数据质量
[12-16 11:31:48 MainThread @decentralized_fqi_matrix.py:372] 
=== Fitted Q-Iteration 53/80 ===
[12-16 11:31:48 MainThread @decentralized_fqi_matrix.py:382] Computing targets for agent 1/6...
[12-16 11:31:48 MainThread @decentralized_fqi_matrix.py:382] Computing targets for agent 2/6...
[12-16 11:31:48 MainThread @decentralized_fqi_matrix.py:382] Computing targets for agent 3/6...
[12-16 11:31:48 MainThread @decentralized_fqi_matrix.py:382] Computing targets for agent 4/6...
[12-16 11:31:48 MainThread @decentralized_fqi_matrix.py:382] Computing targets for agent 5/6...
[12-16 11:31:48 MainThread @decentralized_fqi_matrix.py:382] Computing targets for agent 6/6...
[12-16 11:31:48 MainThread @decentralized_fqi_matrix.py:392] Mean Nash solving time: 0.0000s
[12-16 11:31:48 MainThread @decentralized_fqi_matrix.py:396] Nash cache: 0.0% hit rate (0 hits, 15 misses, 15 cached)
[12-16 11:31:48 MainThread @decentralized_fqi_matrix.py:401] Solving (4) by DIGing decentralized optimization...
[12-16 11:31:56 MainThread @decentralized_fqi_matrix.py:430] Iteration 53 completed: loss=0.7404, td_error=0.7154, consensus_error=0.026832
[12-16 11:31:56 MainThread @decentralized_fqi_matrix.py:577]   [收敛检测] Loss趋势: -0.0066, 波动std: 0.0216
[12-16 11:31:56 MainThread @decentralized_fqi_matrix.py:587] WRN   ⚠ Loss未下降, 检查学习率或数据质量
[12-16 11:31:56 MainThread @decentralized_fqi_matrix.py:372] 
=== Fitted Q-Iteration 54/80 ===
[12-16 11:31:56 MainThread @decentralized_fqi_matrix.py:382] Computing targets for agent 1/6...
[12-16 11:31:56 MainThread @decentralized_fqi_matrix.py:382] Computing targets for agent 2/6...
[12-16 11:31:56 MainThread @decentralized_fqi_matrix.py:382] Computing targets for agent 3/6...
[12-16 11:31:56 MainThread @decentralized_fqi_matrix.py:382] Computing targets for agent 4/6...
[12-16 11:31:56 MainThread @decentralized_fqi_matrix.py:382] Computing targets for agent 5/6...
[12-16 11:31:56 MainThread @decentralized_fqi_matrix.py:382] Computing targets for agent 6/6...
[12-16 11:31:56 MainThread @decentralized_fqi_matrix.py:392] Mean Nash solving time: 0.0000s
[12-16 11:31:56 MainThread @decentralized_fqi_matrix.py:396] Nash cache: 0.0% hit rate (0 hits, 15 misses, 15 cached)
[12-16 11:31:56 MainThread @decentralized_fqi_matrix.py:401] Solving (4) by DIGing decentralized optimization...
[12-16 11:32:04 MainThread @decentralized_fqi_matrix.py:430] Iteration 54 completed: loss=0.6748, td_error=0.6777, consensus_error=0.010923
[12-16 11:32:04 MainThread @decentralized_fqi_matrix.py:577]   [收敛检测] Loss趋势: +0.0932, 波动std: 0.0411
[12-16 11:32:04 MainThread @decentralized_fqi_matrix.py:372] 
=== Fitted Q-Iteration 55/80 ===
[12-16 11:32:04 MainThread @decentralized_fqi_matrix.py:382] Computing targets for agent 1/6...
[12-16 11:32:04 MainThread @decentralized_fqi_matrix.py:382] Computing targets for agent 2/6...
[12-16 11:32:04 MainThread @decentralized_fqi_matrix.py:382] Computing targets for agent 3/6...
[12-16 11:32:04 MainThread @decentralized_fqi_matrix.py:382] Computing targets for agent 4/6...
[12-16 11:32:04 MainThread @decentralized_fqi_matrix.py:382] Computing targets for agent 5/6...
[12-16 11:32:04 MainThread @decentralized_fqi_matrix.py:382] Computing targets for agent 6/6...
[12-16 11:32:04 MainThread @decentralized_fqi_matrix.py:392] Mean Nash solving time: 0.0000s
[12-16 11:32:04 MainThread @decentralized_fqi_matrix.py:396] Nash cache: 0.0% hit rate (0 hits, 15 misses, 15 cached)
[12-16 11:32:04 MainThread @decentralized_fqi_matrix.py:401] Solving (4) by DIGing decentralized optimization...
[12-16 11:32:12 MainThread @decentralized_fqi_matrix.py:430] Iteration 55 completed: loss=0.5912, td_error=0.6285, consensus_error=0.006505
[12-16 11:32:12 MainThread @decentralized_fqi_matrix.py:577]   [收敛检测] Loss趋势: +0.1868, 波动std: 0.0737
[12-16 11:32:12 MainThread @decentralized_fqi_matrix.py:372] 
=== Fitted Q-Iteration 56/80 ===
[12-16 11:32:12 MainThread @decentralized_fqi_matrix.py:382] Computing targets for agent 1/6...
[12-16 11:32:12 MainThread @decentralized_fqi_matrix.py:382] Computing targets for agent 2/6...
[12-16 11:32:12 MainThread @decentralized_fqi_matrix.py:382] Computing targets for agent 3/6...
[12-16 11:32:12 MainThread @decentralized_fqi_matrix.py:382] Computing targets for agent 4/6...
[12-16 11:32:12 MainThread @decentralized_fqi_matrix.py:382] Computing targets for agent 5/6...
[12-16 11:32:12 MainThread @decentralized_fqi_matrix.py:382] Computing targets for agent 6/6...
[12-16 11:32:12 MainThread @decentralized_fqi_matrix.py:392] Mean Nash solving time: 0.0000s
[12-16 11:32:12 MainThread @decentralized_fqi_matrix.py:396] Nash cache: 0.0% hit rate (0 hits, 15 misses, 15 cached)
[12-16 11:32:12 MainThread @decentralized_fqi_matrix.py:401] Solving (4) by DIGing decentralized optimization...
[12-16 11:32:20 MainThread @decentralized_fqi_matrix.py:430] Iteration 56 completed: loss=0.6612, td_error=0.6815, consensus_error=0.007369
[12-16 11:32:20 MainThread @decentralized_fqi_matrix.py:577]   [收敛检测] Loss趋势: +0.1288, 波动std: 0.0683
[12-16 11:32:20 MainThread @decentralized_fqi_matrix.py:372] 
=== Fitted Q-Iteration 57/80 ===
[12-16 11:32:20 MainThread @decentralized_fqi_matrix.py:382] Computing targets for agent 1/6...
[12-16 11:32:20 MainThread @decentralized_fqi_matrix.py:382] Computing targets for agent 2/6...
[12-16 11:32:20 MainThread @decentralized_fqi_matrix.py:382] Computing targets for agent 3/6...
[12-16 11:32:20 MainThread @decentralized_fqi_matrix.py:382] Computing targets for agent 4/6...
[12-16 11:32:20 MainThread @decentralized_fqi_matrix.py:382] Computing targets for agent 5/6...
[12-16 11:32:20 MainThread @decentralized_fqi_matrix.py:382] Computing targets for agent 6/6...
[12-16 11:32:20 MainThread @decentralized_fqi_matrix.py:392] Mean Nash solving time: 0.0000s
[12-16 11:32:20 MainThread @decentralized_fqi_matrix.py:396] Nash cache: 0.0% hit rate (0 hits, 15 misses, 15 cached)
[12-16 11:32:20 MainThread @decentralized_fqi_matrix.py:401] Solving (4) by DIGing decentralized optimization...
[12-16 11:32:28 MainThread @decentralized_fqi_matrix.py:430] Iteration 57 completed: loss=0.6893, td_error=0.6960, consensus_error=0.023054
[12-16 11:32:28 MainThread @decentralized_fqi_matrix.py:577]   [收敛检测] Loss趋势: +0.0511, 波动std: 0.0482
[12-16 11:32:28 MainThread @decentralized_fqi_matrix.py:372] 
=== Fitted Q-Iteration 58/80 ===
[12-16 11:32:28 MainThread @decentralized_fqi_matrix.py:382] Computing targets for agent 1/6...
[12-16 11:32:28 MainThread @decentralized_fqi_matrix.py:382] Computing targets for agent 2/6...
[12-16 11:32:28 MainThread @decentralized_fqi_matrix.py:382] Computing targets for agent 3/6...
[12-16 11:32:28 MainThread @decentralized_fqi_matrix.py:382] Computing targets for agent 4/6...
[12-16 11:32:28 MainThread @decentralized_fqi_matrix.py:382] Computing targets for agent 5/6...
[12-16 11:32:28 MainThread @decentralized_fqi_matrix.py:382] Computing targets for agent 6/6...
[12-16 11:32:28 MainThread @decentralized_fqi_matrix.py:392] Mean Nash solving time: 0.0000s
[12-16 11:32:28 MainThread @decentralized_fqi_matrix.py:396] Nash cache: 0.0% hit rate (0 hits, 15 misses, 15 cached)
[12-16 11:32:28 MainThread @decentralized_fqi_matrix.py:401] Solving (4) by DIGing decentralized optimization...
[12-16 11:32:36 MainThread @decentralized_fqi_matrix.py:430] Iteration 58 completed: loss=0.7807, td_error=0.7287, consensus_error=0.034870
[12-16 11:32:36 MainThread @decentralized_fqi_matrix.py:577]   [收敛检测] Loss趋势: -0.1059, 波动std: 0.0608
[12-16 11:32:36 MainThread @decentralized_fqi_matrix.py:587] WRN   ⚠ Loss未下降, 检查学习率或数据质量
[12-16 11:32:36 MainThread @decentralized_fqi_matrix.py:372] 
=== Fitted Q-Iteration 59/80 ===
[12-16 11:32:36 MainThread @decentralized_fqi_matrix.py:382] Computing targets for agent 1/6...
[12-16 11:32:36 MainThread @decentralized_fqi_matrix.py:382] Computing targets for agent 2/6...
[12-16 11:32:36 MainThread @decentralized_fqi_matrix.py:382] Computing targets for agent 3/6...
[12-16 11:32:36 MainThread @decentralized_fqi_matrix.py:382] Computing targets for agent 4/6...
[12-16 11:32:36 MainThread @decentralized_fqi_matrix.py:382] Computing targets for agent 5/6...
[12-16 11:32:36 MainThread @decentralized_fqi_matrix.py:382] Computing targets for agent 6/6...
[12-16 11:32:36 MainThread @decentralized_fqi_matrix.py:392] Mean Nash solving time: 0.0000s
[12-16 11:32:36 MainThread @decentralized_fqi_matrix.py:396] Nash cache: 0.0% hit rate (0 hits, 15 misses, 15 cached)
[12-16 11:32:36 MainThread @decentralized_fqi_matrix.py:401] Solving (4) by DIGing decentralized optimization...
[12-16 11:32:44 MainThread @decentralized_fqi_matrix.py:430] Iteration 59 completed: loss=0.7647, td_error=0.7235, consensus_error=0.012913
[12-16 11:32:44 MainThread @decentralized_fqi_matrix.py:577]   [收敛检测] Loss趋势: -0.1735, 波动std: 0.0695
[12-16 11:32:44 MainThread @decentralized_fqi_matrix.py:587] WRN   ⚠ Loss未下降, 检查学习率或数据质量
[12-16 11:32:44 MainThread @decentralized_fqi_matrix.py:372] 
=== Fitted Q-Iteration 60/80 ===
[12-16 11:32:44 MainThread @decentralized_fqi_matrix.py:382] Computing targets for agent 1/6...
[12-16 11:32:44 MainThread @decentralized_fqi_matrix.py:382] Computing targets for agent 2/6...
[12-16 11:32:44 MainThread @decentralized_fqi_matrix.py:382] Computing targets for agent 3/6...
[12-16 11:32:44 MainThread @decentralized_fqi_matrix.py:382] Computing targets for agent 4/6...
[12-16 11:32:44 MainThread @decentralized_fqi_matrix.py:382] Computing targets for agent 5/6...
[12-16 11:32:44 MainThread @decentralized_fqi_matrix.py:382] Computing targets for agent 6/6...
[12-16 11:32:44 MainThread @decentralized_fqi_matrix.py:392] Mean Nash solving time: 0.0000s
[12-16 11:32:44 MainThread @decentralized_fqi_matrix.py:396] Nash cache: 0.0% hit rate (0 hits, 15 misses, 15 cached)
[12-16 11:32:44 MainThread @decentralized_fqi_matrix.py:401] Solving (4) by DIGing decentralized optimization...
[12-16 11:32:51 MainThread @decentralized_fqi_matrix.py:418] Learning rate decayed: 0.000372 -> 0.000370
[12-16 11:32:51 MainThread @decentralized_fqi_matrix.py:430] Iteration 60 completed: loss=0.7458, td_error=0.7141, consensus_error=0.046242
[12-16 11:32:51 MainThread @decentralized_fqi_matrix.py:577]   [收敛检测] Loss趋势: -0.0846, 波动std: 0.0456
[12-16 11:32:51 MainThread @decentralized_fqi_matrix.py:587] WRN   ⚠ Loss未下降, 检查学习率或数据质量
[12-16 11:32:51 MainThread @train_matrix.py:331] 
=== Evaluation at Iteration 60 ===
[12-16 11:32:51 MainThread @train_matrix.py:332]   Nash distance: 0.169600
[12-16 11:32:51 MainThread @train_matrix.py:333]   Learned Nash value: -0.8232 (True: -0.0000)
[12-16 11:32:51 MainThread @train_matrix.py:335]   Value error: 0.823228

[12-16 11:32:51 MainThread @decentralized_fqi_matrix.py:630] Models saved to ./matrix_models/train_20251216_112450
[12-16 11:32:51 MainThread @decentralized_fqi_matrix.py:372] 
=== Fitted Q-Iteration 61/80 ===
[12-16 11:32:51 MainThread @decentralized_fqi_matrix.py:382] Computing targets for agent 1/6...
[12-16 11:32:51 MainThread @decentralized_fqi_matrix.py:382] Computing targets for agent 2/6...
[12-16 11:32:51 MainThread @decentralized_fqi_matrix.py:382] Computing targets for agent 3/6...
[12-16 11:32:51 MainThread @decentralized_fqi_matrix.py:382] Computing targets for agent 4/6...
[12-16 11:32:51 MainThread @decentralized_fqi_matrix.py:382] Computing targets for agent 5/6...
[12-16 11:32:51 MainThread @decentralized_fqi_matrix.py:382] Computing targets for agent 6/6...
[12-16 11:32:51 MainThread @decentralized_fqi_matrix.py:392] Mean Nash solving time: 0.0000s
[12-16 11:32:51 MainThread @decentralized_fqi_matrix.py:396] Nash cache: 0.0% hit rate (0 hits, 18 misses, 18 cached)
[12-16 11:32:51 MainThread @decentralized_fqi_matrix.py:401] Solving (4) by DIGing decentralized optimization...
[12-16 11:32:59 MainThread @decentralized_fqi_matrix.py:430] Iteration 61 completed: loss=0.7483, td_error=0.7152, consensus_error=0.039294
[12-16 11:32:59 MainThread @decentralized_fqi_matrix.py:577]   [收敛检测] Loss趋势: -0.0590, 波动std: 0.0309
[12-16 11:32:59 MainThread @decentralized_fqi_matrix.py:587] WRN   ⚠ Loss未下降, 检查学习率或数据质量
[12-16 11:32:59 MainThread @decentralized_fqi_matrix.py:372] 
=== Fitted Q-Iteration 62/80 ===
[12-16 11:32:59 MainThread @decentralized_fqi_matrix.py:382] Computing targets for agent 1/6...
[12-16 11:32:59 MainThread @decentralized_fqi_matrix.py:382] Computing targets for agent 2/6...
[12-16 11:32:59 MainThread @decentralized_fqi_matrix.py:382] Computing targets for agent 3/6...
[12-16 11:32:59 MainThread @decentralized_fqi_matrix.py:382] Computing targets for agent 4/6...
[12-16 11:32:59 MainThread @decentralized_fqi_matrix.py:382] Computing targets for agent 5/6...
[12-16 11:32:59 MainThread @decentralized_fqi_matrix.py:382] Computing targets for agent 6/6...
[12-16 11:32:59 MainThread @decentralized_fqi_matrix.py:392] Mean Nash solving time: 0.0000s
[12-16 11:32:59 MainThread @decentralized_fqi_matrix.py:396] Nash cache: 0.0% hit rate (0 hits, 18 misses, 18 cached)
[12-16 11:32:59 MainThread @decentralized_fqi_matrix.py:401] Solving (4) by DIGing decentralized optimization...
[12-16 11:33:07 MainThread @decentralized_fqi_matrix.py:430] Iteration 62 completed: loss=0.7203, td_error=0.7006, consensus_error=0.021666
[12-16 11:33:07 MainThread @decentralized_fqi_matrix.py:577]   [收敛检测] Loss趋势: +0.0604, 波动std: 0.0202
[12-16 11:33:07 MainThread @decentralized_fqi_matrix.py:372] 
=== Fitted Q-Iteration 63/80 ===
[12-16 11:33:07 MainThread @decentralized_fqi_matrix.py:382] Computing targets for agent 1/6...
[12-16 11:33:07 MainThread @decentralized_fqi_matrix.py:382] Computing targets for agent 2/6...
[12-16 11:33:07 MainThread @decentralized_fqi_matrix.py:382] Computing targets for agent 3/6...
[12-16 11:33:07 MainThread @decentralized_fqi_matrix.py:382] Computing targets for agent 4/6...
[12-16 11:33:07 MainThread @decentralized_fqi_matrix.py:382] Computing targets for agent 5/6...
[12-16 11:33:07 MainThread @decentralized_fqi_matrix.py:382] Computing targets for agent 6/6...
[12-16 11:33:07 MainThread @decentralized_fqi_matrix.py:392] Mean Nash solving time: 0.0000s
[12-16 11:33:07 MainThread @decentralized_fqi_matrix.py:396] Nash cache: 0.0% hit rate (0 hits, 18 misses, 18 cached)
[12-16 11:33:07 MainThread @decentralized_fqi_matrix.py:401] Solving (4) by DIGing decentralized optimization...
[12-16 11:33:15 MainThread @decentralized_fqi_matrix.py:430] Iteration 63 completed: loss=0.7535, td_error=0.7159, consensus_error=0.030052
[12-16 11:33:15 MainThread @decentralized_fqi_matrix.py:577]   [收敛检测] Loss趋势: +0.0112, 波动std: 0.0146
[12-16 11:33:15 MainThread @decentralized_fqi_matrix.py:372] 
=== Fitted Q-Iteration 64/80 ===
[12-16 11:33:15 MainThread @decentralized_fqi_matrix.py:382] Computing targets for agent 1/6...
[12-16 11:33:15 MainThread @decentralized_fqi_matrix.py:382] Computing targets for agent 2/6...
[12-16 11:33:15 MainThread @decentralized_fqi_matrix.py:382] Computing targets for agent 3/6...
[12-16 11:33:15 MainThread @decentralized_fqi_matrix.py:382] Computing targets for agent 4/6...
[12-16 11:33:15 MainThread @decentralized_fqi_matrix.py:382] Computing targets for agent 5/6...
[12-16 11:33:15 MainThread @decentralized_fqi_matrix.py:382] Computing targets for agent 6/6...
[12-16 11:33:15 MainThread @decentralized_fqi_matrix.py:392] Mean Nash solving time: 0.0000s
[12-16 11:33:15 MainThread @decentralized_fqi_matrix.py:396] Nash cache: 0.0% hit rate (0 hits, 18 misses, 18 cached)
[12-16 11:33:15 MainThread @decentralized_fqi_matrix.py:401] Solving (4) by DIGing decentralized optimization...
[12-16 11:33:23 MainThread @decentralized_fqi_matrix.py:430] Iteration 64 completed: loss=0.7004, td_error=0.6922, consensus_error=0.020460
[12-16 11:33:23 MainThread @decentralized_fqi_matrix.py:577]   [收敛检测] Loss趋势: +0.0454, 波动std: 0.0202
[12-16 11:33:23 MainThread @decentralized_fqi_matrix.py:372] 
=== Fitted Q-Iteration 65/80 ===
[12-16 11:33:23 MainThread @decentralized_fqi_matrix.py:382] Computing targets for agent 1/6...
[12-16 11:33:23 MainThread @decentralized_fqi_matrix.py:382] Computing targets for agent 2/6...
[12-16 11:33:23 MainThread @decentralized_fqi_matrix.py:382] Computing targets for agent 3/6...
[12-16 11:33:23 MainThread @decentralized_fqi_matrix.py:382] Computing targets for agent 4/6...
[12-16 11:33:23 MainThread @decentralized_fqi_matrix.py:382] Computing targets for agent 5/6...
[12-16 11:33:23 MainThread @decentralized_fqi_matrix.py:382] Computing targets for agent 6/6...
[12-16 11:33:23 MainThread @decentralized_fqi_matrix.py:392] Mean Nash solving time: 0.0000s
[12-16 11:33:23 MainThread @decentralized_fqi_matrix.py:396] Nash cache: 0.0% hit rate (0 hits, 18 misses, 18 cached)
[12-16 11:33:23 MainThread @decentralized_fqi_matrix.py:401] Solving (4) by DIGing decentralized optimization...
[12-16 11:33:32 MainThread @decentralized_fqi_matrix.py:430] Iteration 65 completed: loss=0.6750, td_error=0.6813, consensus_error=0.017048
[12-16 11:33:32 MainThread @decentralized_fqi_matrix.py:577]   [收敛检测] Loss趋势: +0.0733, 波动std: 0.0294
[12-16 11:33:32 MainThread @decentralized_fqi_matrix.py:372] 
=== Fitted Q-Iteration 66/80 ===
[12-16 11:33:32 MainThread @decentralized_fqi_matrix.py:382] Computing targets for agent 1/6...
[12-16 11:33:32 MainThread @decentralized_fqi_matrix.py:382] Computing targets for agent 2/6...
[12-16 11:33:32 MainThread @decentralized_fqi_matrix.py:382] Computing targets for agent 3/6...
[12-16 11:33:32 MainThread @decentralized_fqi_matrix.py:382] Computing targets for agent 4/6...
[12-16 11:33:32 MainThread @decentralized_fqi_matrix.py:382] Computing targets for agent 5/6...
[12-16 11:33:32 MainThread @decentralized_fqi_matrix.py:382] Computing targets for agent 6/6...
[12-16 11:33:32 MainThread @decentralized_fqi_matrix.py:392] Mean Nash solving time: 0.0000s
[12-16 11:33:32 MainThread @decentralized_fqi_matrix.py:396] Nash cache: 0.0% hit rate (0 hits, 18 misses, 18 cached)
[12-16 11:33:32 MainThread @decentralized_fqi_matrix.py:401] Solving (4) by DIGing decentralized optimization...
[12-16 11:33:40 MainThread @decentralized_fqi_matrix.py:430] Iteration 66 completed: loss=0.7331, td_error=0.7115, consensus_error=0.023140
[12-16 11:33:40 MainThread @decentralized_fqi_matrix.py:577]   [收敛检测] Loss趋势: -0.0128, 波动std: 0.0270
[12-16 11:33:40 MainThread @decentralized_fqi_matrix.py:587] WRN   ⚠ Loss未下降, 检查学习率或数据质量
[12-16 11:33:40 MainThread @decentralized_fqi_matrix.py:372] 
=== Fitted Q-Iteration 67/80 ===
[12-16 11:33:40 MainThread @decentralized_fqi_matrix.py:382] Computing targets for agent 1/6...
[12-16 11:33:40 MainThread @decentralized_fqi_matrix.py:382] Computing targets for agent 2/6...
[12-16 11:33:40 MainThread @decentralized_fqi_matrix.py:382] Computing targets for agent 3/6...
[12-16 11:33:40 MainThread @decentralized_fqi_matrix.py:382] Computing targets for agent 4/6...
[12-16 11:33:40 MainThread @decentralized_fqi_matrix.py:382] Computing targets for agent 5/6...
[12-16 11:33:40 MainThread @decentralized_fqi_matrix.py:382] Computing targets for agent 6/6...
[12-16 11:33:40 MainThread @decentralized_fqi_matrix.py:392] Mean Nash solving time: 0.0000s
[12-16 11:33:40 MainThread @decentralized_fqi_matrix.py:396] Nash cache: 0.0% hit rate (0 hits, 18 misses, 18 cached)
[12-16 11:33:40 MainThread @decentralized_fqi_matrix.py:401] Solving (4) by DIGing decentralized optimization...
[12-16 11:33:48 MainThread @decentralized_fqi_matrix.py:430] Iteration 67 completed: loss=0.7469, td_error=0.7166, consensus_error=0.015763
[12-16 11:33:48 MainThread @decentralized_fqi_matrix.py:577]   [收敛检测] Loss趋势: +0.0066, 波动std: 0.0297
[12-16 11:33:48 MainThread @decentralized_fqi_matrix.py:372] 
=== Fitted Q-Iteration 68/80 ===
[12-16 11:33:48 MainThread @decentralized_fqi_matrix.py:382] Computing targets for agent 1/6...
[12-16 11:33:48 MainThread @decentralized_fqi_matrix.py:382] Computing targets for agent 2/6...
[12-16 11:33:48 MainThread @decentralized_fqi_matrix.py:382] Computing targets for agent 3/6...
[12-16 11:33:48 MainThread @decentralized_fqi_matrix.py:382] Computing targets for agent 4/6...
[12-16 11:33:48 MainThread @decentralized_fqi_matrix.py:382] Computing targets for agent 5/6...
[12-16 11:33:48 MainThread @decentralized_fqi_matrix.py:382] Computing targets for agent 6/6...
[12-16 11:33:48 MainThread @decentralized_fqi_matrix.py:392] Mean Nash solving time: 0.0000s
[12-16 11:33:48 MainThread @decentralized_fqi_matrix.py:396] Nash cache: 0.0% hit rate (0 hits, 18 misses, 18 cached)
[12-16 11:33:48 MainThread @decentralized_fqi_matrix.py:401] Solving (4) by DIGing decentralized optimization...
[12-16 11:33:56 MainThread @decentralized_fqi_matrix.py:430] Iteration 68 completed: loss=0.7338, td_error=0.7072, consensus_error=0.024173
[12-16 11:33:56 MainThread @decentralized_fqi_matrix.py:577]   [收敛检测] Loss趋势: -0.0335, 波动std: 0.0264
[12-16 11:33:56 MainThread @decentralized_fqi_matrix.py:587] WRN   ⚠ Loss未下降, 检查学习率或数据质量
[12-16 11:33:56 MainThread @decentralized_fqi_matrix.py:372] 
=== Fitted Q-Iteration 69/80 ===
[12-16 11:33:56 MainThread @decentralized_fqi_matrix.py:382] Computing targets for agent 1/6...
[12-16 11:33:56 MainThread @decentralized_fqi_matrix.py:382] Computing targets for agent 2/6...
[12-16 11:33:56 MainThread @decentralized_fqi_matrix.py:382] Computing targets for agent 3/6...
[12-16 11:33:56 MainThread @decentralized_fqi_matrix.py:382] Computing targets for agent 4/6...
[12-16 11:33:56 MainThread @decentralized_fqi_matrix.py:382] Computing targets for agent 5/6...
[12-16 11:33:56 MainThread @decentralized_fqi_matrix.py:382] Computing targets for agent 6/6...
[12-16 11:33:56 MainThread @decentralized_fqi_matrix.py:392] Mean Nash solving time: 0.0000s
[12-16 11:33:56 MainThread @decentralized_fqi_matrix.py:396] Nash cache: 0.0% hit rate (0 hits, 18 misses, 18 cached)
[12-16 11:33:56 MainThread @decentralized_fqi_matrix.py:401] Solving (4) by DIGing decentralized optimization...
[12-16 11:34:04 MainThread @decentralized_fqi_matrix.py:430] Iteration 69 completed: loss=0.7152, td_error=0.7005, consensus_error=0.015343
[12-16 11:34:04 MainThread @decentralized_fqi_matrix.py:577]   [收敛检测] Loss趋势: -0.0402, 波动std: 0.0250
[12-16 11:34:04 MainThread @decentralized_fqi_matrix.py:587] WRN   ⚠ Loss未下降, 检查学习率或数据质量
[12-16 11:34:04 MainThread @decentralized_fqi_matrix.py:372] 
=== Fitted Q-Iteration 70/80 ===
[12-16 11:34:04 MainThread @decentralized_fqi_matrix.py:382] Computing targets for agent 1/6...
[12-16 11:34:04 MainThread @decentralized_fqi_matrix.py:382] Computing targets for agent 2/6...
[12-16 11:34:04 MainThread @decentralized_fqi_matrix.py:382] Computing targets for agent 3/6...
[12-16 11:34:04 MainThread @decentralized_fqi_matrix.py:382] Computing targets for agent 4/6...
[12-16 11:34:04 MainThread @decentralized_fqi_matrix.py:382] Computing targets for agent 5/6...
[12-16 11:34:04 MainThread @decentralized_fqi_matrix.py:382] Computing targets for agent 6/6...
[12-16 11:34:04 MainThread @decentralized_fqi_matrix.py:392] Mean Nash solving time: 0.0000s
[12-16 11:34:04 MainThread @decentralized_fqi_matrix.py:396] Nash cache: 0.0% hit rate (0 hits, 18 misses, 18 cached)
[12-16 11:34:04 MainThread @decentralized_fqi_matrix.py:401] Solving (4) by DIGing decentralized optimization...
[12-16 11:34:11 MainThread @decentralized_fqi_matrix.py:418] Learning rate decayed: 0.000354 -> 0.000352
[12-16 11:34:11 MainThread @decentralized_fqi_matrix.py:430] Iteration 70 completed: loss=0.7458, td_error=0.7112, consensus_error=0.032632
[12-16 11:34:11 MainThread @decentralized_fqi_matrix.py:577]   [收敛检测] Loss趋势: -0.0127, 波动std: 0.0115
[12-16 11:34:11 MainThread @decentralized_fqi_matrix.py:587] WRN   ⚠ Loss未下降, 检查学习率或数据质量
[12-16 11:34:11 MainThread @train_matrix.py:331] 
=== Evaluation at Iteration 70 ===
[12-16 11:34:11 MainThread @train_matrix.py:332]   Nash distance: 0.272418
[12-16 11:34:11 MainThread @train_matrix.py:333]   Learned Nash value: -0.6286 (True: -0.0000)
[12-16 11:34:11 MainThread @train_matrix.py:335]   Value error: 0.628589

[12-16 11:34:11 MainThread @decentralized_fqi_matrix.py:372] 
=== Fitted Q-Iteration 71/80 ===
[12-16 11:34:11 MainThread @decentralized_fqi_matrix.py:382] Computing targets for agent 1/6...
[12-16 11:34:11 MainThread @decentralized_fqi_matrix.py:382] Computing targets for agent 2/6...
[12-16 11:34:11 MainThread @decentralized_fqi_matrix.py:382] Computing targets for agent 3/6...
[12-16 11:34:12 MainThread @decentralized_fqi_matrix.py:382] Computing targets for agent 4/6...
[12-16 11:34:12 MainThread @decentralized_fqi_matrix.py:382] Computing targets for agent 5/6...
[12-16 11:34:12 MainThread @decentralized_fqi_matrix.py:382] Computing targets for agent 6/6...
[12-16 11:34:12 MainThread @decentralized_fqi_matrix.py:392] Mean Nash solving time: 0.0000s
[12-16 11:34:12 MainThread @decentralized_fqi_matrix.py:396] Nash cache: 0.0% hit rate (0 hits, 21 misses, 21 cached)
[12-16 11:34:12 MainThread @decentralized_fqi_matrix.py:401] Solving (4) by DIGing decentralized optimization...
[12-16 11:34:19 MainThread @decentralized_fqi_matrix.py:430] Iteration 71 completed: loss=0.6978, td_error=0.6874, consensus_error=0.020129
[12-16 11:34:19 MainThread @decentralized_fqi_matrix.py:577]   [收敛检测] Loss趋势: +0.0491, 波动std: 0.0189
[12-16 11:34:19 MainThread @decentralized_fqi_matrix.py:372] 
=== Fitted Q-Iteration 72/80 ===
[12-16 11:34:19 MainThread @decentralized_fqi_matrix.py:382] Computing targets for agent 1/6...
[12-16 11:34:19 MainThread @decentralized_fqi_matrix.py:382] Computing targets for agent 2/6...
[12-16 11:34:19 MainThread @decentralized_fqi_matrix.py:382] Computing targets for agent 3/6...
[12-16 11:34:19 MainThread @decentralized_fqi_matrix.py:382] Computing targets for agent 4/6...
[12-16 11:34:19 MainThread @decentralized_fqi_matrix.py:382] Computing targets for agent 5/6...
[12-16 11:34:19 MainThread @decentralized_fqi_matrix.py:382] Computing targets for agent 6/6...
[12-16 11:34:19 MainThread @decentralized_fqi_matrix.py:392] Mean Nash solving time: 0.0000s
[12-16 11:34:19 MainThread @decentralized_fqi_matrix.py:396] Nash cache: 0.0% hit rate (0 hits, 21 misses, 21 cached)
[12-16 11:34:19 MainThread @decentralized_fqi_matrix.py:401] Solving (4) by DIGing decentralized optimization...
[12-16 11:34:28 MainThread @decentralized_fqi_matrix.py:430] Iteration 72 completed: loss=0.6424, td_error=0.6651, consensus_error=0.030020
[12-16 11:34:28 MainThread @decentralized_fqi_matrix.py:577]   [收敛检测] Loss趋势: +0.0915, 波动std: 0.0362
[12-16 11:34:28 MainThread @decentralized_fqi_matrix.py:372] 
=== Fitted Q-Iteration 73/80 ===
[12-16 11:34:28 MainThread @decentralized_fqi_matrix.py:382] Computing targets for agent 1/6...
[12-16 11:34:28 MainThread @decentralized_fqi_matrix.py:382] Computing targets for agent 2/6...
[12-16 11:34:28 MainThread @decentralized_fqi_matrix.py:382] Computing targets for agent 3/6...
[12-16 11:34:28 MainThread @decentralized_fqi_matrix.py:382] Computing targets for agent 4/6...
[12-16 11:34:28 MainThread @decentralized_fqi_matrix.py:382] Computing targets for agent 5/6...
[12-16 11:34:28 MainThread @decentralized_fqi_matrix.py:382] Computing targets for agent 6/6...
[12-16 11:34:28 MainThread @decentralized_fqi_matrix.py:392] Mean Nash solving time: 0.0000s
[12-16 11:34:28 MainThread @decentralized_fqi_matrix.py:396] Nash cache: 0.0% hit rate (0 hits, 21 misses, 21 cached)
[12-16 11:34:28 MainThread @decentralized_fqi_matrix.py:401] Solving (4) by DIGing decentralized optimization...
[12-16 11:34:36 MainThread @decentralized_fqi_matrix.py:430] Iteration 73 completed: loss=0.6741, td_error=0.6821, consensus_error=0.019752
[12-16 11:34:36 MainThread @decentralized_fqi_matrix.py:577]   [收敛检测] Loss趋势: +0.0411, 波动std: 0.0352
[12-16 11:34:36 MainThread @decentralized_fqi_matrix.py:372] 
=== Fitted Q-Iteration 74/80 ===
[12-16 11:34:36 MainThread @decentralized_fqi_matrix.py:382] Computing targets for agent 1/6...
[12-16 11:34:36 MainThread @decentralized_fqi_matrix.py:382] Computing targets for agent 2/6...
[12-16 11:34:36 MainThread @decentralized_fqi_matrix.py:382] Computing targets for agent 3/6...
[12-16 11:34:36 MainThread @decentralized_fqi_matrix.py:382] Computing targets for agent 4/6...
[12-16 11:34:36 MainThread @decentralized_fqi_matrix.py:382] Computing targets for agent 5/6...
[12-16 11:34:36 MainThread @decentralized_fqi_matrix.py:382] Computing targets for agent 6/6...
[12-16 11:34:36 MainThread @decentralized_fqi_matrix.py:392] Mean Nash solving time: 0.0000s
[12-16 11:34:36 MainThread @decentralized_fqi_matrix.py:396] Nash cache: 0.0% hit rate (0 hits, 21 misses, 21 cached)
[12-16 11:34:36 MainThread @decentralized_fqi_matrix.py:401] Solving (4) by DIGing decentralized optimization...
[12-16 11:34:43 MainThread @decentralized_fqi_matrix.py:430] Iteration 74 completed: loss=0.7240, td_error=0.7160, consensus_error=0.031556
[12-16 11:34:43 MainThread @decentralized_fqi_matrix.py:577]   [收敛检测] Loss趋势: +0.0219, 波动std: 0.0364
[12-16 11:34:43 MainThread @decentralized_fqi_matrix.py:372] 
=== Fitted Q-Iteration 75/80 ===
[12-16 11:34:43 MainThread @decentralized_fqi_matrix.py:382] Computing targets for agent 1/6...
[12-16 11:34:43 MainThread @decentralized_fqi_matrix.py:382] Computing targets for agent 2/6...
[12-16 11:34:43 MainThread @decentralized_fqi_matrix.py:382] Computing targets for agent 3/6...
[12-16 11:34:43 MainThread @decentralized_fqi_matrix.py:382] Computing targets for agent 4/6...
[12-16 11:34:43 MainThread @decentralized_fqi_matrix.py:382] Computing targets for agent 5/6...
[12-16 11:34:43 MainThread @decentralized_fqi_matrix.py:382] Computing targets for agent 6/6...
[12-16 11:34:43 MainThread @decentralized_fqi_matrix.py:392] Mean Nash solving time: 0.0000s
[12-16 11:34:44 MainThread @decentralized_fqi_matrix.py:396] Nash cache: 0.0% hit rate (0 hits, 21 misses, 21 cached)
[12-16 11:34:44 MainThread @decentralized_fqi_matrix.py:401] Solving (4) by DIGing decentralized optimization...
[12-16 11:34:52 MainThread @decentralized_fqi_matrix.py:430] Iteration 75 completed: loss=0.7153, td_error=0.7060, consensus_error=0.022686
[12-16 11:34:52 MainThread @decentralized_fqi_matrix.py:577]   [收敛检测] Loss趋势: -0.0175, 波动std: 0.0296
[12-16 11:34:52 MainThread @decentralized_fqi_matrix.py:587] WRN   ⚠ Loss未下降, 检查学习率或数据质量
[12-16 11:34:52 MainThread @decentralized_fqi_matrix.py:372] 
=== Fitted Q-Iteration 76/80 ===
[12-16 11:34:52 MainThread @decentralized_fqi_matrix.py:382] Computing targets for agent 1/6...
[12-16 11:34:52 MainThread @decentralized_fqi_matrix.py:382] Computing targets for agent 2/6...
[12-16 11:34:52 MainThread @decentralized_fqi_matrix.py:382] Computing targets for agent 3/6...
[12-16 11:34:52 MainThread @decentralized_fqi_matrix.py:382] Computing targets for agent 4/6...
[12-16 11:34:52 MainThread @decentralized_fqi_matrix.py:382] Computing targets for agent 5/6...
[12-16 11:34:52 MainThread @decentralized_fqi_matrix.py:382] Computing targets for agent 6/6...
[12-16 11:34:52 MainThread @decentralized_fqi_matrix.py:392] Mean Nash solving time: 0.0000s
[12-16 11:34:52 MainThread @decentralized_fqi_matrix.py:396] Nash cache: 0.0% hit rate (0 hits, 21 misses, 21 cached)
[12-16 11:34:52 MainThread @decentralized_fqi_matrix.py:401] Solving (4) by DIGing decentralized optimization...
[12-16 11:35:00 MainThread @decentralized_fqi_matrix.py:430] Iteration 76 completed: loss=0.7342, td_error=0.7142, consensus_error=0.012804
[12-16 11:35:00 MainThread @decentralized_fqi_matrix.py:577]   [收敛检测] Loss趋势: -0.0918, 波动std: 0.0345
[12-16 11:35:00 MainThread @decentralized_fqi_matrix.py:587] WRN   ⚠ Loss未下降, 检查学习率或数据质量
[12-16 11:35:00 MainThread @decentralized_fqi_matrix.py:372] 
=== Fitted Q-Iteration 77/80 ===
[12-16 11:35:00 MainThread @decentralized_fqi_matrix.py:382] Computing targets for agent 1/6...
[12-16 11:35:00 MainThread @decentralized_fqi_matrix.py:382] Computing targets for agent 2/6...
[12-16 11:35:00 MainThread @decentralized_fqi_matrix.py:382] Computing targets for agent 3/6...
[12-16 11:35:00 MainThread @decentralized_fqi_matrix.py:382] Computing targets for agent 4/6...
[12-16 11:35:00 MainThread @decentralized_fqi_matrix.py:382] Computing targets for agent 5/6...
[12-16 11:35:00 MainThread @decentralized_fqi_matrix.py:382] Computing targets for agent 6/6...
[12-16 11:35:00 MainThread @decentralized_fqi_matrix.py:392] Mean Nash solving time: 0.0000s
[12-16 11:35:00 MainThread @decentralized_fqi_matrix.py:396] Nash cache: 0.0% hit rate (0 hits, 21 misses, 21 cached)
[12-16 11:35:00 MainThread @decentralized_fqi_matrix.py:401] Solving (4) by DIGing decentralized optimization...
[12-16 11:35:08 MainThread @decentralized_fqi_matrix.py:430] Iteration 77 completed: loss=0.7118, td_error=0.6984, consensus_error=0.028133
[12-16 11:35:08 MainThread @decentralized_fqi_matrix.py:577]   [收敛检测] Loss趋势: -0.0377, 波动std: 0.0204
[12-16 11:35:08 MainThread @decentralized_fqi_matrix.py:587] WRN   ⚠ Loss未下降, 检查学习率或数据质量
[12-16 11:35:08 MainThread @decentralized_fqi_matrix.py:372] 
=== Fitted Q-Iteration 78/80 ===
[12-16 11:35:08 MainThread @decentralized_fqi_matrix.py:382] Computing targets for agent 1/6...
[12-16 11:35:08 MainThread @decentralized_fqi_matrix.py:382] Computing targets for agent 2/6...
[12-16 11:35:08 MainThread @decentralized_fqi_matrix.py:382] Computing targets for agent 3/6...
[12-16 11:35:08 MainThread @decentralized_fqi_matrix.py:382] Computing targets for agent 4/6...
[12-16 11:35:08 MainThread @decentralized_fqi_matrix.py:382] Computing targets for agent 5/6...
[12-16 11:35:08 MainThread @decentralized_fqi_matrix.py:382] Computing targets for agent 6/6...
[12-16 11:35:08 MainThread @decentralized_fqi_matrix.py:392] Mean Nash solving time: 0.0000s
[12-16 11:35:08 MainThread @decentralized_fqi_matrix.py:396] Nash cache: 0.0% hit rate (0 hits, 21 misses, 21 cached)
[12-16 11:35:08 MainThread @decentralized_fqi_matrix.py:401] Solving (4) by DIGing decentralized optimization...
[12-16 11:35:16 MainThread @decentralized_fqi_matrix.py:430] Iteration 78 completed: loss=0.6675, td_error=0.6837, consensus_error=0.020881
[12-16 11:35:16 MainThread @decentralized_fqi_matrix.py:577]   [收敛检测] Loss趋势: +0.0564, 波动std: 0.0229
[12-16 11:35:16 MainThread @decentralized_fqi_matrix.py:372] 
=== Fitted Q-Iteration 79/80 ===
[12-16 11:35:16 MainThread @decentralized_fqi_matrix.py:382] Computing targets for agent 1/6...
[12-16 11:35:16 MainThread @decentralized_fqi_matrix.py:382] Computing targets for agent 2/6...
[12-16 11:35:16 MainThread @decentralized_fqi_matrix.py:382] Computing targets for agent 3/6...
[12-16 11:35:16 MainThread @decentralized_fqi_matrix.py:382] Computing targets for agent 4/6...
[12-16 11:35:16 MainThread @decentralized_fqi_matrix.py:382] Computing targets for agent 5/6...
[12-16 11:35:16 MainThread @decentralized_fqi_matrix.py:382] Computing targets for agent 6/6...
[12-16 11:35:16 MainThread @decentralized_fqi_matrix.py:392] Mean Nash solving time: 0.0000s
[12-16 11:35:16 MainThread @decentralized_fqi_matrix.py:396] Nash cache: 0.0% hit rate (0 hits, 21 misses, 21 cached)
[12-16 11:35:16 MainThread @decentralized_fqi_matrix.py:401] Solving (4) by DIGing decentralized optimization...
[12-16 11:35:24 MainThread @decentralized_fqi_matrix.py:430] Iteration 79 completed: loss=0.7307, td_error=0.7062, consensus_error=0.017755
[12-16 11:35:24 MainThread @decentralized_fqi_matrix.py:577]   [收敛检测] Loss趋势: -0.0154, 波动std: 0.0238
[12-16 11:35:24 MainThread @decentralized_fqi_matrix.py:587] WRN   ⚠ Loss未下降, 检查学习率或数据质量
[12-16 11:35:24 MainThread @decentralized_fqi_matrix.py:372] 
=== Fitted Q-Iteration 80/80 ===
[12-16 11:35:24 MainThread @decentralized_fqi_matrix.py:382] Computing targets for agent 1/6...
[12-16 11:35:24 MainThread @decentralized_fqi_matrix.py:382] Computing targets for agent 2/6...
[12-16 11:35:24 MainThread @decentralized_fqi_matrix.py:382] Computing targets for agent 3/6...
[12-16 11:35:24 MainThread @decentralized_fqi_matrix.py:382] Computing targets for agent 4/6...
[12-16 11:35:24 MainThread @decentralized_fqi_matrix.py:382] Computing targets for agent 5/6...
[12-16 11:35:24 MainThread @decentralized_fqi_matrix.py:382] Computing targets for agent 6/6...
[12-16 11:35:24 MainThread @decentralized_fqi_matrix.py:392] Mean Nash solving time: 0.0000s
[12-16 11:35:24 MainThread @decentralized_fqi_matrix.py:396] Nash cache: 0.0% hit rate (0 hits, 21 misses, 21 cached)
[12-16 11:35:24 MainThread @decentralized_fqi_matrix.py:401] Solving (4) by DIGing decentralized optimization...
[12-16 11:35:32 MainThread @decentralized_fqi_matrix.py:418] Learning rate decayed: 0.000337 -> 0.000335
[12-16 11:35:32 MainThread @decentralized_fqi_matrix.py:430] Iteration 80 completed: loss=0.7301, td_error=0.7193, consensus_error=0.016242
[12-16 11:35:32 MainThread @decentralized_fqi_matrix.py:577]   [收敛检测] Loss趋势: +0.0041, 波动std: 0.0249
[12-16 11:35:32 MainThread @train_matrix.py:331] 
=== Evaluation at Iteration 80 ===
[12-16 11:35:32 MainThread @train_matrix.py:332]   Nash distance: 0.273894
[12-16 11:35:32 MainThread @train_matrix.py:333]   Learned Nash value: -0.4100 (True: -0.0000)
[12-16 11:35:32 MainThread @train_matrix.py:335]   Value error: 0.410020

[12-16 11:35:32 MainThread @decentralized_fqi_matrix.py:630] Models saved to ./matrix_models/train_20251216_112450
[12-16 11:35:32 MainThread @decentralized_fqi_matrix.py:630] Models saved to ./matrix_models/train_20251216_112450
[12-16 11:35:32 MainThread @train_matrix.py:345] 
============================================================
[12-16 11:35:32 MainThread @train_matrix.py:346] Final Evaluation
[12-16 11:35:32 MainThread @train_matrix.py:347] ============================================================
[12-16 11:35:32 MainThread @train_matrix.py:351] True Nash equilibrium:
[12-16 11:35:32 MainThread @train_matrix.py:352]   Team 1: [0.33333333 0.33333333 0.33333333]
[12-16 11:35:32 MainThread @train_matrix.py:353]   Team 2: [0.33333333 0.33333333 0.33333333]
[12-16 11:35:32 MainThread @train_matrix.py:354]   Value: -0.0000
[12-16 11:35:32 MainThread @train_matrix.py:355] 
Final Nash distance: 0.083627
[12-16 11:35:32 MainThread @train_matrix.py:356] Final value error: 0.400899
[12-16 11:35:32 MainThread @train_matrix.py:222] ✓ Convergence curves saved: ./matrix_models/train_20251216_112450/convergence_curves.png
[12-16 11:35:32 MainThread @train_matrix.py:361] 
✓ Training completed!
[12-16 11:35:32 MainThread @train_matrix.py:362] ✓ Models saved to: ./matrix_models/train_20251216_112450
